#include "../include.h"

// format: RLE compressed 8-bit paletted pixel graphics
// compression ratio: 69%
// image width: 320 pixels
// image height: 320 lines
const u32 intro_Off[321] __attribute__ ((aligned(4))) = {
	0,	// line 0, length 6
	6,	// line 1, length 143
	149,	// line 2, length 103
	252,	// line 3, length 66
	318,	// line 4, length 63
	381,	// line 5, length 33
	414,	// line 6, length 44
	458,	// line 7, length 51
	509,	// line 8, length 51
	560,	// line 9, length 44
	604,	// line 10, length 51
	655,	// line 11, length 65
	720,	// line 12, length 43
	763,	// line 13, length 45
	808,	// line 14, length 38
	846,	// line 15, length 51
	897,	// line 16, length 61
	958,	// line 17, length 46
	1004,	// line 18, length 81
	1085,	// line 19, length 142
	1227,	// line 20, length 231
	1458,	// line 21, length 231
	1689,	// line 22, length 160
	1849,	// line 23, length 190
	2039,	// line 24, length 240
	2279,	// line 25, length 275
	2554,	// line 26, length 175
	2729,	// line 27, length 173
	2902,	// line 28, length 248
	3150,	// line 29, length 293
	3443,	// line 30, length 197
	3640,	// line 31, length 175
	3815,	// line 32, length 263
	4078,	// line 33, length 283
	4361,	// line 34, length 217
	4578,	// line 35, length 180
	4758,	// line 36, length 253
	5011,	// line 37, length 281
	5292,	// line 38, length 282
	5574,	// line 39, length 210
	5784,	// line 40, length 220
	6004,	// line 41, length 269
	6273,	// line 42, length 295
	6568,	// line 43, length 251
	6819,	// line 44, length 235
	7054,	// line 45, length 252
	7306,	// line 46, length 276
	7582,	// line 47, length 269
	7851,	// line 48, length 255
	8106,	// line 49, length 220
	8326,	// line 50, length 260
	8586,	// line 51, length 286
	8872,	// line 52, length 257
	9129,	// line 53, length 242
	9371,	// line 54, length 250
	9621,	// line 55, length 279
	9900,	// line 56, length 284
	10184,	// line 57, length 256
	10440,	// line 58, length 255
	10695,	// line 59, length 287
	10982,	// line 60, length 302
	11284,	// line 61, length 273
	11557,	// line 62, length 215
	11772,	// line 63, length 252
	12024,	// line 64, length 272
	12296,	// line 65, length 284
	12580,	// line 66, length 237
	12817,	// line 67, length 231
	13048,	// line 68, length 256
	13304,	// line 69, length 294
	13598,	// line 70, length 210
	13808,	// line 71, length 190
	13998,	// line 72, length 235
	14233,	// line 73, length 293
	14526,	// line 74, length 266
	14792,	// line 75, length 231
	15023,	// line 76, length 232
	15255,	// line 77, length 269
	15524,	// line 78, length 306
	15830,	// line 79, length 270
	16100,	// line 80, length 231
	16331,	// line 81, length 228
	16559,	// line 82, length 219
	16778,	// line 83, length 259
	17037,	// line 84, length 248
	17285,	// line 85, length 240
	17525,	// line 86, length 238
	17763,	// line 87, length 266
	18029,	// line 88, length 269
	18298,	// line 89, length 271
	18569,	// line 90, length 272
	18841,	// line 91, length 250
	19091,	// line 92, length 275
	19366,	// line 93, length 288
	19654,	// line 94, length 281
	19935,	// line 95, length 262
	20197,	// line 96, length 269
	20466,	// line 97, length 279
	20745,	// line 98, length 277
	21022,	// line 99, length 279
	21301,	// line 100, length 275
	21576,	// line 101, length 277
	21853,	// line 102, length 285
	22138,	// line 103, length 282
	22420,	// line 104, length 278
	22698,	// line 105, length 256
	22954,	// line 106, length 239
	23193,	// line 107, length 264
	23457,	// line 108, length 259
	23716,	// line 109, length 283
	23999,	// line 110, length 243
	24242,	// line 111, length 230
	24472,	// line 112, length 227
	24699,	// line 113, length 233
	24932,	// line 114, length 191
	25123,	// line 115, length 163
	25286,	// line 116, length 226
	25512,	// line 117, length 259
	25771,	// line 118, length 248
	26019,	// line 119, length 227
	26246,	// line 120, length 262
	26508,	// line 121, length 308
	26816,	// line 122, length 309
	27125,	// line 123, length 210
	27335,	// line 124, length 224
	27559,	// line 125, length 290
	27849,	// line 126, length 311
	28160,	// line 127, length 246
	28406,	// line 128, length 219
	28625,	// line 129, length 263
	28888,	// line 130, length 307
	29195,	// line 131, length 289
	29484,	// line 132, length 211
	29695,	// line 133, length 218
	29913,	// line 134, length 283
	30196,	// line 135, length 303
	30499,	// line 136, length 258
	30757,	// line 137, length 212
	30969,	// line 138, length 243
	31212,	// line 139, length 299
	31511,	// line 140, length 302
	31813,	// line 141, length 229
	32042,	// line 142, length 222
	32264,	// line 143, length 301
	32565,	// line 144, length 300
	32865,	// line 145, length 266
	33131,	// line 146, length 214
	33345,	// line 147, length 264
	33609,	// line 148, length 297
	33906,	// line 149, length 312
	34218,	// line 150, length 195
	34413,	// line 151, length 223
	34636,	// line 152, length 301
	34937,	// line 153, length 308
	35245,	// line 154, length 250
	35495,	// line 155, length 262
	35757,	// line 156, length 308
	36065,	// line 157, length 308
	36373,	// line 158, length 230
	36603,	// line 159, length 244
	36847,	// line 160, length 305
	37152,	// line 161, length 313
	37465,	// line 162, length 257
	37722,	// line 163, length 256
	37978,	// line 164, length 306
	38284,	// line 165, length 301
	38585,	// line 166, length 264
	38849,	// line 167, length 217
	39066,	// line 168, length 275
	39341,	// line 169, length 301
	39642,	// line 170, length 299
	39941,	// line 171, length 211
	40152,	// line 172, length 200
	40352,	// line 173, length 302
	40654,	// line 174, length 303
	40957,	// line 175, length 259
	41216,	// line 176, length 217
	41433,	// line 177, length 246
	41679,	// line 178, length 292
	41971,	// line 179, length 297
	42268,	// line 180, length 173
	42441,	// line 181, length 186
	42627,	// line 182, length 294
	42921,	// line 183, length 282
	43203,	// line 184, length 170
	43373,	// line 185, length 175
	43548,	// line 186, length 251
	43799,	// line 187, length 299
	44098,	// line 188, length 288
	44386,	// line 189, length 188
	44574,	// line 190, length 223
	44797,	// line 191, length 308
	45105,	// line 192, length 307
	45412,	// line 193, length 230
	45642,	// line 194, length 187
	45829,	// line 195, length 280
	46109,	// line 196, length 313
	46422,	// line 197, length 258
	46680,	// line 198, length 205
	46885,	// line 199, length 239
	47124,	// line 200, length 299
	47423,	// line 201, length 295
	47718,	// line 202, length 245
	47963,	// line 203, length 216
	48179,	// line 204, length 271
	48450,	// line 205, length 299
	48749,	// line 206, length 278
	49027,	// line 207, length 198
	49225,	// line 208, length 233
	49458,	// line 209, length 288
	49746,	// line 210, length 299
	50045,	// line 211, length 281
	50326,	// line 212, length 226
	50552,	// line 213, length 271
	50823,	// line 214, length 288
	51111,	// line 215, length 273
	51384,	// line 216, length 241
	51625,	// line 217, length 191
	51816,	// line 218, length 261
	52077,	// line 219, length 305
	52382,	// line 220, length 283
	52665,	// line 221, length 217
	52882,	// line 222, length 193
	53075,	// line 223, length 275
	53350,	// line 224, length 281
	53631,	// line 225, length 246
	53877,	// line 226, length 188
	54065,	// line 227, length 242
	54307,	// line 228, length 296
	54603,	// line 229, length 257
	54860,	// line 230, length 190
	55050,	// line 231, length 175
	55225,	// line 232, length 237
	55462,	// line 233, length 285
	55747,	// line 234, length 248
	55995,	// line 235, length 215
	56210,	// line 236, length 200
	56410,	// line 237, length 257
	56667,	// line 238, length 267
	56934,	// line 239, length 247
	57181,	// line 240, length 220
	57401,	// line 241, length 218
	57619,	// line 242, length 234
	57853,	// line 243, length 253
	58106,	// line 244, length 225
	58331,	// line 245, length 212
	58543,	// line 246, length 234
	58777,	// line 247, length 243
	59020,	// line 248, length 263
	59283,	// line 249, length 238
	59521,	// line 250, length 223
	59744,	// line 251, length 270
	60014,	// line 252, length 262
	60276,	// line 253, length 225
	60501,	// line 254, length 224
	60725,	// line 255, length 217
	60942,	// line 256, length 256
	61198,	// line 257, length 265
	61463,	// line 258, length 261
	61724,	// line 259, length 228
	61952,	// line 260, length 249
	62201,	// line 261, length 271
	62472,	// line 262, length 231
	62703,	// line 263, length 253
	62956,	// line 264, length 206
	63162,	// line 265, length 240
	63402,	// line 266, length 267
	63669,	// line 267, length 255
	63924,	// line 268, length 234
	64158,	// line 269, length 198
	64356,	// line 270, length 215
	64571,	// line 271, length 216
	64787,	// line 272, length 212
	64999,	// line 273, length 171
	65170,	// line 274, length 188
	65358,	// line 275, length 215
	65573,	// line 276, length 192
	65765,	// line 277, length 221
	65986,	// line 278, length 210
	66196,	// line 279, length 224
	66420,	// line 280, length 230
	66650,	// line 281, length 211
	66861,	// line 282, length 154
	67015,	// line 283, length 39
	67054,	// line 284, length 37
	67091,	// line 285, length 45
	67136,	// line 286, length 77
	67213,	// line 287, length 43
	67256,	// line 288, length 40
	67296,	// line 289, length 46
	67342,	// line 290, length 39
	67381,	// line 291, length 131
	67512,	// line 292, length 121
	67633,	// line 293, length 126
	67759,	// line 294, length 127
	67886,	// line 295, length 130
	68016,	// line 296, length 105
	68121,	// line 297, length 40
	68161,	// line 298, length 30
	68191,	// line 299, length 42
	68233,	// line 300, length 48
	68281,	// line 301, length 53
	68334,	// line 302, length 51
	68385,	// line 303, length 49
	68434,	// line 304, length 47
	68481,	// line 305, length 59
	68540,	// line 306, length 74
	68614,	// line 307, length 86
	68700,	// line 308, length 113
	68813,	// line 309, length 94
	68907,	// line 310, length 108
	69015,	// line 311, length 92
	69107,	// line 312, length 102
	69209,	// line 313, length 165
	69374,	// line 314, length 139
	69513,	// line 315, length 118
	69631,	// line 316, length 194
	69825,	// line 317, length 174
	69999,	// line 318, length 239
	70238,	// line 319, length 6
	70244,	// end of last line
};

const u16 intro_Pal[256] __attribute__ ((aligned(4))) = {
	0x0020, 0x0820, 0x0040, 0x0840, 0x0061, 0x0861, 0x0021, 0x1040, 0x1860, 0x1040, 0x0080, 0x0081, 0x0881, 0x08C0, 0x1081, 0x18A0, 
	0x00A2, 0x00C2, 0x08E3, 0x10A2, 0x10C2, 0x18E3, 0x18C2, 0x0862, 0x2060, 0x28A1, 0x30A1, 0x30A1, 0x0921, 0x1121, 0x0903, 0x1903, 
	0x1142, 0x11A2, 0x0981, 0x2121, 0x2122, 0x3142, 0x39A3, 0x2962, 0x0944, 0x1165, 0x11A5, 0x09A6, 0x11C6, 0x0985, 0x2144, 0x2144, 
	0x31C6, 0x29A5, 0x40C1, 0x40E2, 0x50C1, 0x68E1, 0x4922, 0x5922, 0x41C3, 0x51A3, 0x4921, 0x6142, 0x7142, 0x69A3, 0x71A3, 0x7141, 
	0x69C4, 0x1A23, 0x1AA3, 0x2A43, 0x1A07, 0x1A64, 0x22C4, 0x2A45, 0x2325, 0x3386, 0x2383, 0x4A23, 0x5243, 0x6A23, 0x4A44, 0x5244, 
	0x5AA4, 0x4A85, 0x62C4, 0x7264, 0x5365, 0x6B25, 0x7345, 0x7BA6, 0x7385, 0x1A48, 0x1A89, 0x1ACA, 0x1249, 0x22A9, 0x22CA, 0x2A69, 
	0x232B, 0x2B89, 0x1B4D, 0x234C, 0x2BAD, 0x2BCE, 0x33AE, 0x1B0B, 0x4A8A, 0x738E, 0x5B4B, 0x11C8, 0x8142, 0x81A2, 0x91C2, 0x9182, 
	0xA982, 0x89C4, 0x9122, 0xC982, 0xE1C1, 0x9A02, 0x9243, 0xA222, 0xBAA2, 0xAA42, 0x9285, 0xAA84, 0x83C6, 0x8B65, 0xAB65, 0xAB43, 
	0xCA82, 0xE262, 0xCB23, 0xD343, 0xDB83, 0xE3C3, 0xEB42, 0xCBA4, 0xE3C4, 0xCA84, 0x938A, 0xA3AA, 0xC3CB, 0x3446, 0x3CA7, 0x2C45, 
	0x3566, 0x4C66, 0x7446, 0x5567, 0x3E66, 0x2E83, 0x3C89, 0x2C2F, 0x342F, 0x3D4A, 0x4D69, 0x5CAB, 0x4E69, 0x6E8A, 0x4688, 0x8C26, 
	0x9446, 0x9CA7, 0x8C66, 0xA4C7, 0xAC66, 0xB546, 0x9566, 0xEC03, 0xF423, 0xF443, 0xECA3, 0xEC24, 0xF444, 0xECA5, 0xCDA6, 0xDCA5, 
	0xAE86, 0xD666, 0xEEC6, 0xD725, 0xE724, 0xAC89, 0xB568, 0xB48D, 0x9CEB, 0xCDA9, 0xCD4E, 0xE50B, 0xDE29, 0xE689, 0xEEEB, 0xA66B, 
	0x23D0, 0x2C50, 0x3450, 0x34B1, 0x2CD2, 0x34D2, 0x2C91, 0x3D33, 0x2D52, 0x24D5, 0x3554, 0x2D95, 0x1C73, 0x74B1, 0x4532, 0x4595, 
	0x54F2, 0x3657, 0x2EF6, 0x5676, 0x3699, 0x373B, 0x2F5C, 0x273C, 0x4F5A, 0x475C, 0x56DA, 0x2DD8, 0x8C91, 0x8D95, 0xA554, 0xBDD7, 
	0xADB5, 0xA512, 0xCDB1, 0xCDD2, 0xCDB1, 0xDDF2, 0x9E75, 0xD613, 0xD675, 0xEEB5, 0xEEB4, 0xAEB9, 0xAF3B, 0xAFBC, 0xB7BC, 0xB7BD, 
	0xB77C, 0x9EB9, 0xCE58, 0xDEDB, 0xCEB9, 0xFFBB, 0xEF59, 0xDFDE, 0xCFBD, 0xE75C, 0xFFDD, 0xEFDE, 0xF7FE, 0xFFFE, 0xEFBD, 0xDF1A, 
};

const u8 intro[70244] __attribute__ ((aligned(4))) = {
	0xFF, 0x05, 0xFF, 0x05, 0xB9, 0x05, 0x01, 0x05, 0x0E, 0x89, 0x0C, 0x00, 0x05, 0x80, 0x0C, 0x80, 
	0x05, 0x80, 0x0C, 0x06, 0x05, 0x0C, 0x0C, 0x05, 0x0C, 0x0C, 0x05, 0x87, 0x0C, 0x00, 0x05, 0x83, 
	0x0C, 0x01, 0x05, 0x05, 0x87, 0x0C, 0x00, 0x05, 0x84, 0x0C, 0x00, 0x05, 0x80, 0x0C, 0x00, 0x05, 
	0x83, 0x0C, 0x01, 0x0E, 0x0E, 0x84, 0x13, 0x84, 0x14, 0x00, 0x13, 0x85, 0x14, 0x00, 0x16, 0x80, 
	0x14, 0x81, 0x16, 0x02, 0x15, 0x15, 0x16, 0x89, 0x15, 0x83, 0x16, 0x00, 0x15, 0x89, 0x16, 0x00, 
	0x14, 0x80, 0x16, 0x01, 0x15, 0x15, 0x85, 0x16, 0x80, 0x15, 0x02, 0x16, 0x15, 0x16, 0x86, 0x15, 
	0x80, 0x16, 0x81, 0x15, 0x03, 0x16, 0x16, 0x14, 0x14, 0x81, 0x16, 0x00, 0x15, 0x80, 0x16, 0x88, 
	0x15, 0x80, 0x16, 0x81, 0x15, 0x02, 0x16, 0x15, 0x15, 0x83, 0x16, 0x8B, 0x14, 0x85, 0x13, 0x01, 
	0x0E, 0x0E, 0x8B, 0x0C, 0x00, 0x05, 0x82, 0x0C, 0x03, 0x05, 0x0C, 0x0C, 0x05, 0x94, 0x0C, 0x00, 
	0x05, 0x97, 0x0C, 0x00, 0x05, 0x04, 0x05, 0x0E, 0x0C, 0x0E, 0x0E, 0x88, 0x0C, 0x05, 0x05, 0x0C, 
	0x05, 0x05, 0x0C, 0x0E, 0x81, 0x0C, 0x00, 0x0E, 0x8E, 0x0C, 0x00, 0x0E, 0x82, 0x13, 0x84, 0x14, 
	0x0B, 0x16, 0x16, 0x14, 0x14, 0x16, 0x15, 0x15, 0x16, 0x16, 0x15, 0x16, 0x16, 0x80, 0x15, 0x81, 
	0x16, 0x85, 0x15, 0x01, 0x16, 0x16, 0x82, 0x14, 0x86, 0x13, 0x80, 0x17, 0x80, 0x0C, 0xEB, 0x05, 
	0x06, 0x0C, 0x0C, 0x17, 0x0C, 0x17, 0x13, 0x17, 0x84, 0x13, 0x84, 0x14, 0x01, 0x16, 0x16, 0x8C, 
	0x15, 0x00, 0x16, 0x81, 0x15, 0x85, 0x16, 0x80, 0x14, 0x01, 0x13, 0x14, 0x81, 0x13, 0x80, 0x0E, 
	0x80, 0x0C, 0x00, 0x05, 0x8A, 0x0C, 0x00, 0x0E, 0x93, 0x0C, 0x00, 0x05, 0x00, 0x05, 0x83, 0x0E, 
	0x81, 0x0C, 0x03, 0x0E, 0x0C, 0x0C, 0x0E, 0x82, 0x0C, 0x80, 0x13, 0x83, 0x14, 0x02, 0x16, 0x14, 
	0x14, 0x81, 0x16, 0x00, 0x14, 0x80, 0x16, 0x83, 0x14, 0x85, 0x13, 0x80, 0x17, 0x01, 0x0C, 0x0C, 
	0xFF, 0x05, 0xC7, 0x05, 0x80, 0x0C, 0x00, 0x17, 0x86, 0x13, 0x85, 0x14, 0x82, 0x16, 0x03, 0x15, 
	0x15, 0x16, 0x16, 0x82, 0x14, 0x01, 0x13, 0x13, 0x80, 0x0E, 0x8D, 0x0C, 0x00, 0x05, 0x00, 0x05, 
	0x84, 0x0E, 0x03, 0x14, 0x14, 0x15, 0x15, 0x84, 0x1F, 0x02, 0x15, 0x15, 0x16, 0x80, 0x14, 0x81, 
	0x13, 0x01, 0x0C, 0x0C, 0xEA, 0x05, 0x87, 0x06, 0x88, 0x00, 0x00, 0x06, 0x80, 0x00, 0x00, 0x06, 
	0x81, 0x00, 0x88, 0x06, 0xE9, 0x05, 0x80, 0x0C, 0x80, 0x13, 0x80, 0x14, 0x01, 0x15, 0x15, 0x86, 
	0x1F, 0x02, 0x15, 0x14, 0x14, 0x80, 0x0C, 0x04, 0x0E, 0x17, 0x0C, 0x0C, 0x05, 0x00, 0x05, 0x83, 
	0x0E, 0x03, 0x14, 0x15, 0x13, 0x0C, 0xD3, 0x05, 0x80, 0x06, 0x00, 0x05, 0x83, 0x06, 0xE9, 0x00, 
	0x82, 0x06, 0xD5, 0x05, 0x04, 0x0C, 0x13, 0x13, 0x15, 0x16, 0x83, 0x0E, 0x00, 0x05, 0x09, 0x05, 
	0x0E, 0x0C, 0x0E, 0x0E, 0x0C, 0x14, 0x1F, 0x13, 0x0C, 0xBB, 0x05, 0x02, 0x06, 0x05, 0x05, 0x80, 
	0x06, 0x01, 0x00, 0x06, 0xFF, 0x00, 0x9D, 0x00, 0x82, 0x06, 0x01, 0x05, 0x06, 0xBA, 0x05, 0x03, 
	0x0E, 0x13, 0x1F, 0x14, 0x80, 0x0C, 0x02, 0x0E, 0x0C, 0x05, 0x00, 0x05, 0x82, 0x0C, 0x00, 0x16, 
	0x80, 0x13, 0x00, 0x0C, 0xA6, 0x05, 0x83, 0x06, 0xBE, 0x00, 0x02, 0x02, 0x00, 0x00, 0x80, 0x02, 
	0x00, 0x00, 0xB6, 0x02, 0x00, 0x00, 0x85, 0x02, 0xC0, 0x00, 0x80, 0x06, 0x02, 0x05, 0x05, 0x06, 
	0xA5, 0x05, 0x05, 0x0E, 0x0E, 0x13, 0x13, 0x15, 0x0E, 0x81, 0x0C, 0x00, 0x05, 0x01, 0x05, 0x0E, 
	0x82, 0x0C, 0x80, 0x13, 0x01, 0x0E, 0x0C, 0x99, 0x05, 0x01, 0x06, 0x06, 0xAD, 0x00, 0x80, 0x02, 
	0x00, 0x00, 0x85, 0x02, 0x00, 0x06, 0x80, 0x02, 0x03, 0x06, 0x02, 0x02, 0x06, 0xF5, 0x02, 0xAC, 
	0x00, 0x01, 0x06, 0x06, 0x9A, 0x05, 0x00, 0x0E, 0x82, 0x13, 0x00, 0x0E, 0x81, 0x0C, 0x00, 0x05, 
	0x00, 0x05, 0x80, 0x0E, 0x03, 0x0C, 0x0E, 0x0C, 0x0C, 0x81, 0x13, 0x00, 0x0C, 0x8B, 0x05, 0x02, 
	0x06, 0x05, 0x06, 0xA7, 0x00, 0xFF, 0x02, 0xAD, 0x02, 0xA6, 0x00, 0x01, 0x06, 0x06, 0x8B, 0x05, 
	0x00, 0x0C, 0x81, 0x13, 0x02, 0x0C, 0x0C, 0x0E, 0x81, 0x0C, 0x00, 0x05, 0x08, 0x05, 0x0E, 0x0E, 
	0x0C, 0x0C, 0x13, 0x0C, 0x05, 0x0C, 0x81, 0x13, 0x82, 0x05, 0x01, 0x06, 0x06, 0xA1, 0x00, 0xC6, 
	0x02, 0x00, 0x06, 0xBC, 0x02, 0x00, 0x04, 0x80, 0x02, 0x00, 0x06, 0xBE, 0x02, 0xA3, 0x00, 0x00, 
	0x06, 0x82, 0x05, 0x81, 0x13, 0x03, 0x0E, 0x05, 0x13, 0x13, 0x80, 0x0C, 0x01, 0x0E, 0x05, 0x01, 
	0x05, 0x0E, 0x80, 0x0C, 0x03, 0x13, 0x13, 0x05, 0x05, 0x81, 0x13, 0x02, 0x0E, 0x05, 0x05, 0x9A, 
	0x00, 0xA3, 0x02, 0x00, 0x06, 0x8F, 0x02, 0x00, 0x06, 0xAE, 0x02, 0x00, 0x06, 0xA3, 0x02, 0x03, 
	0x06, 0x02, 0x06, 0x06, 0x80, 0x02, 0x00, 0x06, 0x81, 0x02, 0x01, 0x06, 0x06, 0xC3, 0x02, 0x9A, 
	0x00, 0x02, 0x05, 0x05, 0x0E, 0x81, 0x13, 0x03, 0x05, 0x05, 0x0C, 0x13, 0x81, 0x0C, 0x00, 0x05, 
	0x06, 0x05, 0x0E, 0x0E, 0x0C, 0x0C, 0x13, 0x0C, 0x80, 0x05, 0x81, 0x13, 0x00, 0x06, 0x90, 0x00, 
	0xBF, 0x02, 0x00, 0x06, 0x93, 0x02, 0x00, 0x06, 0xCC, 0x02, 0x00, 0x06, 0xCD, 0x02, 0x93, 0x00, 
	0x81, 0x13, 0x80, 0x05, 0x01, 0x0C, 0x13, 0x81, 0x0C, 0x00, 0x05, 0x06, 0x05, 0x0E, 0x0E, 0x0C, 
	0x0C, 0x13, 0x0C, 0x80, 0x05, 0x03, 0x0C, 0x13, 0x13, 0x05, 0x8A, 0x00, 0x00, 0x02, 0x80, 0x00, 
	0xFF, 0x02, 0xF7, 0x02, 0x00, 0x00, 0x88, 0x02, 0x88, 0x00, 0x03, 0x05, 0x13, 0x13, 0x0C, 0x80, 
	0x05, 0x01, 0x0C, 0x13, 0x81, 0x0C, 0x00, 0x05, 0x05, 0x05, 0x0E, 0x0E, 0x0C, 0x0C, 0x14, 0x82, 
	0x05, 0x01, 0x0E, 0x13, 0x84, 0x00, 0x83, 0x02, 0x00, 0x00, 0xFF, 0x02, 0xFF, 0x02, 0x8A, 0x02, 
	0x84, 0x00, 0x01, 0x0C, 0x0C, 0x82, 0x05, 0x00, 0x14, 0x80, 0x0C, 0x01, 0x0E, 0x05, 0x05, 0x05, 
	0x0E, 0x0E, 0x0C, 0x0C, 0x14, 0x83, 0x05, 0x00, 0x06, 0x82, 0x00, 0x8F, 0x02, 0x00, 0x00, 0xEF, 
	0x02, 0x00, 0x06, 0x8F, 0x02, 0x00, 0x06, 0x83, 0x02, 0x00, 0x06, 0x84, 0x02, 0x00, 0x06, 0xEB, 
	0x02, 0x00, 0x00, 0x82, 0x02, 0x82, 0x00, 0x00, 0x06, 0x83, 0x05, 0x00, 0x14, 0x81, 0x0C, 0x00, 
	0x05, 0x05, 0x05, 0x0E, 0x0E, 0x0C, 0x0C, 0x14, 0x83, 0x05, 0x82, 0x00, 0xFF, 0x02, 0x85, 0x02, 
	0x01, 0x04, 0x04, 0x82, 0x02, 0x01, 0x06, 0x06, 0x8D, 0x02, 0x01, 0x06, 0x06, 0x80, 0x02, 0x01, 
	0x06, 0x06, 0x86, 0x02, 0x02, 0x06, 0x02, 0x06, 0xCC, 0x02, 0x01, 0x00, 0x00, 0x83, 0x02, 0x00, 
	0x00, 0x8C, 0x02, 0x83, 0x00, 0x83, 0x05, 0x00, 0x14, 0x80, 0x0C, 0x01, 0x0E, 0x05, 0x05, 0x05, 
	0x0E, 0x0E, 0x0C, 0x0C, 0x16, 0x83, 0x05, 0x81, 0x00, 0x83, 0x02, 0x00, 0x00, 0xD5, 0x02, 0x01, 
	0x06, 0x02, 0x81, 0x06, 0xA1, 0x02, 0x01, 0x06, 0x06, 0x8B, 0x02, 0x00, 0x06, 0xFF, 0x02, 0x81, 
	0x02, 0x81, 0x00, 0x83, 0x05, 0x00, 0x14, 0x80, 0x0C, 0x01, 0x0E, 0x05, 0x05, 0x05, 0x0E, 0x0E, 
	0x0C, 0x0C, 0x14, 0x83, 0x05, 0x81, 0x00, 0x83, 0x02, 0x06, 0x00, 0x00, 0x02, 0x02, 0x00, 0x02, 
	0x00, 0xF4, 0x02, 0x00, 0x06, 0x80, 0x02, 0x03, 0x06, 0x02, 0x02, 0x06, 0x85, 0x02, 0x00, 0x06, 
	0x80, 0x02, 0x00, 0x06, 0x8B, 0x02, 0x80, 0x06, 0x85, 0x02, 0x00, 0x06, 0xC6, 0x02, 0x01, 0x06, 
	0x06, 0x88, 0x02, 0x00, 0x00, 0x89, 0x02, 0x01, 0x00, 0x00, 0x80, 0x02, 0x00, 0x00, 0x81, 0x02, 
	0x81, 0x00, 0x00, 0x06, 0x82, 0x05, 0x05, 0x14, 0x0C, 0x05, 0x0C, 0x0C, 0x05, 0x01, 0x05, 0x0E, 
	0x80, 0x0C, 0x00, 0x14, 0x83, 0x05, 0x81, 0x00, 0xBF, 0x02, 0x00, 0x06, 0x9B, 0x02, 0x60, 0x0B, 
	0x06, 0x0B, 0x0B, 0x02, 0x12, 0x02, 0x0B, 0x1E, 0x02, 0x1E, 0x1E, 0x06, 0x2C, 0x10, 0x12, 0x44, 
	0x06, 0x2A, 0x29, 0x02, 0x45, 0x1C, 0x0D, 0x41, 0x06, 0x21, 0x21, 0x06, 0x41, 0x1C, 0x0D, 0x41, 
	0x02, 0x21, 0x21, 0x02, 0x41, 0x1C, 0x0D, 0x42, 0x06, 0x21, 0x41, 0x02, 0x41, 0x1C, 0x0D, 0x42, 
	0x04, 0x21, 0x41, 0x06, 0x41, 0x21, 0x0A, 0x46, 0x04, 0x21, 0x41, 0x06, 0x41, 0x21, 0x02, 0x47, 
	0x04, 0x27, 0x51, 0x02, 0x4E, 0x26, 0x02, 0x51, 0x16, 0x1D, 0x4E, 0x02, 0x26, 0x27, 0x02, 0x26, 
	0x0F, 0x0C, 0x27, 0x02, 0x0F, 0x0F, 0x02, 0x0F, 0x03, 0x02, 0x0F, 0x02, 0x03, 0x03, 0x06, 0x03, 
	0xA1, 0x02, 0x00, 0x06, 0x81, 0x02, 0x00, 0x06, 0x8D, 0x02, 0x00, 0x06, 0xA0, 0x02, 0x81, 0x00, 
	0x00, 0x06, 0x82, 0x05, 0x00, 0x14, 0x80, 0x0C, 0x01, 0x0E, 0x05, 0x01, 0x05, 0x0E, 0x80, 0x0C, 
	0x01, 0x16, 0x04, 0x81, 0x05, 0x00, 0x06, 0x80, 0x00, 0xB2, 0x02, 0x7F, 0x04, 0x02, 0x0B, 0x12, 
	0x02, 0x2D, 0x12, 0x0B, 0x59, 0x02, 0x59, 0x59, 0x02, 0x63, 0x1E, 0x2C, 0x63, 0x02, 0x63, 0x5A, 
	0x10, 0xC2, 0x04, 0x63, 0x65, 0x02, 0xC2, 0x5B, 0x59, 0xC3, 0x02, 0x64, 0x65, 0x02, 0xC5, 0x2C, 
	0x59, 0xC5, 0x02, 0x97, 0x65, 0x02, 0xC7, 0x44, 0x59, 0xC7, 0x02, 0x98, 0x65, 0x02, 0xC7, 0x2D, 
	0x5D, 0xC7, 0x04, 0x97, 0x97, 0x02, 0xC7, 0x44, 0x5A, 0xC7, 0x02, 0x61, 0x61, 0x02, 0x96, 0x45, 
	0x21, 0x8D, 0x02, 0x48, 0x48, 0x02, 0x8F, 0x41, 0x1C, 0x8D, 0x02, 0x46, 0x48, 0x02, 0x49, 0x41, 
	0x22, 0x8F, 0x02, 0x46, 0x48, 0x02, 0x49, 0x41, 0x1C, 0x8F, 0x0D, 0x42, 0x48, 0x02, 0x49, 0x46, 
	0x0D, 0x8F, 0x0A, 0x46, 0x49, 0x04, 0x49, 0x46, 0x0A, 0x91, 0x0D, 0x50, 0xA2, 0x02, 0x9F, 0x57, 
	0x02, 0xB6, 0x4B, 0x4B, 0xB6, 0x02, 0xA0, 0x9F, 0x03, 0xB6, 0x4E, 0x38, 0x3D, 0xB9, 0x02, 0xA1, 
	0xB5, 0x06, 0xB9, 0x52, 0x4E, 0xBC, 0x03, 0xA0, 0xA1, 0x02, 0xB6, 0x55, 0x4E, 0xB6, 0x02, 0x7C, 
	0xA0, 0x02, 0xB5, 0x50, 0x23, 0xB6, 0x00, 0x56, 0x7C, 0x02, 0xA0, 0x4B, 0x26, 0x7C, 0x02, 0x52, 
	0x52, 0x03, 0x7D, 0x23, 0x38, 0x56, 0x06, 0x4D, 0x39, 0x02, 0x53, 0x07, 0x25, 0x38, 0x06, 0x25, 
	0x19, 0x07, 0x19, 0x06, 0x07, 0x07, 0x02, 0x03, 0x02, 0x02, 0x06, 0x9B, 0x02, 0x00, 0x00, 0x85, 
	0x02, 0x80, 0x00, 0x82, 0x02, 0x80, 0x00, 0x00, 0x06, 0x82, 0x05, 0x05, 0x14, 0x0C, 0x0C, 0x0E, 
	0x0E, 0x05, 0x05, 0x05, 0x0C, 0x0C, 0x0E, 0x0C, 0x16, 0x82, 0x05, 0x00, 0x06, 0x80, 0x00, 0x86, 
	0x02, 0x02, 0x00, 0x02, 0x00, 0x83, 0x02, 0x00, 0x00, 0x84, 0x02, 0x00, 0x00, 0x80, 0x02, 0x51, 
	0x28, 0x02, 0x2D, 0x28, 0x02, 0x5A, 0x0B, 0x2C, 0x5A, 0x02, 0x63, 0x28, 0x2C, 0x63, 0x02, 0x64, 
	0x59, 0x2B, 0xC1, 0x02, 0x65, 0x64, 0x0B, 0xC5, 0x12, 0x5B, 0xC1, 0x02, 0xC6, 0x5B, 0x28, 0xC5, 
	0x02, 0x65, 0x64, 0x02, 0xC5, 0x28, 0x5A, 0x97, 0x02, 0x97, 0x5E, 0x11, 0xC2, 0x04, 0x5B, 0x63, 
	0x02, 0x63, 0x59, 0x2A, 0x63, 0x02, 0x59, 0x59, 0x02, 0x5B, 0x1E, 0x1E, 0x59, 0x02, 0x2B, 0x2D, 
	0x02, 0x2B, 0x10, 0x10, 0x2A, 0x02, 0x1E, 0x12, 0x02, 0x1E, 0x02, 0x04, 0x12, 0x02, 0x0B, 0x0B, 
	0x02, 0x0A, 0xBF, 0x02, 0x5C, 0x00, 0x02, 0x02, 0x03, 0x02, 0x03, 0x03, 0x02, 0x0F, 0x0C, 0x0C, 
	0x26, 0x02, 0x27, 0x26, 0x02, 0x4B, 0x23, 0x0F, 0x38, 0x02, 0x26, 0x4B, 0x02, 0x50, 0x27, 0x0F, 
	0x55, 0x00, 0x4F, 0x50, 0x02, 0x56, 0x26, 0x23, 0x7C, 0x06, 0x52, 0x52, 0x03, 0x7D, 0x23, 0x38, 
	0x7D, 0x03, 0x7D, 0x53, 0x03, 0x7E, 0x19, 0x4D, 0x7A, 0x06, 0x7D, 0x4D, 0x38, 0x7E, 0x03, 0x53, 
	0x7A, 0x01, 0x7E, 0x19, 0x39, 0x7A, 0x02, 0x4D, 0x37, 0x1A, 0x71, 0x00, 0x02, 0x3B, 0x37, 0x06, 
	0x3B, 0x19, 0x19, 0x37, 0x02, 0x33, 0x1A, 0x03, 0x1A, 0x03, 0x07, 0x07, 0x00, 0x01, 0x02, 0x02, 
	0x00, 0x02, 0x80, 0x00, 0x80, 0x02, 0x00, 0x00, 0x80, 0x02, 0x81, 0x00, 0x82, 0x02, 0x81, 0x00, 
	0x82, 0x05, 0x05, 0x14, 0x0C, 0x0C, 0x0E, 0x0E, 0x05, 0x01, 0x05, 0x0E, 0x80, 0x0C, 0x00, 0x16, 
	0x82, 0x05, 0x81, 0x00, 0x86, 0x02, 0x31, 0x10, 0x12, 0x02, 0x2C, 0x04, 0x2B, 0x5A, 0x02, 0x63, 
	0x28, 0x2C, 0x63, 0x02, 0x65, 0x2C, 0x2C, 0xC1, 0x02, 0x65, 0x5B, 0x11, 0xC3, 0x02, 0x64, 0x5B, 
	0x02, 0xC1, 0x11, 0x5B, 0x63, 0x02, 0x64, 0x28, 0x2B, 0x5B, 0x02, 0x5A, 0x2D, 0x28, 0x5A, 0x02, 
	0x2B, 0x28, 0x02, 0x28, 0x02, 0x0B, 0x10, 0x02, 0x04, 0x8A, 0x02, 0x00, 0x06, 0x8E, 0x02, 0x00, 
	0x06, 0x80, 0x02, 0x04, 0x06, 0x02, 0x04, 0x02, 0x06, 0xD4, 0x02, 0x01, 0x06, 0x06, 0x8D, 0x02, 
	0x00, 0x00, 0x97, 0x02, 0x36, 0x03, 0x03, 0x02, 0x08, 0x02, 0x08, 0x0F, 0x02, 0x36, 0x03, 0x19, 
	0x36, 0x02, 0x36, 0x25, 0x19, 0x40, 0x00, 0x02, 0x3B, 0x37, 0x02, 0x3E, 0x1A, 0x1A, 0x71, 0x01, 
	0x6D, 0x3B, 0x19, 0x7B, 0x08, 0x3B, 0x3E, 0x01, 0x71, 0x1B, 0x34, 0x3E, 0x01, 0x3E, 0x1B, 0x1B, 
	0x3B, 0x01, 0x3B, 0x1B, 0x08, 0x33, 0x00, 0x1B, 0x08, 0x00, 0x08, 0x00, 0x81, 0x02, 0x81, 0x00, 
	0x82, 0x05, 0x05, 0x16, 0x0E, 0x0C, 0x0E, 0x0E, 0x05, 0x05, 0x05, 0x0E, 0x0C, 0x0E, 0x0C, 0x16, 
	0x82, 0x05, 0x81, 0x00, 0x1E, 0x02, 0x02, 0x00, 0x00, 0x63, 0x64, 0x04, 0xC5, 0x11, 0x63, 0x65, 
	0x02, 0xC2, 0x12, 0x5A, 0x64, 0x02, 0x63, 0x28, 0x2C, 0x5B, 0x02, 0x5A, 0x28, 0x12, 0x2C, 0x02, 
	0x28, 0x10, 0x02, 0x0B, 0xAA, 0x02, 0x00, 0x00, 0x81, 0x02, 0x01, 0x06, 0x04, 0x83, 0x02, 0x01, 
	0x06, 0x06, 0x81, 0x02, 0x00, 0x04, 0x80, 0x02, 0x02, 0x06, 0x02, 0x04, 0x84, 0x02, 0x00, 0x04, 
	0x8A, 0x02, 0x00, 0x06, 0x83, 0x02, 0x00, 0x0A, 0x81, 0x02, 0x16, 0x0A, 0x02, 0x02, 0x0A, 0x02, 
	0x0A, 0x0A, 0x02, 0x0D, 0x0A, 0x02, 0x0D, 0x02, 0x0A, 0x0A, 0x02, 0x0D, 0x0A, 0x02, 0x0D, 0x02, 
	0x02, 0x0A, 0x8B, 0x02, 0x80, 0x06, 0x02, 0x02, 0x02, 0x06, 0x80, 0x02, 0x80, 0x06, 0x06, 0x02, 
	0x02, 0x06, 0x06, 0x02, 0x02, 0x06, 0x80, 0x02, 0x03, 0x06, 0x02, 0x02, 0x06, 0x86, 0x02, 0x83, 
	0x06, 0x80, 0x02, 0x81, 0x06, 0x92, 0x02, 0x00, 0x06, 0x8B, 0x02, 0x1D, 0x00, 0x02, 0x03, 0x02, 
	0x02, 0x07, 0x02, 0x08, 0x18, 0x02, 0x1A, 0x08, 0x19, 0x33, 0x03, 0x3B, 0x19, 0x1B, 0x3C, 0x01, 
	0x3C, 0x34, 0x1B, 0x71, 0x01, 0x71, 0x37, 0x1B, 0x71, 0x07, 0x82, 0x02, 0x80, 0x00, 0x82, 0x05, 
	0x05, 0x16, 0x0E, 0x0C, 0x0E, 0x0E, 0x05, 0x05, 0x05, 0x0E, 0x0E, 0x0C, 0x13, 0x14, 0x82, 0x05, 
	0x81, 0x00, 0x80, 0x02, 0x04, 0x00, 0x2A, 0x2C, 0x02, 0x28, 0x8A, 0x02, 0x81, 0x00, 0x85, 0x02, 
	0x00, 0x06, 0x99, 0x02, 0x7F, 0x06, 0x0B, 0x04, 0x04, 0x12, 0x06, 0x11, 0x28, 0x02, 0x44, 0x1E, 
	0x1E, 0x5D, 0x02, 0x59, 0x44, 0x02, 0x63, 0x2A, 0x2C, 0x63, 0x04, 0x5E, 0x5A, 0x02, 0x66, 0x0B, 
	0x59, 0x64, 0x04, 0x64, 0x5A, 0x02, 0xC2, 0x28, 0x5A, 0x65, 0x02, 0x64, 0x5E, 0x0B, 0xC3, 0x12, 
	0x5A, 0x97, 0x06, 0x64, 0x60, 0x02, 0xC3, 0x28, 0x5A, 0x98, 0x02, 0x61, 0x61, 0x02, 0x96, 0x21, 
	0x45, 0x96, 0x02, 0x49, 0x49, 0x02, 0x8D, 0x41, 0x22, 0x8E, 0x02, 0x48, 0x49, 0x02, 0x8F, 0x42, 
	0x21, 0x8E, 0x02, 0x48, 0x8F, 0x02, 0x8F, 0x42, 0x1C, 0x8E, 0x0D, 0x48, 0x8F, 0x04, 0x8F, 0x48, 
	0x0A, 0x96, 0x0D, 0x46, 0x8D, 0x02, 0x49, 0x48, 0x02, 0x91, 0x21, 0x51, 0xA1, 0x02, 0x92, 0x92, 
	0x02, 0xB6, 0x50, 0x4B, 0xB6, 0x02, 0x7C, 0x9F, 0x06, 0xA1, 0x51, 0x23, 0xB5, 0x03, 0x55, 0x9F, 
	0x06, 0xA1, 0x55, 0x03, 0xB5, 0x29, 0x0F, 0x52, 0x7C, 0x06, 0x7C, 0x52, 0x0F, 0xA1, 0x03, 0x4F, 
	0x7C, 0x02, 0x56, 0x4E, 0x02, 0x7C, 0x0F, 0x4E, 0x52, 0x02, 0x52, 0x26, 0x0F, 0x52, 0x02, 0x26, 
	0x4B, 0x06, 0x38, 0x23, 0x0F, 0x26, 0x00, 0x07, 0x07, 0x00, 0x08, 0x03, 0x06, 0x03, 0x02, 0x06, 
	0x81, 0x02, 0x03, 0x06, 0x02, 0x02, 0x06, 0x8B, 0x02, 0x04, 0x00, 0x02, 0x02, 0x00, 0x00, 0x8C, 
	0x02, 0x01, 0x00, 0x02, 0x82, 0x00, 0x80, 0x01, 0x00, 0x18, 0x83, 0x02, 0x80, 0x00, 0x82, 0x05, 
	0x05, 0x14, 0x0E, 0x0C, 0x0E, 0x0E, 0x05, 0x05, 0x05, 0x0E, 0x0E, 0x0C, 0x13, 0x14, 0x82, 0x05, 
	0x81, 0x00, 0x92, 0x02, 0x00, 0x00, 0x8A, 0x02, 0x7F, 0x12, 0x06, 0x28, 0x28, 0x02, 0x59, 0x0B, 
	0x2C, 0x59, 0x02, 0x67, 0x2D, 0x2C, 0x63, 0x02, 0x62, 0x5A, 0x28, 0xC1, 0x04, 0x67, 0x62, 0x02, 
	0xC6, 0x2B, 0x5A, 0xC3, 0x02, 0xC1, 0x63, 0x28, 0xCA, 0x10, 0x64, 0xC2, 0x02, 0xC5, 0x5A, 0x59, 
	0xC5, 0x02, 0x65, 0x64, 0x02, 0xC3, 0x59, 0x59, 0xC1, 0x02, 0x64, 0x63, 0x02, 0x65, 0x0B, 0x59, 
	0x64, 0x02, 0x63, 0x59, 0x04, 0x66, 0x1E, 0x44, 0x60, 0x02, 0x5B, 0x59, 0x02, 0x63, 0x0B, 0x2B, 
	0x5B, 0x06, 0x44, 0x2C, 0x02, 0x59, 0x10, 0x28, 0x44, 0x06, 0x2A, 0x29, 0x02, 0x21, 0x0D, 0x0D, 
	0x21, 0x02, 0x1C, 0x1C, 0x02, 0x1C, 0x0D, 0x04, 0x1C, 0x02, 0x0D, 0x0D, 0x02, 0x1C, 0x0A, 0x0A, 
	0x1C, 0x02, 0x0D, 0x0D, 0x02, 0x1C, 0x0D, 0x02, 0x1C, 0x02, 0x0D, 0x0D, 0x02, 0x1C, 0x0D, 0x02, 
	0x1C, 0x06, 0x0D, 0x1C, 0x02, 0x1C, 0x0D, 0x02, 0x20, 0x65, 0x0A, 0x0F, 0x26, 0x02, 0x27, 0x26, 
	0x02, 0x4E, 0x24, 0x1D, 0x51, 0x02, 0x4E, 0x4E, 0x04, 0x50, 0x27, 0x0F, 0x55, 0x06, 0x4B, 0x50, 
	0x02, 0x55, 0x4E, 0x02, 0x7C, 0x03, 0x4E, 0x55, 0x02, 0x56, 0x50, 0x0F, 0x9F, 0x03, 0x4F, 0x7C, 
	0x02, 0x7C, 0x4F, 0x02, 0xA0, 0x0F, 0x4F, 0x7D, 0x02, 0x7D, 0x50, 0x19, 0xA4, 0x03, 0x52, 0x7D, 
	0x03, 0x7E, 0x4F, 0x25, 0xA4, 0x03, 0x56, 0x7D, 0x00, 0x7E, 0x4F, 0x39, 0x7E, 0x03, 0x7A, 0x53, 
	0x03, 0x7D, 0x03, 0x3D, 0x53, 0x03, 0x53, 0x36, 0x25, 0x4D, 0x02, 0x37, 0x36, 0x08, 0x3D, 0x02, 
	0x02, 0x36, 0x1A, 0x02, 0x1A, 0x19, 0x00, 0x19, 0x02, 0x07, 0x09, 0x06, 0x01, 0x02, 0x00, 0x00, 
	0x81, 0x02, 0x01, 0x00, 0x00, 0x80, 0x02, 0x02, 0x00, 0x02, 0x02, 0x83, 0x00, 0x85, 0x02, 0x80, 
	0x00, 0x82, 0x05, 0x05, 0x14, 0x13, 0x0C, 0x0E, 0x0E, 0x05, 0x05, 0x05, 0x0E, 0x0E, 0x0C, 0x13, 
	0x14, 0x82, 0x05, 0x80, 0x00, 0x81, 0x02, 0x81, 0x00, 0x00, 0x02, 0x81, 0x04, 0x39, 0x11, 0x04, 
	0x28, 0x29, 0x02, 0x59, 0x02, 0x2C, 0x59, 0x02, 0x63, 0x0B, 0x59, 0x63, 0x04, 0x65, 0x2C, 0x59, 
	0xC0, 0x02, 0x65, 0x5A, 0x2D, 0xC6, 0x02, 0x65, 0x67, 0x04, 0xC1, 0x28, 0x5B, 0x63, 0x02, 0x64, 
	0x2B, 0x44, 0x62, 0x02, 0x67, 0x59, 0x11, 0x60, 0x02, 0x2C, 0x59, 0x02, 0x59, 0x11, 0x1E, 0x2C, 
	0x02, 0x2D, 0x1E, 0x04, 0x28, 0x02, 0x04, 0x04, 0x80, 0x00, 0x87, 0x02, 0x00, 0x00, 0x82, 0x02, 
	0x80, 0x00, 0x02, 0x02, 0x02, 0x06, 0xF8, 0x02, 0x42, 0x06, 0x02, 0x02, 0x00, 0x02, 0x03, 0x08, 
	0x00, 0x25, 0x0F, 0x19, 0x38, 0x03, 0x36, 0x25, 0x00, 0x39, 0x01, 0x36, 0x39, 0x02, 0x4D, 0x25, 
	0x25, 0x4D, 0x06, 0x3D, 0x3D, 0x19, 0x7A, 0x03, 0x02, 0x6D, 0x3B, 0x02, 0x71, 0x3B, 0x07, 0x7A, 
	0x18, 0x3B, 0x3E, 0x03, 0x71, 0x33, 0x32, 0x6D, 0x01, 0x3C, 0x33, 0x1B, 0x3C, 0x01, 0x37, 0x32, 
	0x07, 0x37, 0x03, 0x1B, 0x1B, 0x00, 0x1B, 0x03, 0x07, 0x03, 0x02, 0x01, 0x83, 0x02, 0x80, 0x00, 
	0x82, 0x05, 0x05, 0x14, 0x13, 0x0C, 0x0E, 0x0E, 0x05, 0x05, 0x05, 0x0E, 0x0E, 0x0C, 0x13, 0x14, 
	0x82, 0x05, 0x80, 0x00, 0x81, 0x02, 0x20, 0x00, 0x63, 0x5B, 0x1E, 0xC1, 0x0B, 0x65, 0x63, 0x11, 
	0xC5, 0x02, 0x63, 0x63, 0x04, 0xC2, 0x02, 0x5B, 0x5E, 0x02, 0x64, 0x0B, 0x2C, 0x5B, 0x04, 0x5B, 
	0x28, 0x12, 0x2C, 0x02, 0x12, 0x0B, 0x02, 0x0B, 0x91, 0x02, 0x00, 0x00, 0x8B, 0x02, 0x01, 0x00, 
	0x00, 0x91, 0x02, 0x01, 0x06, 0x06, 0x81, 0x02, 0x00, 0x06, 0x8B, 0x02, 0x02, 0x06, 0x02, 0x06, 
	0xA5, 0x02, 0x00, 0x04, 0x81, 0x02, 0x80, 0x06, 0x01, 0x04, 0x06, 0x80, 0x02, 0x03, 0x06, 0x02, 
	0x02, 0x06, 0x81, 0x02, 0x82, 0x06, 0x85, 0x02, 0x00, 0x06, 0x80, 0x02, 0x01, 0x06, 0x06, 0x8A, 
	0x02, 0x00, 0x06, 0x8D, 0x02, 0x08, 0x06, 0x3E, 0x80, 0x3C, 0x75, 0x70, 0x32, 0x6E, 0x6C, 0x87, 
	0x02, 0x00, 0x06, 0x81, 0x02, 0x22, 0x00, 0x02, 0x01, 0x00, 0x00, 0x07, 0x00, 0x09, 0x08, 0x02, 
	0x32, 0x19, 0x19, 0x33, 0x02, 0x37, 0x1B, 0x18, 0x3C, 0x01, 0x3B, 0x34, 0x08, 0x71, 0x08, 0x3C, 
	0x3B, 0x01, 0x71, 0x1B, 0x3C, 0x3C, 0x01, 0x71, 0x1B, 0x82, 0x02, 0x80, 0x00, 0x82, 0x05, 0x01, 
	0x14, 0x14, 0x80, 0x0E, 0x00, 0x05, 0x05, 0x05, 0x0E, 0x0E, 0x0C, 0x14, 0x14, 0x82, 0x05, 0x80, 
	0x00, 0x82, 0x02, 0x0A, 0x5C, 0x2C, 0x10, 0x5A, 0x02, 0x2B, 0x28, 0x0A, 0x11, 0x02, 0x02, 0x84, 
	0x00, 0x05, 0x02, 0x06, 0x04, 0x02, 0x06, 0x06, 0x81, 0x02, 0x81, 0x00, 0x95, 0x02, 0x04, 0x06, 
	0x06, 0x02, 0x02, 0x06, 0x82, 0x02, 0x80, 0x00, 0x07, 0x06, 0x04, 0x04, 0x12, 0x10, 0x0B, 0x2C, 
	0x12, 0x80, 0x02, 0x7F, 0x2C, 0x28, 0x10, 0x59, 0x04, 0x2B, 0x59, 0x00, 0x5A, 0x2A, 0x0B, 0x63, 
	0x0B, 0x59, 0x5E, 0x04, 0x63, 0x59, 0x12, 0x65, 0x04, 0x5A, 0x63, 0x02, 0x64, 0x5A, 0x10, 0x98, 
	0x10, 0x59, 0x64, 0x02, 0x61, 0x44, 0x02, 0x96, 0x20, 0x41, 0x49, 0x02, 0x48, 0x48, 0x02, 0x8D, 
	0x21, 0x21, 0x8D, 0x02, 0x46, 0x48, 0x02, 0x49, 0x41, 0x22, 0x8F, 0x02, 0x46, 0x48, 0x04, 0x49, 
	0x41, 0x1C, 0x8E, 0x0D, 0x46, 0x49, 0x02, 0x8F, 0x46, 0x0A, 0x8E, 0x0D, 0x46, 0x49, 0x06, 0x49, 
	0x48, 0x02, 0x91, 0x21, 0x21, 0x91, 0x02, 0x55, 0x58, 0x06, 0x92, 0x51, 0x27, 0xA2, 0x02, 0x55, 
	0x57, 0x06, 0x57, 0x51, 0x0F, 0xA2, 0x0F, 0x4F, 0x57, 0x02, 0x57, 0x50, 0x02, 0x9F, 0x0F, 0x4E, 
	0x55, 0x06, 0x50, 0x4F, 0x02, 0x52, 0x0F, 0x23, 0x50, 0x02, 0x38, 0x27, 0x02, 0x38, 0x0F, 0x19, 
	0x26, 0x06, 0x23, 0x19, 0x08, 0x06, 0x07, 0x02, 0x02, 0x00, 0x02, 0x00, 0x00, 0x02, 0x80, 0x06, 
	0x00, 0x03, 0x80, 0x06, 0x08, 0x6C, 0x81, 0x6C, 0x80, 0x73, 0x3B, 0x73, 0x70, 0x09, 0x9A, 0x02, 
	0x84, 0x00, 0x0D, 0x02, 0x01, 0x02, 0x01, 0x01, 0x02, 0x08, 0x03, 0x18, 0x19, 0x00, 0x33, 0x18, 
	0x00, 0x81, 0x02, 0x80, 0x00, 0x82, 0x05, 0x05, 0x13, 0x14, 0x0C, 0x0C, 0x0E, 0x05, 0x05, 0x05, 
	0x0E, 0x0E, 0x0C, 0x14, 0x13, 0x81, 0x05, 0x00, 0x06, 0x80, 0x00, 0x82, 0x02, 0x01, 0x00, 0x00, 
	0x80, 0x02, 0x00, 0x04, 0x81, 0x02, 0x84, 0x00, 0x81, 0x02, 0x05, 0x04, 0x06, 0x04, 0x06, 0x02, 
	0x02, 0x81, 0x00, 0x82, 0x02, 0x28, 0x04, 0x02, 0x11, 0x10, 0x02, 0x2C, 0x02, 0x2B, 0x2C, 0x02, 
	0x5A, 0x28, 0x2D, 0x5B, 0x02, 0x5B, 0x59, 0x10, 0x65, 0x0B, 0x5A, 0x63, 0x06, 0x65, 0x59, 0x2B, 
	0xC2, 0x02, 0x65, 0x63, 0x04, 0xCA, 0x2B, 0x63, 0xC5, 0x04, 0xC7, 0x65, 0x2B, 0xD4, 0x63, 0x80, 
	0x02, 0x7F, 0xC5, 0x63, 0x2D, 0xCA, 0x0B, 0x63, 0xC1, 0x02, 0xC2, 0x5A, 0x11, 0xC5, 0x11, 0x60, 
	0x65, 0x04, 0x97, 0x5A, 0x1E, 0x97, 0x0B, 0x5B, 0x64, 0x02, 0x64, 0x5A, 0x10, 0x97, 0x10, 0x44, 
	0x63, 0x02, 0x61, 0x44, 0x02, 0x61, 0x1C, 0x21, 0x48, 0x02, 0x45, 0x45, 0x02, 0x48, 0x20, 0x1C, 
	0x48, 0x02, 0x41, 0x41, 0x02, 0x42, 0x22, 0x1C, 0x42, 0x02, 0x41, 0x41, 0x02, 0x42, 0x22, 0x0D, 
	0x48, 0x0A, 0x21, 0x42, 0x02, 0x42, 0x21, 0x02, 0x48, 0x0D, 0x21, 0x46, 0x02, 0x46, 0x43, 0x02, 
	0x49, 0x20, 0x21, 0x54, 0x06, 0x50, 0x50, 0x06, 0x58, 0x43, 0x27, 0x92, 0x02, 0x50, 0x58, 0x06, 
	0x57, 0x51, 0x0F, 0xA1, 0x0F, 0x50, 0x7C, 0x06, 0x9F, 0x55, 0x02, 0xA3, 0x23, 0x50, 0xA0, 0x02, 
	0x7C, 0x57, 0x02, 0xA3, 0x26, 0x4E, 0xB5, 0x06, 0x7C, 0x56, 0x02, 0xB5, 0x4B, 0x4F, 0xA4, 0x04, 
	0x7C, 0x7D, 0x2D, 0x03, 0xB5, 0x23, 0x4F, 0x7E, 0x00, 0x7D, 0x53, 0x07, 0x7E, 0x19, 0x39, 0x7A, 
	0x03, 0x3E, 0x39, 0x3C, 0x73, 0x6C, 0x70, 0x80, 0x3F, 0x80, 0x70, 0x1A, 0x39, 0x02, 0x37, 0x36, 
	0x03, 0x39, 0x03, 0x25, 0x36, 0x03, 0x1A, 0x03, 0x02, 0x08, 0x07, 0x02, 0x01, 0x01, 0x02, 0x01, 
	0x00, 0x83, 0x02, 0x00, 0x06, 0x80, 0x02, 0x82, 0x00, 0x82, 0x02, 0x00, 0x00, 0x82, 0x02, 0x80, 
	0x00, 0x03, 0x02, 0x02, 0x00, 0x02, 0x80, 0x00, 0x00, 0x06, 0x81, 0x05, 0x05, 0x13, 0x14, 0x0C, 
	0x0C, 0x0E, 0x05, 0x00, 0x05, 0x80, 0x0E, 0x01, 0x14, 0x13, 0x81, 0x05, 0x00, 0x06, 0x80, 0x00, 
	0x82, 0x02, 0x03, 0x00, 0x02, 0x02, 0x06, 0x83, 0x04, 0x47, 0x02, 0x00, 0x00, 0x10, 0x00, 0x28, 
	0x12, 0x10, 0x5A, 0x04, 0x5A, 0x59, 0x0B, 0x66, 0x0B, 0x5A, 0x67, 0x02, 0x65, 0x28, 0x5C, 0x65, 
	0x06, 0xC1, 0x59, 0x2C, 0xC5, 0x02, 0x65, 0x63, 0x04, 0xC5, 0x11, 0x63, 0x64, 0x02, 0x65, 0x59, 
	0x2C, 0x65, 0x02, 0x62, 0x5A, 0x11, 0x97, 0x0B, 0x59, 0x5E, 0x02, 0x63, 0x2B, 0x1E, 0x5E, 0x00, 
	0x59, 0x2C, 0x02, 0x5E, 0x11, 0x28, 0x2C, 0x06, 0x2C, 0x28, 0x0B, 0x28, 0x2C, 0xC6, 0xC5, 0x59, 
	0x04, 0x06, 0xE1, 0x02, 0x00, 0x06, 0x90, 0x02, 0x4F, 0x06, 0x06, 0x03, 0x04, 0x07, 0x07, 0x06, 
	0x19, 0x03, 0x0F, 0x26, 0x02, 0x38, 0x25, 0x02, 0x4F, 0x07, 0x25, 0x4F, 0x04, 0x39, 0x25, 0x33, 
	0x6C, 0x34, 0x6D, 0x6E, 0x34, 0x6E, 0x6E, 0x25, 0x3E, 0x00, 0x3E, 0x3D, 0x08, 0x7A, 0x08, 0x3E, 
	0x71, 0x09, 0x7A, 0x18, 0x02, 0x6D, 0x71, 0x02, 0x3D, 0x3E, 0x00, 0x71, 0x1B, 0x33, 0x3C, 0x00, 
	0x3C, 0x37, 0x18, 0x3C, 0x03, 0x37, 0x33, 0x03, 0x3B, 0x08, 0x1B, 0x1B, 0x00, 0x1B, 0x09, 0x07, 
	0x08, 0x06, 0x03, 0x03, 0x02, 0x03, 0x02, 0x02, 0x00, 0x82, 0x02, 0x80, 0x00, 0x00, 0x06, 0x81, 
	0x05, 0x05, 0x13, 0x16, 0x0C, 0x0E, 0x0E, 0x05, 0x00, 0x05, 0x80, 0x0E, 0x01, 0x16, 0x0C, 0x81, 
	0x05, 0x00, 0x06, 0x80, 0x00, 0x82, 0x02, 0x27, 0x63, 0x2A, 0x44, 0x63, 0x04, 0x65, 0x5A, 0x5A, 
	0xC1, 0x04, 0xC1, 0x5E, 0x2C, 0xC2, 0x00, 0x65, 0x5E, 0x2B, 0xC3, 0x0B, 0x64, 0x63, 0x0B, 0xC2, 
	0x0B, 0x59, 0x5B, 0x00, 0x5E, 0x12, 0x2D, 0x59, 0x06, 0x2B, 0x12, 0x0B, 0x28, 0x02, 0x0B, 0x04, 
	0x90, 0x02, 0x82, 0x00, 0x80, 0x02, 0x00, 0x04, 0x83, 0x02, 0x05, 0x28, 0xC4, 0xCB, 0xD6, 0xD6, 
	0x63, 0xC3, 0x02, 0x02, 0x06, 0x02, 0x06, 0x8F, 0x02, 0x00, 0x06, 0x94, 0x02, 0x00, 0x06, 0x88, 
	0x02, 0x02, 0x06, 0x02, 0x06, 0x82, 0x02, 0x01, 0x00, 0x00, 0x84, 0x02, 0x07, 0x37, 0x70, 0x3C, 
	0x3C, 0x6F, 0x1B, 0x06, 0x03, 0x80, 0x02, 0x01, 0x00, 0x00, 0x80, 0x02, 0x2A, 0x00, 0x01, 0x02, 
	0x07, 0x00, 0x02, 0x08, 0x18, 0x02, 0x19, 0x19, 0x00, 0x33, 0x08, 0x19, 0x36, 0x02, 0x3B, 0x33, 
	0x08, 0x3C, 0x07, 0x3B, 0x3B, 0x07, 0x71, 0x1B, 0x3B, 0x3E, 0x01, 0x71, 0x33, 0x3B, 0x71, 0x03, 
	0x71, 0x37, 0x33, 0x3C, 0x03, 0x3B, 0x34, 0x00, 0x81, 0x02, 0x80, 0x00, 0x00, 0x06, 0x81, 0x05, 
	0x05, 0x13, 0x15, 0x0C, 0x0C, 0x0E, 0x05, 0x00, 0x05, 0x80, 0x0C, 0x01, 0x15, 0x0C, 0x81, 0x05, 
	0x00, 0x06, 0x80, 0x00, 0x82, 0x02, 0x0E, 0x65, 0x2C, 0x2C, 0x5E, 0x06, 0x5E, 0x2B, 0x28, 0x59, 
	0x04, 0x2B, 0x12, 0x00, 0x10, 0x00, 0x80, 0x04, 0x00, 0x0A, 0x80, 0x04, 0x83, 0x00, 0x80, 0x02, 
	0x00, 0x06, 0x87, 0x02, 0x00, 0x00, 0x88, 0x02, 0x00, 0x04, 0x81, 0x02, 0x82, 0x00, 0x80, 0x02, 
	0x0C, 0x04, 0x02, 0x06, 0x06, 0x28, 0x59, 0x59, 0x11, 0x67, 0xCC, 0xD6, 0xD6, 0x5B, 0x80, 0x02, 
	0x7F, 0x04, 0x02, 0x0B, 0x10, 0x02, 0x1E, 0x0B, 0x0B, 0x28, 0x02, 0x28, 0x28, 0x02, 0x44, 0x1E, 
	0x12, 0x59, 0x02, 0x2C, 0x44, 0x02, 0x5A, 0x2A, 0x10, 0x60, 0x0B, 0x2C, 0x5E, 0x02, 0x5D, 0x2C, 
	0x02, 0x61, 0x0D, 0x21, 0x48, 0x02, 0x46, 0x45, 0x02, 0x48, 0x20, 0x22, 0x48, 0x02, 0x42, 0x42, 
	0x02, 0x48, 0x21, 0x22, 0x49, 0x02, 0x42, 0x46, 0x02, 0x48, 0x21, 0x0D, 0x49, 0x0A, 0x41, 0x48, 
	0x02, 0x48, 0x41, 0x02, 0x49, 0x0D, 0x41, 0x48, 0x02, 0x46, 0x46, 0x02, 0x54, 0x21, 0x24, 0x54, 
	0x02, 0x51, 0x51, 0x02, 0x55, 0x26, 0x1D, 0x58, 0x02, 0x43, 0x50, 0x02, 0x50, 0x4B, 0x04, 0x58, 
	0x0D, 0x27, 0x50, 0x02, 0x4E, 0x26, 0x06, 0x4B, 0x0F, 0x0F, 0x27, 0x02, 0x1D, 0x1D, 0x06, 0x0F, 
	0x0A, 0x04, 0x0F, 0x02, 0x03, 0x03, 0x02, 0x03, 0x02, 0x02, 0x06, 0x02, 0x06, 0x06, 0x02, 0x02, 
	0x06, 0x81, 0x02, 0x01, 0x00, 0x00, 0x84, 0x02, 0x07, 0x3C, 0x81, 0x70, 0x70, 0x80, 0x3A, 0x06, 
	0x00, 0x84, 0x02, 0x01, 0x00, 0x00, 0x82, 0x02, 0x01, 0x06, 0x06, 0x8E, 0x02, 0x10, 0x06, 0x00, 
	0x02, 0x01, 0x02, 0x07, 0x03, 0x09, 0x18, 0x02, 0x1B, 0x19, 0x19, 0x33, 0x02, 0x34, 0x33, 0x82, 
	0x02, 0x80, 0x00, 0x00, 0x06, 0x81, 0x05, 0x01, 0x0C, 0x1F, 0x80, 0x0E, 0x00, 0x05, 0x05, 0x05, 
	0x0E, 0x0C, 0x0C, 0x1F, 0x0C, 0x81, 0x05, 0x81, 0x00, 0x86, 0x02, 0x0C, 0x00, 0x02, 0x00, 0x02, 
	0x02, 0x00, 0xDC, 0xDC, 0xDE, 0xDE, 0xE0, 0xDF, 0xDC, 0x80, 0x04, 0x00, 0x02, 0x83, 0x00, 0x04, 
	0x02, 0x06, 0x06, 0x02, 0x06, 0x87, 0x02, 0x00, 0x00, 0x80, 0x02, 0x7F, 0x11, 0x02, 0x1E, 0x2D, 
	0x06, 0x44, 0x28, 0x1E, 0x5B, 0x04, 0x5A, 0x59, 0x02, 0x64, 0x10, 0x59, 0x63, 0x00, 0x67, 0x59, 
	0x28, 0xC5, 0x12, 0x06, 0x02, 0xC0, 0xDB, 0xCB, 0x04, 0x02, 0x63, 0xD6, 0xD6, 0x5B, 0x64, 0x59, 
	0x5A, 0xCA, 0x02, 0xC2, 0xC6, 0x0A, 0xCA, 0x59, 0x44, 0xCA, 0x02, 0x97, 0x97, 0x02, 0xC5, 0x5A, 
	0x2C, 0xC7, 0x02, 0x64, 0x97, 0x04, 0xC6, 0x5B, 0x28, 0xC8, 0x10, 0x60, 0x97, 0x02, 0x97, 0x5A, 
	0x0A, 0x98, 0x1E, 0x45, 0x49, 0x02, 0x48, 0x48, 0x02, 0x8D, 0x21, 0x21, 0x49, 0x02, 0x48, 0x46, 
	0x02, 0x49, 0x41, 0x22, 0x49, 0x02, 0x42, 0x48, 0x02, 0x49, 0x41, 0x0D, 0x8F, 0x0D, 0x42, 0x48, 
	0x02, 0x49, 0x46, 0x02, 0x8D, 0x1C, 0x42, 0x49, 0x02, 0x48, 0x48, 0x02, 0x91, 0x43, 0x26, 0x92, 
	0x02, 0x54, 0x58, 0x02, 0xA1, 0x50, 0x27, 0xB6, 0x02, 0x58, 0xA2, 0x02, 0x47, 0xA1, 0x57, 0x02, 
	0xB6, 0x23, 0x50, 0xB6, 0x02, 0xA3, 0x9F, 0x02, 0xB6, 0x50, 0x55, 0xB6, 0x02, 0xA1, 0xA1, 0x06, 
	0xB6, 0x50, 0x38, 0xB9, 0x00, 0xA0, 0xA0, 0x02, 0xA3, 0x52, 0x38, 0xA4, 0x02, 0x7D, 0x7D, 0x02, 
	0x7D, 0x38, 0x25, 0x7D, 0x02, 0x53, 0x53, 0x00, 0x7D, 0x25, 0x25, 0x7A, 0x02, 0x4D, 0x3D, 0x3C, 
	0x81, 0x70, 0x70, 0x80, 0x37, 0x02, 0x06, 0x19, 0x1A, 0x03, 0x18, 0x19, 0x03, 0x08, 0x01, 0x01, 
	0x07, 0x00, 0x00, 0x02, 0x02, 0x81, 0x06, 0x89, 0x02, 0x80, 0x06, 0x01, 0x00, 0x00, 0x80, 0x02, 
	0x01, 0x00, 0x00, 0x81, 0x02, 0x00, 0x00, 0x80, 0x02, 0x01, 0x00, 0x00, 0x82, 0x02, 0x81, 0x00, 
	0x81, 0x05, 0x01, 0x0C, 0x1F, 0x80, 0x0E, 0x00, 0x05, 0x05, 0x05, 0x0E, 0x0C, 0x0C, 0x1F, 0x0C, 
	0x81, 0x05, 0x81, 0x00, 0x85, 0x02, 0x84, 0x00, 0x56, 0xF9, 0xF7, 0xF7, 0xFB, 0xFE, 0xF2, 0xDC, 
	0x02, 0x04, 0x04, 0x29, 0x12, 0x12, 0x59, 0x00, 0x2C, 0x2C, 0x04, 0x63, 0x04, 0x5A, 0x5B, 0x04, 
	0x65, 0x1E, 0x59, 0x64, 0x02, 0x65, 0x59, 0x2D, 0xC5, 0x02, 0x65, 0x63, 0x04, 0xC5, 0x2D, 0x63, 
	0xC1, 0x02, 0xC1, 0x5A, 0x44, 0xC3, 0x04, 0x65, 0x63, 0x04, 0xC6, 0x12, 0x5A, 0x65, 0x02, 0x63, 
	0x59, 0x1E, 0xC1, 0x11, 0x04, 0x06, 0xC6, 0xDB, 0xDB, 0x62, 0x65, 0x65, 0xCA, 0xCA, 0x2B, 0x2B, 
	0x12, 0x12, 0x2C, 0x02, 0x28, 0x28, 0x02, 0x28, 0x0B, 0x0B, 0x1E, 0x06, 0x0B, 0x0B, 0x02, 0x04, 
	0x9E, 0x02, 0x00, 0x06, 0xAF, 0x02, 0x00, 0x06, 0x83, 0x02, 0x53, 0x0F, 0x02, 0x0F, 0x0F, 0x06, 
	0x27, 0x0F, 0x0C, 0x26, 0x02, 0x26, 0x26, 0x06, 0x4F, 0x27, 0x23, 0x52, 0x04, 0x4E, 0x4F, 0x02, 
	0x52, 0x25, 0x23, 0x56, 0x02, 0x4F, 0x53, 0x02, 0x7A, 0x26, 0x25, 0x7D, 0x00, 0x53, 0x53, 0x34, 
	0x70, 0x6F, 0x6E, 0x70, 0x37, 0x02, 0x06, 0x34, 0x6D, 0x18, 0x3B, 0x3E, 0x08, 0x71, 0x36, 0x3B, 
	0x6D, 0x01, 0x3E, 0x1A, 0x02, 0x3B, 0x3B, 0x06, 0x33, 0x3B, 0x03, 0x3B, 0x33, 0x08, 0x36, 0x00, 
	0x33, 0x32, 0x00, 0x36, 0x01, 0x19, 0x1A, 0x00, 0x18, 0x07, 0x03, 0x07, 0x02, 0x01, 0x02, 0x82, 
	0x00, 0x81, 0x02, 0x01, 0x00, 0x00, 0x81, 0x02, 0x81, 0x00, 0x82, 0x05, 0x00, 0x1F, 0x80, 0x0E, 
	0x00, 0x05, 0x04, 0x05, 0x0E, 0x0C, 0x0C, 0x1F, 0x82, 0x05, 0x80, 0x00, 0x83, 0x02, 0x32, 0x5F, 
	0x04, 0x59, 0x59, 0x00, 0x63, 0x04, 0x5A, 0x60, 0x00, 0xF9, 0xDA, 0xED, 0xF7, 0xEB, 0x04, 0x0A, 
	0x0A, 0x04, 0x06, 0xC1, 0x5A, 0x2C, 0xC1, 0x00, 0x63, 0x63, 0x10, 0xC1, 0x0B, 0x5B, 0x67, 0x04, 
	0x63, 0x12, 0x2B, 0x5B, 0x02, 0x59, 0x28, 0x10, 0x59, 0x02, 0x28, 0x1E, 0x02, 0x11, 0x02, 0x04, 
	0x0B, 0x06, 0x81, 0x02, 0x03, 0x06, 0x02, 0x04, 0x06, 0x80, 0x00, 0x83, 0x02, 0x04, 0x0B, 0x65, 
	0xC0, 0xC7, 0xD9, 0x80, 0xD6, 0x04, 0xD4, 0x0B, 0x12, 0x0B, 0x04, 0x82, 0x02, 0x00, 0x00, 0x81, 
	0x02, 0x01, 0x04, 0x06, 0xF1, 0x02, 0x00, 0x06, 0x86, 0x02, 0x0F, 0x00, 0x00, 0x02, 0x02, 0x06, 
	0x19, 0x3B, 0x33, 0x1B, 0x32, 0x18, 0x06, 0x06, 0x08, 0x18, 0x08, 0x80, 0x03, 0x2B, 0x18, 0x01, 
	0x18, 0x1B, 0x00, 0x1A, 0x0F, 0x02, 0x33, 0x33, 0x02, 0x1A, 0x37, 0x06, 0x3B, 0x33, 0x08, 0x3B, 
	0x00, 0x3C, 0x3C, 0x01, 0x71, 0x08, 0x3B, 0x6D, 0x01, 0x71, 0x3B, 0x34, 0x6D, 0x07, 0x3C, 0x37, 
	0x1A, 0x3E, 0x01, 0x34, 0x3A, 0x07, 0x3B, 0x01, 0x1B, 0x32, 0x82, 0x02, 0x81, 0x00, 0x82, 0x05, 
	0x00, 0x1F, 0x80, 0x0E, 0x00, 0x05, 0x00, 0x05, 0x80, 0x0E, 0x00, 0x1F, 0x82, 0x05, 0x81, 0x00, 
	0x81, 0x02, 0x14, 0x04, 0xC5, 0x10, 0x63, 0x63, 0x00, 0x65, 0x04, 0x5C, 0x5E, 0x05, 0xF9, 0xF7, 
	0xF7, 0xEB, 0xD0, 0x0B, 0xC2, 0xEB, 0xF3, 0xDE, 0x82, 0x00, 0x00, 0x02, 0x82, 0x04, 0x82, 0x02, 
	0x01, 0x00, 0x00, 0x89, 0x02, 0x00, 0x06, 0x87, 0x02, 0x12, 0x00, 0x00, 0x02, 0x00, 0x00, 0x02, 
	0x02, 0x28, 0xD5, 0xD5, 0xC5, 0xD9, 0xD5, 0xD6, 0xD6, 0xDB, 0x02, 0x06, 0x06, 0x80, 0x04, 0x09, 
	0x06, 0x06, 0x02, 0x02, 0x00, 0x02, 0x02, 0x06, 0x02, 0x06, 0x81, 0x02, 0x01, 0x06, 0x06, 0x82, 
	0x02, 0x3F, 0x0B, 0x06, 0x04, 0x0B, 0x06, 0x0A, 0x0B, 0x02, 0x0B, 0x0A, 0x02, 0x1C, 0x04, 0x0D, 
	0x1C, 0x02, 0x1C, 0x0D, 0x02, 0x1C, 0x0A, 0x0D, 0x22, 0x02, 0x1C, 0x1C, 0x02, 0x21, 0x0D, 0x0B, 
	0x21, 0x02, 0x20, 0x22, 0x02, 0x21, 0x1C, 0x0A, 0x21, 0x04, 0x1C, 0x22, 0x06, 0x22, 0x1C, 0x02, 
	0x21, 0x04, 0x0D, 0x20, 0x02, 0x0D, 0x0D, 0x02, 0x20, 0x0D, 0x02, 0x0D, 0x00, 0x03, 0x0F, 0x02, 
	0x0D, 0x0A, 0x80, 0x02, 0x00, 0x04, 0x84, 0x02, 0x00, 0x06, 0x81, 0x02, 0x01, 0x04, 0x02, 0x83, 
	0x06, 0x02, 0x02, 0x06, 0x02, 0x82, 0x06, 0x01, 0x02, 0x06, 0x82, 0x02, 0x01, 0x06, 0x02, 0x84, 
	0x06, 0x80, 0x02, 0x01, 0x06, 0x06, 0x80, 0x02, 0x0A, 0x34, 0x80, 0x70, 0x6E, 0x80, 0x3B, 0x02, 
	0x02, 0x3C, 0x70, 0x3B, 0x80, 0x06, 0x06, 0x00, 0x00, 0x76, 0x78, 0x36, 0x00, 0x00, 0x89, 0x02, 
	0x83, 0x00, 0x13, 0x01, 0x00, 0x18, 0x08, 0x08, 0x1B, 0x03, 0x32, 0x1B, 0x08, 0x37, 0x01, 0x33, 
	0x34, 0x07, 0x3C, 0x07, 0x37, 0x3B, 0x00, 0x82, 0x02, 0x80, 0x00, 0x82, 0x05, 0x00, 0x1F, 0x80, 
	0x0E, 0x00, 0x05, 0x00, 0x05, 0x80, 0x0E, 0x00, 0x1F, 0x82, 0x05, 0x81, 0x00, 0x83, 0x02, 0x00, 
	0x06, 0x85, 0x00, 0x0D, 0xDD, 0xFB, 0xF3, 0x69, 0x2A, 0x0B, 0x63, 0xDD, 0xF4, 0xF4, 0xE1, 0x68, 
	0x00, 0x00, 0x80, 0x02, 0x80, 0x04, 0x82, 0x02, 0x80, 0x00, 0x80, 0x02, 0x09, 0x06, 0x06, 0x02, 
	0x06, 0x02, 0x02, 0x06, 0x06, 0x02, 0x06, 0x80, 0x02, 0x7F, 0x00, 0x00, 0x12, 0x0B, 0x0B, 0x2D, 
	0x04, 0x2D, 0x2B, 0x00, 0x59, 0x1E, 0x1E, 0x5E, 0x28, 0xCB, 0x62, 0x12, 0x1E, 0x12, 0xCA, 0xD4, 
	0xCB, 0x00, 0x00, 0x06, 0x63, 0x1E, 0x5B, 0xC1, 0x04, 0x65, 0x64, 0x02, 0xC4, 0x28, 0x5A, 0xC6, 
	0x02, 0xC1, 0x63, 0x02, 0xC7, 0x2C, 0x5A, 0xC7, 0x02, 0x97, 0x97, 0x02, 0xC7, 0x5D, 0x2A, 0xCA, 
	0x0B, 0x63, 0xC3, 0x02, 0xC3, 0x5E, 0x0A, 0x9A, 0x0D, 0x48, 0x96, 0x02, 0x8D, 0x49, 0x02, 0x96, 
	0x21, 0x41, 0x96, 0x02, 0x49, 0x49, 0x02, 0x96, 0x45, 0x21, 0x96, 0x02, 0x48, 0x8D, 0x02, 0x8E, 
	0x46, 0x1C, 0x90, 0x0D, 0x48, 0x8E, 0x04, 0x8E, 0x49, 0x02, 0x8E, 0x1C, 0x46, 0x91, 0x02, 0x49, 
	0x49, 0x02, 0x91, 0x43, 0x1D, 0xBF, 0x02, 0x92, 0xA1, 0x02, 0xB6, 0x58, 0x1D, 0xB6, 0x03, 0x58, 
	0xA3, 0x02, 0xA1, 0x9F, 0x02, 0xB9, 0x26, 0x4E, 0xB6, 0x04, 0x34, 0xA2, 0xA2, 0x06, 0xB6, 0x55, 
	0x26, 0xB6, 0x02, 0x58, 0x9F, 0x06, 0xA0, 0x52, 0x07, 0xB5, 0x03, 0x52, 0x57, 0x02, 0x7D, 0x4F, 
	0x07, 0x7C, 0x03, 0x4F, 0x56, 0x02, 0x56, 0x38, 0x07, 0x53, 0x03, 0x38, 0x4F, 0x06, 0x4F, 0x25, 
	0x03, 0x39, 0x02, 0x25, 0x25, 0x32, 0x81, 0x79, 0x6F, 0x73, 0x3C, 0x08, 0x18, 0x3C, 0x73, 0x3C, 
	0x80, 0x06, 0x05, 0x02, 0x00, 0x77, 0x80, 0x3B, 0x00, 0x8A, 0x02, 0x05, 0x00, 0x00, 0x02, 0x00, 
	0x00, 0x02, 0x80, 0x00, 0x03, 0x02, 0x00, 0x03, 0x03, 0x80, 0x02, 0x01, 0x06, 0x02, 0x85, 0x00, 
	0x82, 0x02, 0x80, 0x00, 0x82, 0x05, 0x00, 0x1F, 0x80, 0x0E, 0x00, 0x05, 0x00, 0x0C, 0x80, 0x0E, 
	0x00, 0x1F, 0x82, 0x05, 0x81, 0x00, 0x84, 0x02, 0x85, 0x00, 0x0E, 0xDC, 0xFC, 0xEB, 0x5F, 0xD0, 
	0x28, 0x02, 0x02, 0xDC, 0xF3, 0xFE, 0x69, 0x00, 0x02, 0x02, 0x80, 0x0B, 0x62, 0x28, 0x04, 0x2B, 
	0x28, 0x0B, 0x59, 0x00, 0x2C, 0x59, 0x02, 0x63, 0x10, 0x59, 0x64, 0x02, 0x65, 0x59, 0x28, 0xC5, 
	0x04, 0x64, 0x63, 0x02, 0x59, 0x0B, 0x1E, 0x0B, 0x02, 0xC5, 0x59, 0x59, 0xCF, 0x0B, 0x65, 0xC1, 
	0x02, 0xC3, 0x59, 0x2C, 0xC4, 0x28, 0xC9, 0x2C, 0x06, 0x06, 0x02, 0x02, 0xCA, 0xCA, 0x00, 0x00, 
	0x06, 0x63, 0x12, 0x59, 0x64, 0x02, 0x67, 0x5A, 0x02, 0x63, 0x11, 0x2B, 0x5B, 0x02, 0x59, 0x2C, 
	0x06, 0x5D, 0x12, 0x28, 0x59, 0x02, 0x2B, 0x2B, 0x02, 0x44, 0x12, 0x0B, 0x2C, 0x02, 0x1E, 0x28, 
	0x02, 0x1E, 0x10, 0x02, 0x1C, 0x02, 0x0A, 0x0D, 0x02, 0x0A, 0x0A, 0x02, 0x0A, 0x02, 0x02, 0x0A, 
	0x8C, 0x02, 0x05, 0x0A, 0x02, 0x02, 0x0A, 0x02, 0x0A, 0x83, 0x02, 0x00, 0x00, 0x80, 0x02, 0x66, 
	0x0A, 0x02, 0x04, 0x0D, 0x04, 0x0D, 0x0F, 0x02, 0x23, 0x0F, 0x06, 0x27, 0x02, 0x0F, 0x27, 0x02, 
	0x27, 0x27, 0x02, 0x4E, 0x0F, 0x0F, 0x51, 0x04, 0x4B, 0x4B, 0x02, 0x50, 0x27, 0x1D, 0x55, 0x02, 
	0x4E, 0x50, 0x02, 0x55, 0x4E, 0x03, 0x7C, 0x03, 0x4F, 0x56, 0x02, 0x56, 0x4F, 0x07, 0xA0, 0x03, 
	0x52, 0x7D, 0x02, 0x7D, 0x52, 0x08, 0x7E, 0x07, 0x53, 0x7D, 0x03, 0x7E, 0x4D, 0x19, 0xB5, 0x07, 
	0x7A, 0x7D, 0x32, 0x80, 0x70, 0x6F, 0x73, 0x3C, 0x72, 0x70, 0x3B, 0x70, 0x6C, 0x37, 0x6D, 0x01, 
	0x0F, 0x07, 0x79, 0x83, 0x3D, 0x33, 0x1A, 0x02, 0x1A, 0x36, 0x02, 0x18, 0x37, 0x03, 0x33, 0x1A, 
	0x03, 0x1A, 0x03, 0x08, 0x08, 0x00, 0x01, 0x80, 0x00, 0x0D, 0x02, 0x01, 0x03, 0x1B, 0x6C, 0x18, 
	0x32, 0x1B, 0x00, 0x06, 0x02, 0x06, 0x06, 0x02, 0x81, 0x00, 0x83, 0x02, 0x80, 0x00, 0x82, 0x05, 
	0x00, 0x1F, 0x80, 0x0E, 0x00, 0x05, 0x00, 0x0C, 0x80, 0x0E, 0x00, 0x1F, 0x82, 0x05, 0x80, 0x00, 
	0x83, 0x02, 0x4C, 0x04, 0x00, 0x12, 0x10, 0x10, 0x59, 0x00, 0x59, 0x2C, 0x02, 0x68, 0xDF, 0xFB, 
	0xCD, 0x0B, 0x02, 0x02, 0x00, 0x00, 0x69, 0xFB, 0x6A, 0x02, 0x02, 0x04, 0xC5, 0x5E, 0x5A, 0xC5, 
	0x04, 0xC1, 0x63, 0x28, 0xC2, 0x02, 0x63, 0x63, 0x04, 0xC1, 0x11, 0x59, 0x64, 0x02, 0x63, 0x2C, 
	0x1E, 0x63, 0x02, 0x59, 0x2C, 0x02, 0x12, 0x02, 0x12, 0x04, 0x5B, 0xC6, 0xC4, 0xC6, 0x65, 0x11, 
	0x0B, 0x0B, 0x11, 0x2B, 0x28, 0x2C, 0x5B, 0x2C, 0x65, 0x12, 0x06, 0x04, 0x06, 0x04, 0x12, 0x11, 
	0x80, 0x00, 0x8D, 0x02, 0x03, 0x06, 0x02, 0x02, 0x06, 0x90, 0x02, 0x00, 0x06, 0x95, 0x02, 0x02, 
	0x04, 0x06, 0x06, 0x8A, 0x02, 0x81, 0x04, 0x80, 0x02, 0x00, 0x00, 0x89, 0x02, 0x00, 0x06, 0x87, 
	0x02, 0x00, 0x06, 0x8A, 0x02, 0x00, 0x00, 0x80, 0x02, 0x00, 0x06, 0x87, 0x02, 0x3D, 0x03, 0x02, 
	0x02, 0x01, 0x09, 0x3B, 0x37, 0x1B, 0x34, 0x1A, 0x32, 0x3C, 0x34, 0x3B, 0x33, 0x19, 0x36, 0x02, 
	0x08, 0x03, 0x76, 0x89, 0x3D, 0x37, 0x36, 0x02, 0x3A, 0x3B, 0x02, 0x1B, 0x71, 0x03, 0x3E, 0x3C, 
	0x07, 0x71, 0x08, 0x3B, 0x71, 0x00, 0x71, 0x37, 0x1A, 0x3E, 0x03, 0x3B, 0x3C, 0x1B, 0x70, 0x32, 
	0x6C, 0x72, 0x07, 0x37, 0x07, 0x1A, 0x32, 0x00, 0x1A, 0x07, 0x07, 0x08, 0x83, 0x02, 0x80, 0x00, 
	0x82, 0x05, 0x00, 0x1F, 0x80, 0x0E, 0x00, 0x05, 0x00, 0x0C, 0x80, 0x0E, 0x00, 0x1F, 0x82, 0x05, 
	0x80, 0x00, 0x82, 0x02, 0x0F, 0x2B, 0xC5, 0x02, 0xC0, 0x5E, 0x2B, 0xC2, 0x02, 0x65, 0x5E, 0x02, 
	0x04, 0xDE, 0xFD, 0xCD, 0x02, 0x81, 0x00, 0x09, 0x5D, 0xF1, 0x68, 0x2E, 0x02, 0x02, 0x2D, 0x12, 
	0x04, 0x0B, 0x80, 0x02, 0x02, 0x00, 0x02, 0x00, 0x80, 0x02, 0x81, 0x06, 0x85, 0x02, 0x80, 0x00, 
	0x13, 0xC5, 0xCB, 0xD4, 0xD6, 0xD6, 0xD4, 0xCC, 0x11, 0x04, 0x04, 0xC3, 0xD6, 0xCB, 0xCB, 0xD7, 
	0x65, 0xC9, 0x28, 0x06, 0x04, 0x81, 0x02, 0x01, 0x00, 0x00, 0x81, 0x02, 0x81, 0x04, 0x85, 0x02, 
	0x03, 0x06, 0x02, 0x06, 0x06, 0x8A, 0x02, 0x01, 0x04, 0x06, 0x9C, 0x02, 0x01, 0x04, 0x04, 0x87, 
	0x02, 0x02, 0x00, 0x00, 0x02, 0x81, 0x04, 0x00, 0x02, 0x80, 0x00, 0x01, 0x02, 0x06, 0x84, 0x02, 
	0x01, 0x04, 0x04, 0x89, 0x02, 0x02, 0x06, 0x06, 0x04, 0x80, 0x02, 0x00, 0x06, 0x82, 0x02, 0x01, 
	0x06, 0x06, 0x81, 0x02, 0x00, 0x06, 0x82, 0x02, 0x05, 0x06, 0x06, 0x02, 0x02, 0x06, 0x06, 0x82, 
	0x02, 0x08, 0x00, 0x3B, 0x70, 0x3B, 0x03, 0x70, 0x6F, 0x00, 0x00, 0x81, 0x02, 0x03, 0x06, 0x37, 
	0x3E, 0x33, 0x82, 0x02, 0x22, 0x00, 0x06, 0x02, 0x02, 0x03, 0x03, 0x06, 0x01, 0x02, 0x07, 0x07, 
	0x02, 0x19, 0x08, 0x08, 0x33, 0x02, 0x32, 0x34, 0x18, 0x3C, 0x1B, 0x3C, 0x6D, 0x08, 0x6D, 0x18, 
	0x34, 0x3C, 0x01, 0x6D, 0x1B, 0x37, 0x71, 0x01, 0x82, 0x02, 0x80, 0x00, 0x82, 0x05, 0x04, 0x1F, 
	0x0E, 0x0C, 0x0E, 0x05, 0x00, 0x05, 0x80, 0x0E, 0x00, 0x1F, 0x82, 0x05, 0x80, 0x00, 0x82, 0x02, 
	0x06, 0x0B, 0x28, 0x00, 0x02, 0x00, 0x00, 0x06, 0x82, 0x04, 0x02, 0x68, 0xDF, 0xDF, 0x81, 0x00, 
	0x06, 0x06, 0x12, 0x2C, 0xF9, 0xE1, 0x04, 0x04, 0x80, 0x02, 0x81, 0x00, 0x8D, 0x02, 0x80, 0x00, 
	0x08, 0x02, 0x02, 0xCB, 0xD6, 0xD4, 0xC5, 0xC5, 0xC1, 0x5B, 0x80, 0x0B, 0x7F, 0xC5, 0xD6, 0xCB, 
	0xCB, 0xD6, 0x65, 0x67, 0x10, 0x12, 0x59, 0x0B, 0x2C, 0x59, 0x06, 0x5A, 0x2B, 0x00, 0x02, 0x02, 
	0x2C, 0x5A, 0x04, 0x5B, 0x59, 0x0B, 0x63, 0x02, 0x2C, 0x5B, 0x02, 0x67, 0x59, 0x02, 0x65, 0x28, 
	0x44, 0x65, 0x02, 0x63, 0x5B, 0x02, 0x97, 0x2C, 0x2D, 0x97, 0x02, 0x60, 0x64, 0x04, 0x98, 0x44, 
	0x0D, 0x96, 0x0A, 0x48, 0x8D, 0x02, 0x49, 0x48, 0x02, 0x8D, 0x22, 0x41, 0x8D, 0x02, 0x49, 0x48, 
	0x02, 0x8D, 0x41, 0x21, 0x8E, 0x02, 0x48, 0x49, 0x02, 0x8F, 0x42, 0x0D, 0x90, 0x0D, 0x46, 0x8F, 
	0x02, 0x8D, 0x49, 0x02, 0x8E, 0x21, 0x45, 0x91, 0x02, 0x49, 0x49, 0x00, 0x91, 0x47, 0x1D, 0x92, 
	0x0D, 0x54, 0x92, 0x00, 0x92, 0x50, 0x0A, 0x51, 0x0D, 0x51, 0x9F, 0x02, 0x58, 0x58, 0x04, 0xA2, 
	0x4B, 0x24, 0xA1, 0x02, 0x50, 0x56, 0x06, 0x55, 0x51, 0x0F, 0x57, 0x02, 0x4B, 0x15, 0x55, 0x04, 
	0x52, 0x4B, 0x02, 0x55, 0x16, 0x26, 0x4F, 0x00, 0x38, 0x26, 0x06, 0x4F, 0x0F, 0x23, 0x38, 0x06, 
	0x23, 0x23, 0x02, 0x07, 0x80, 0x03, 0x07, 0x04, 0x03, 0x03, 0x04, 0x06, 0x02, 0x00, 0x00, 0x80, 
	0x02, 0x05, 0x6C, 0x73, 0x6C, 0x03, 0x70, 0x6E, 0x83, 0x02, 0x04, 0x06, 0x6F, 0x81, 0x3C, 0x06, 
	0x86, 0x02, 0x01, 0x06, 0x06, 0x8C, 0x02, 0x0C, 0x00, 0x00, 0x08, 0x1B, 0x08, 0x02, 0x03, 0x02, 
	0x01, 0x02, 0x07, 0x18, 0x00, 0x82, 0x02, 0x80, 0x00, 0x82, 0x05, 0x04, 0x1F, 0x0C, 0x0C, 0x0E, 
	0x05, 0x00, 0x05, 0x80, 0x0E, 0x00, 0x1F, 0x81, 0x05, 0x00, 0x06, 0x80, 0x00, 0x83, 0x02, 0x80, 
	0x00, 0x80, 0x02, 0x00, 0x04, 0x82, 0x02, 0x04, 0xE0, 0xF3, 0x17, 0x00, 0x00, 0x80, 0x06, 0x05, 
	0x0C, 0xF8, 0xE0, 0x60, 0x04, 0x02, 0x83, 0x00, 0x17, 0x02, 0x0B, 0x02, 0x12, 0x11, 0x04, 0x2B, 
	0x04, 0x2B, 0x2C, 0x04, 0x5E, 0x12, 0x2B, 0x63, 0x00, 0x67, 0x59, 0x00, 0x2D, 0x04, 0xD4, 0xD6, 
	0xCA, 0x81, 0x02, 0x12, 0x04, 0xC6, 0x65, 0xC5, 0xD6, 0xCB, 0xCB, 0xD6, 0x65, 0x00, 0x00, 0x2C, 
	0xCF, 0x1E, 0x63, 0xC4, 0x04, 0xC6, 0x5B, 0x80, 0x02, 0x7F, 0x64, 0xC1, 0x04, 0xC1, 0x63, 0x10, 
	0xC2, 0x0B, 0x59, 0x65, 0x02, 0x64, 0x5A, 0x0B, 0xC1, 0x28, 0x59, 0x65, 0x02, 0x67, 0x5B, 0x02, 
	0x64, 0x2B, 0x28, 0x64, 0x02, 0x5A, 0x60, 0x04, 0x60, 0x2C, 0x0D, 0x61, 0x0A, 0x41, 0x46, 0x02, 
	0x45, 0x41, 0x02, 0x46, 0x0D, 0x1C, 0x46, 0x02, 0x41, 0x41, 0x02, 0x45, 0x22, 0x1C, 0x46, 0x02, 
	0x41, 0x41, 0x02, 0x45, 0x21, 0x0A, 0x46, 0x0A, 0x21, 0x46, 0x02, 0x46, 0x41, 0x02, 0x48, 0x1C, 
	0x21, 0x48, 0x02, 0x43, 0x43, 0x02, 0x49, 0x21, 0x0D, 0x54, 0x0A, 0x47, 0x54, 0x02, 0x54, 0x4E, 
	0x04, 0x43, 0x0A, 0x43, 0x92, 0x04, 0x55, 0x55, 0x02, 0xA2, 0x4B, 0x24, 0xA1, 0x02, 0x55, 0x57, 
	0x02, 0x9F, 0x55, 0x0F, 0xB5, 0x02, 0x52, 0xA0, 0x04, 0x9F, 0x56, 0x02, 0xB5, 0x26, 0x52, 0xA0, 
	0x00, 0x7C, 0x7C, 0x03, 0xB6, 0x26, 0x52, 0xA4, 0x06, 0x7D, 0x2F, 0x7D, 0x00, 0xB5, 0x39, 0x4F, 
	0xB5, 0x03, 0x7D, 0x56, 0x02, 0xA4, 0x08, 0x39, 0x53, 0x00, 0x02, 0x02, 0x35, 0x72, 0x35, 0x03, 
	0x70, 0x6E, 0x3B, 0x09, 0x19, 0x3D, 0x02, 0x36, 0x33, 0x6F, 0x81, 0x6D, 0x19, 0x1A, 0x02, 0x09, 
	0x18, 0x02, 0x02, 0x07, 0x02, 0x00, 0x00, 0x06, 0x1A, 0x03, 0x06, 0x80, 0x02, 0x00, 0x06, 0x87, 
	0x02, 0x04, 0x34, 0x70, 0x3C, 0x03, 0x00, 0x81, 0x02, 0x01, 0x00, 0x00, 0x82, 0x02, 0x80, 0x00, 
	0x82, 0x05, 0x00, 0x1F, 0x80, 0x0E, 0x00, 0x05, 0x00, 0x0C, 0x80, 0x0E, 0x00, 0x1F, 0x81, 0x05, 
	0x00, 0x06, 0x80, 0x00, 0x82, 0x02, 0x81, 0x00, 0x00, 0x06, 0x80, 0x04, 0x30, 0x10, 0x0B, 0x10, 
	0x29, 0x00, 0xE1, 0xEB, 0xDA, 0xC2, 0xD0, 0x13, 0x03, 0x28, 0x63, 0xF7, 0xED, 0xD0, 0x00, 0xC0, 
	0x29, 0x5B, 0x65, 0x00, 0xC2, 0x59, 0x59, 0xC5, 0x02, 0xC2, 0x64, 0x28, 0xC5, 0x0B, 0x63, 0x65, 
	0x02, 0xC6, 0x2D, 0x59, 0xC1, 0x00, 0x63, 0x59, 0x00, 0x2D, 0x04, 0xCB, 0xDB, 0xC2, 0x82, 0x02, 
	0x07, 0x5A, 0x59, 0xC1, 0xDB, 0x64, 0xC1, 0xC9, 0x5A, 0x80, 0x00, 0x07, 0x04, 0x06, 0x0B, 0x0B, 
	0x63, 0xC9, 0xC1, 0x02, 0x80, 0x04, 0x07, 0x02, 0x06, 0x02, 0x02, 0x04, 0x04, 0x06, 0x06, 0x80, 
	0x02, 0x05, 0x06, 0x06, 0x04, 0x02, 0x04, 0x04, 0x84, 0x02, 0x00, 0x00, 0x84, 0x02, 0x00, 0x04, 
	0x9F, 0x02, 0x01, 0x04, 0x04, 0x81, 0x02, 0x0B, 0x04, 0x26, 0x92, 0x54, 0x4E, 0x92, 0x43, 0x54, 
	0x92, 0x23, 0x58, 0x54, 0x84, 0x02, 0x01, 0x04, 0x06, 0x85, 0x02, 0x02, 0x04, 0x04, 0x06, 0x81, 
	0x04, 0x00, 0x06, 0x86, 0x02, 0x15, 0x06, 0x04, 0x02, 0x06, 0x02, 0x03, 0x06, 0x07, 0x07, 0x02, 
	0x23, 0x0F, 0x0F, 0x38, 0x03, 0x38, 0x25, 0x02, 0x4F, 0x03, 0x25, 0x38, 0x80, 0x02, 0x37, 0x1A, 
	0x34, 0x1B, 0x02, 0x3C, 0x6D, 0x3D, 0x0F, 0x1A, 0x76, 0x03, 0x3B, 0x3B, 0x6E, 0x80, 0x6D, 0x3D, 
	0x3E, 0x02, 0x37, 0x71, 0x00, 0x18, 0x7A, 0x01, 0x3C, 0x3C, 0x36, 0x79, 0x71, 0x1B, 0x19, 0x06, 
	0x3B, 0x3B, 0x08, 0x3C, 0x07, 0x1B, 0x33, 0x00, 0x32, 0x18, 0x06, 0x03, 0x34, 0x73, 0x72, 0x08, 
	0x07, 0x06, 0x03, 0x02, 0x02, 0x00, 0x00, 0x82, 0x02, 0x80, 0x00, 0x82, 0x05, 0x00, 0x1F, 0x80, 
	0x0E, 0x00, 0x05, 0x00, 0x05, 0x80, 0x0E, 0x00, 0x1F, 0x81, 0x05, 0x00, 0x06, 0x81, 0x00, 0x81, 
	0x02, 0x28, 0x59, 0x64, 0x02, 0xC1, 0x2C, 0x5B, 0xC5, 0x0B, 0xC5, 0x5A, 0x5A, 0xC5, 0x00, 0x00, 
	0x59, 0xCA, 0xDA, 0xF0, 0x1F, 0x10, 0x62, 0xDA, 0xED, 0xDA, 0xC0, 0x00, 0x63, 0x12, 0x2C, 0x59, 
	0x00, 0x2C, 0x12, 0x10, 0x2D, 0x04, 0x11, 0x10, 0x02, 0x0B, 0x04, 0x82, 0x02, 0x85, 0x00, 0x19, 
	0x02, 0x00, 0xC5, 0xD4, 0xDA, 0x28, 0x06, 0x02, 0x04, 0x04, 0x5C, 0xC9, 0x12, 0x02, 0x02, 0x62, 
	0xD4, 0xD4, 0x28, 0x28, 0x04, 0xC9, 0xC4, 0xCA, 0xD6, 0xD4, 0x86, 0x02, 0x03, 0x06, 0x04, 0x02, 
	0x06, 0x95, 0x02, 0x01, 0x04, 0x04, 0x86, 0x02, 0x01, 0x00, 0x00, 0x85, 0x02, 0x00, 0x06, 0x8A, 
	0x02, 0x81, 0x04, 0x11, 0x43, 0x43, 0x54, 0xB3, 0xB0, 0x92, 0xB3, 0x92, 0xB0, 0xB3, 0x4B, 0xB3, 
	0xB0, 0x0A, 0x02, 0x02, 0x04, 0x04, 0x8A, 0x02, 0x01, 0x04, 0x06, 0x86, 0x02, 0x04, 0x38, 0x7F, 
	0x7A, 0x03, 0x04, 0x83, 0x02, 0x08, 0x07, 0x7E, 0xAF, 0x7A, 0x02, 0x04, 0x7A, 0x87, 0x7A, 0x81, 
	0x02, 0x06, 0x00, 0x02, 0x02, 0x06, 0x02, 0x02, 0x06, 0x80, 0x02, 0x00, 0x06, 0x80, 0x02, 0x01, 
	0x06, 0x06, 0x80, 0x02, 0x2A, 0x1A, 0x37, 0x25, 0x03, 0x03, 0x02, 0x07, 0x18, 0x02, 0x03, 0x1A, 
	0x00, 0x1A, 0x1A, 0x01, 0x3E, 0x18, 0x08, 0x08, 0x06, 0x37, 0x3B, 0x08, 0x6D, 0x18, 0x34, 0x3C, 
	0x00, 0x6C, 0x33, 0x02, 0x03, 0x34, 0x73, 0x70, 0x1B, 0x71, 0x07, 0x3C, 0x34, 0x18, 0x6C, 0x01, 
	0x82, 0x02, 0x80, 0x00, 0x00, 0x06, 0x81, 0x05, 0x00, 0x1F, 0x80, 0x0E, 0x00, 0x05, 0x00, 0x05, 
	0x80, 0x0E, 0x00, 0x1F, 0x81, 0x05, 0x82, 0x00, 0x81, 0x02, 0x0B, 0x2C, 0x5E, 0x02, 0x5E, 0x28, 
	0x29, 0x59, 0x04, 0x2B, 0x10, 0x04, 0x10, 0x80, 0x00, 0x09, 0x2A, 0x66, 0x68, 0xCF, 0xDA, 0xDA, 
	0x2C, 0x28, 0xD4, 0xC0, 0x85, 0x00, 0x83, 0x02, 0x00, 0x04, 0x80, 0x02, 0x01, 0x00, 0x00, 0x81, 
	0x02, 0x1E, 0x06, 0x02, 0x06, 0x06, 0x02, 0x00, 0x00, 0xCB, 0xD6, 0xD4, 0x28, 0x04, 0x02, 0x06, 
	0x04, 0x62, 0xD4, 0x59, 0x02, 0x0B, 0xDB, 0xD6, 0xD6, 0x5C, 0x1E, 0x0B, 0xC6, 0xC1, 0xCA, 0xD6, 
	0xDB, 0x80, 0x02, 0x80, 0x00, 0x1A, 0x04, 0x02, 0x04, 0x10, 0x04, 0x10, 0x12, 0x06, 0x28, 0x10, 
	0x02, 0x2B, 0x02, 0x28, 0x2B, 0x02, 0x44, 0x2A, 0x02, 0x5A, 0x10, 0x1E, 0x5A, 0x02, 0x44, 0x59, 
	0x00, 0x83, 0x04, 0x82, 0x02, 0x44, 0x49, 0x1C, 0x21, 0x48, 0x00, 0x46, 0x41, 0x02, 0x48, 0x22, 
	0x22, 0x48, 0x02, 0x42, 0x42, 0x02, 0x48, 0x41, 0x0A, 0x49, 0x0A, 0x21, 0x48, 0x02, 0x46, 0x45, 
	0x02, 0x49, 0x21, 0x41, 0x54, 0x0A, 0x91, 0x93, 0x54, 0xB3, 0xB0, 0x92, 0xB3, 0x92, 0xB0, 0xB3, 
	0x4B, 0xB3, 0xB0, 0x91, 0x21, 0x0A, 0x24, 0x54, 0x04, 0x27, 0x26, 0x02, 0x43, 0x1D, 0x02, 0x43, 
	0x02, 0x23, 0x27, 0x02, 0x0F, 0x0F, 0x04, 0x0F, 0x04, 0x03, 0x0F, 0x81, 0x02, 0x06, 0x03, 0x7A, 
	0xAA, 0xAF, 0x07, 0x07, 0x03, 0x82, 0x02, 0x09, 0x07, 0x87, 0xAA, 0x7F, 0x03, 0x0A, 0x7E, 0xAA, 
	0x7F, 0x00, 0x81, 0x02, 0x01, 0x06, 0x04, 0x80, 0x06, 0x01, 0x02, 0x06, 0xA1, 0x02, 0x82, 0x00, 
	0x0C, 0x08, 0x18, 0x34, 0x73, 0x70, 0x08, 0x1B, 0x03, 0x32, 0x1A, 0x09, 0x3B, 0x01, 0x82, 0x02, 
	0x81, 0x00, 0x81, 0x05, 0x04, 0x1F, 0x13, 0x0E, 0x0E, 0x05, 0x04, 0x05, 0x0E, 0x0E, 0x13, 0x1F, 
	0x81, 0x05, 0x81, 0x00, 0x88, 0x02, 0x00, 0x04, 0x80, 0x02, 0x83, 0x00, 0x08, 0x06, 0x04, 0xC1, 
	0xDB, 0xD9, 0x5C, 0xC1, 0xDA, 0x66, 0x84, 0x00, 0x01, 0x02, 0x02, 0x84, 0x04, 0x0B, 0x02, 0x02, 
	0x00, 0x0B, 0x00, 0x11, 0x28, 0x02, 0x2B, 0x12, 0x12, 0x5D, 0x80, 0x06, 0x10, 0xCB, 0xD6, 0xD9, 
	0x28, 0x02, 0x06, 0x02, 0x02, 0xCC, 0xD4, 0x67, 0x02, 0x04, 0xC1, 0xD6, 0xD5, 0x2B, 0x80, 0x00, 
	0x26, 0x02, 0xCB, 0xD6, 0xD4, 0x44, 0xC5, 0x04, 0x1E, 0x1E, 0x00, 0xC5, 0x63, 0x2B, 0xCA, 0x0B, 
	0x64, 0xC4, 0x04, 0xC4, 0x60, 0x0B, 0xCA, 0x12, 0x60, 0xC6, 0x02, 0xC6, 0x64, 0x0B, 0xC8, 0x2D, 
	0x59, 0xC4, 0x02, 0x64, 0x65, 0x02, 0x29, 0x10, 0x80, 0x04, 0x7F, 0x47, 0x61, 0x00, 0x02, 0x02, 
	0x0A, 0x9A, 0x21, 0x45, 0x8D, 0x02, 0x48, 0x48, 0x02, 0x8D, 0x41, 0x21, 0x8E, 0x02, 0x48, 0x48, 
	0x02, 0x8D, 0x46, 0x0D, 0x96, 0x0D, 0x46, 0x8D, 0x02, 0x8D, 0x49, 0x02, 0x8E, 0x43, 0x48, 0x9A, 
	0x0D, 0x49, 0x54, 0x54, 0xB3, 0xB0, 0x92, 0xB3, 0x92, 0xB0, 0xB3, 0x4B, 0xB3, 0xB0, 0x54, 0x43, 
	0x0D, 0x51, 0xA5, 0x0A, 0x57, 0x9F, 0x02, 0xA6, 0x54, 0x02, 0xB9, 0x0C, 0x92, 0xB6, 0x04, 0xA2, 
	0x57, 0x0F, 0x52, 0x0F, 0x55, 0xB6, 0x02, 0x9F, 0x7C, 0x02, 0x7E, 0x7F, 0x84, 0x7F, 0x4D, 0x7D, 
	0x4D, 0x02, 0x25, 0x0F, 0x02, 0x02, 0x03, 0x87, 0xAA, 0x7E, 0x7D, 0x38, 0x7E, 0xAA, 0x7E, 0x25, 
	0x03, 0x02, 0x02, 0x06, 0x25, 0x4D, 0x04, 0x39, 0x39, 0x06, 0x39, 0x07, 0x19, 0x36, 0x06, 0x1A, 
	0x19, 0x03, 0x19, 0x06, 0x03, 0x03, 0x02, 0x03, 0x06, 0x02, 0x02, 0x02, 0x06, 0x06, 0x03, 0x81, 
	0x06, 0x05, 0x02, 0x02, 0x00, 0x02, 0x00, 0x00, 0x87, 0x02, 0x06, 0x00, 0x00, 0x3C, 0x70, 0x3C, 
	0x18, 0x18, 0x8A, 0x02, 0x81, 0x00, 0x81, 0x05, 0x04, 0x1F, 0x13, 0x0E, 0x0E, 0x05, 0x04, 0x05, 
	0x0E, 0x0E, 0x13, 0x1F, 0x81, 0x05, 0x81, 0x00, 0x85, 0x02, 0x04, 0x06, 0x02, 0x02, 0x04, 0x02, 
	0x82, 0x00, 0x2E, 0x04, 0x02, 0x04, 0x12, 0x03, 0x04, 0xC7, 0xD9, 0xD4, 0xD9, 0xD4, 0x63, 0x04, 
	0x60, 0x02, 0x5B, 0x5B, 0x02, 0x65, 0x12, 0x5B, 0x64, 0x0B, 0xC1, 0x5A, 0x59, 0xC6, 0x04, 0x65, 
	0x63, 0x0B, 0xC7, 0x02, 0x63, 0xC3, 0x02, 0xC4, 0x59, 0x2C, 0xCA, 0x02, 0x02, 0x00, 0xCB, 0xD6, 
	0xD9, 0x28, 0x81, 0x02, 0x21, 0xC0, 0xDB, 0x5B, 0x0B, 0x10, 0x5C, 0xD9, 0xD4, 0x0B, 0x06, 0x00, 
	0x2B, 0x2B, 0xC2, 0xCB, 0xC5, 0x1E, 0x5A, 0x02, 0x04, 0x02, 0x00, 0x2D, 0x12, 0x04, 0x28, 0x0A, 
	0x10, 0x1E, 0x04, 0x10, 0x0B, 0x02, 0x0B, 0x83, 0x02, 0x00, 0x06, 0x84, 0x02, 0x0F, 0x0D, 0x42, 
	0x41, 0x0D, 0x1C, 0x1C, 0x8F, 0x8F, 0x1C, 0x46, 0x46, 0x0A, 0x02, 0x02, 0x04, 0x04, 0x8E, 0x02, 
	0x03, 0x00, 0x02, 0x00, 0x00, 0x81, 0x02, 0x16, 0x20, 0x43, 0x20, 0x0A, 0x04, 0x1D, 0x54, 0x51, 
	0x26, 0x50, 0x26, 0x51, 0x54, 0x1D, 0x50, 0x51, 0x24, 0x43, 0x26, 0x02, 0x02, 0x04, 0x06, 0x84, 
	0x02, 0x24, 0x03, 0x0C, 0x02, 0x0D, 0x0D, 0x02, 0x0F, 0x02, 0x0F, 0x23, 0x02, 0x23, 0x23, 0x02, 
	0x1A, 0x7D, 0x7F, 0x53, 0x7E, 0xAA, 0xAF, 0x19, 0x0F, 0x03, 0x02, 0x02, 0x03, 0x87, 0xAA, 0x7E, 
	0x39, 0x25, 0x7A, 0x82, 0x7E, 0x36, 0x03, 0x80, 0x02, 0x2A, 0x38, 0x7A, 0x03, 0x53, 0x53, 0x03, 
	0x7D, 0x1A, 0x39, 0x7A, 0x02, 0x7A, 0x3D, 0x19, 0x7B, 0x07, 0x40, 0x3E, 0x01, 0x7A, 0x1A, 0x36, 
	0x3E, 0x02, 0x33, 0x6D, 0x03, 0x03, 0x3E, 0x08, 0x3A, 0x3B, 0x1A, 0x6D, 0x3B, 0x03, 0x08, 0x06, 
	0x33, 0x34, 0x03, 0x32, 0x19, 0x80, 0x02, 0x04, 0x08, 0x01, 0x6C, 0x73, 0x6C, 0x81, 0x00, 0x88, 
	0x02, 0x81, 0x00, 0x81, 0x05, 0x04, 0x1F, 0x14, 0x0E, 0x0E, 0x05, 0x04, 0x0C, 0x0E, 0x0E, 0x14, 
	0x1F, 0x81, 0x05, 0x80, 0x00, 0x82, 0x02, 0x33, 0x00, 0x5A, 0x5E, 0x04, 0x65, 0x11, 0x5B, 0x63, 
	0x00, 0xC2, 0x28, 0x5B, 0x65, 0x00, 0xC5, 0x59, 0x5E, 0xC5, 0x04, 0x06, 0x2C, 0x64, 0x65, 0xC5, 
	0x11, 0x04, 0x11, 0xC2, 0x04, 0x63, 0x5E, 0x02, 0x65, 0x11, 0x59, 0x5B, 0x02, 0x5B, 0x2B, 0x28, 
	0x59, 0x02, 0x2D, 0x28, 0x00, 0x28, 0x00, 0x02, 0x0B, 0x06, 0x0B, 0x04, 0x82, 0x02, 0x02, 0x63, 
	0xC1, 0xC5, 0x80, 0xD4, 0x12, 0xDB, 0xC5, 0x5C, 0x62, 0x64, 0xCB, 0xCB, 0xC4, 0x1E, 0x12, 0x04, 
	0x06, 0x28, 0xD4, 0xD4, 0xC1, 0xC4, 0xCA, 0x04, 0x81, 0x02, 0x01, 0x00, 0x00, 0x82, 0x02, 0x01, 
	0x04, 0x06, 0x88, 0x02, 0x01, 0x04, 0x06, 0x82, 0x02, 0x0B, 0x45, 0x9C, 0x9A, 0x49, 0x9C, 0x8D, 
	0x94, 0x94, 0x48, 0x9C, 0x9C, 0x0D, 0x80, 0x02, 0x00, 0x04, 0x91, 0x02, 0x00, 0x00, 0x81, 0x02, 
	0x04, 0x92, 0xB0, 0x92, 0x0A, 0x0A, 0x82, 0x02, 0x01, 0x0A, 0x0A, 0x81, 0x02, 0x02, 0x92, 0xB3, 
	0xB0, 0x8B, 0x02, 0x00, 0x06, 0x84, 0x02, 0x00, 0x06, 0x83, 0x02, 0x04, 0xAF, 0xAA, 0xAB, 0x1A, 
	0x00, 0x80, 0x02, 0x14, 0x03, 0x7B, 0x7F, 0x7A, 0x04, 0x02, 0x19, 0x1A, 0x19, 0x06, 0x23, 0x36, 
	0x1A, 0x03, 0x06, 0x06, 0x04, 0x06, 0x06, 0x02, 0x06, 0x81, 0x02, 0x31, 0x03, 0x02, 0x04, 0x08, 
	0x04, 0x0F, 0x19, 0x02, 0x1A, 0x07, 0x18, 0x36, 0x06, 0x19, 0x37, 0x02, 0x03, 0x3B, 0x08, 0x36, 
	0x3B, 0x19, 0x71, 0x3B, 0x07, 0x18, 0x02, 0x3B, 0x6D, 0x07, 0x6E, 0x34, 0x02, 0x02, 0x01, 0x6D, 
	0x35, 0x6C, 0x73, 0x72, 0x00, 0x02, 0x07, 0x3C, 0x07, 0x34, 0x3B, 0x03, 0x3C, 0x18, 0x83, 0x02, 
	0x80, 0x00, 0x81, 0x05, 0x04, 0x1F, 0x14, 0x0E, 0x0E, 0x05, 0x04, 0x0C, 0x0E, 0x0E, 0x14, 0x15, 
	0x81, 0x05, 0x80, 0x00, 0x83, 0x02, 0x19, 0x63, 0x63, 0x0B, 0x65, 0x11, 0x59, 0x5B, 0x00, 0x5E, 
	0x10, 0x2D, 0x2C, 0x02, 0x2C, 0x12, 0x12, 0x28, 0x02, 0x02, 0x00, 0x00, 0x02, 0x00, 0x00, 0x02, 
	0x06, 0x81, 0x02, 0x01, 0x04, 0x04, 0x82, 0x02, 0x00, 0x00, 0x88, 0x02, 0x00, 0x06, 0x85, 0x02, 
	0x00, 0x63, 0x80, 0xD4, 0x13, 0xCB, 0xC1, 0x00, 0x00, 0x5B, 0xC9, 0xCB, 0x65, 0x28, 0x28, 0x2C, 
	0x59, 0x2C, 0xC7, 0xC4, 0x5E, 0xC9, 0xCB, 0x04, 0x04, 0x85, 0x02, 0x00, 0x06, 0x8A, 0x02, 0x03, 
	0x04, 0x02, 0x04, 0x04, 0x81, 0x02, 0x0B, 0x42, 0x9E, 0x90, 0x46, 0x90, 0x49, 0x9E, 0x9E, 0x48, 
	0x9C, 0x9C, 0x0D, 0x84, 0x0A, 0x0C, 0x02, 0x02, 0x00, 0x00, 0x02, 0x00, 0x02, 0x0A, 0x04, 0x0A, 
	0x0A, 0x02, 0x0A, 0x86, 0x02, 0x04, 0x92, 0xB0, 0x92, 0x0A, 0x0A, 0x81, 0x02, 0x09, 0x0A, 0x0A, 
	0x02, 0x02, 0x00, 0x02, 0x02, 0x92, 0xB3, 0xB0, 0x83, 0x02, 0x02, 0x04, 0x02, 0x04, 0x89, 0x02, 
	0x81, 0x04, 0x80, 0x02, 0x05, 0x00, 0x7E, 0xAA, 0x87, 0x1A, 0x02, 0x81, 0x04, 0x80, 0x03, 0x83, 
	0x02, 0x05, 0x7A, 0xA7, 0x82, 0x36, 0x02, 0x06, 0x81, 0x02, 0x00, 0x06, 0x97, 0x02, 0x01, 0x03, 
	0x00, 0x81, 0x02, 0x15, 0x03, 0x02, 0x07, 0x03, 0x06, 0x02, 0x03, 0x1B, 0x19, 0x35, 0x70, 0x6C, 
	0x18, 0x00, 0x01, 0x37, 0x07, 0x33, 0x34, 0x03, 0x6C, 0x1B, 0x83, 0x02, 0x80, 0x00, 0x81, 0x05, 
	0x04, 0x15, 0x14, 0x0E, 0x0E, 0x05, 0x04, 0x0C, 0x0E, 0x0E, 0x16, 0x15, 0x81, 0x05, 0x81, 0x00, 
	0x86, 0x02, 0x84, 0x00, 0x02, 0x02, 0x00, 0x02, 0x80, 0x04, 0x01, 0x02, 0x02, 0x83, 0x00, 0x80, 
	0x02, 0x00, 0x0A, 0x81, 0x04, 0x01, 0x02, 0x02, 0x81, 0x00, 0x82, 0x02, 0x03, 0x04, 0x06, 0x04, 
	0x04, 0x83, 0x02, 0x0B, 0x04, 0x02, 0x02, 0x11, 0x04, 0x11, 0x12, 0x00, 0x12, 0x10, 0x00, 0x00, 
	0x80, 0x02, 0x7F, 0x5B, 0xD4, 0xC9, 0xD4, 0xD6, 0xCB, 0x10, 0x00, 0x28, 0xC4, 0xC4, 0x28, 0x2B, 
	0x0A, 0x67, 0x5B, 0x02, 0x97, 0x59, 0x2C, 0xC1, 0x02, 0x67, 0x65, 0x04, 0xC1, 0x59, 0x12, 0xC5, 
	0x04, 0x67, 0x97, 0x02, 0xC1, 0x63, 0x0B, 0xC7, 0x28, 0x5A, 0xC6, 0x02, 0x65, 0x65, 0x46, 0x9C, 
	0x90, 0x02, 0x22, 0x0A, 0x46, 0x90, 0x41, 0x9C, 0x9C, 0x0D, 0x02, 0x0A, 0x46, 0x9A, 0x0D, 0x8D, 
	0x49, 0x02, 0x96, 0x41, 0x41, 0x9A, 0x02, 0x49, 0x8F, 0x0A, 0x8E, 0x49, 0x1C, 0x9A, 0x0D, 0x48, 
	0x8E, 0x02, 0x8D, 0x49, 0x00, 0x9A, 0x46, 0x92, 0xB3, 0x92, 0x91, 0x91, 0x02, 0x26, 0x1D, 0x1D, 
	0xBF, 0x24, 0x54, 0xA6, 0x00, 0xA2, 0x92, 0x58, 0xB3, 0xB0, 0x4E, 0xA5, 0x03, 0x55, 0x9F, 0x04, 
	0xA6, 0x55, 0x02, 0xB6, 0x0F, 0x55, 0xA1, 0x02, 0x58, 0x58, 0x02, 0xA1, 0x26, 0x26, 0xA1, 0x04, 
	0x58, 0x56, 0x04, 0x24, 0x7C, 0x38, 0x23, 0x53, 0x39, 0x7A, 0x3D, 0x07, 0x56, 0x4F, 0x0F, 0x7C, 
	0x0F, 0x25, 0x4F, 0x02, 0x38, 0x25, 0x03, 0x19, 0x02, 0x19, 0x7A, 0xAA, 0x7F, 0x07, 0x07, 0x23, 
	0x06, 0x0F, 0x07, 0x02, 0x03, 0x02, 0x02, 0x03, 0x06, 0x8B, 0x02, 0x04, 0x06, 0x02, 0x02, 0x06, 
	0x06, 0x8C, 0x02, 0x09, 0x07, 0x6C, 0x72, 0x32, 0x3C, 0x34, 0x3B, 0x34, 0x00, 0x00, 0x88, 0x02, 
	0x81, 0x00, 0x81, 0x05, 0x04, 0x15, 0x16, 0x0E, 0x0E, 0x0C, 0x04, 0x0C, 0x0E, 0x0E, 0x16, 0x16, 
	0x81, 0x05, 0x81, 0x00, 0x85, 0x02, 0x84, 0x00, 0x02, 0x02, 0x06, 0x02, 0x81, 0x04, 0x2F, 0x02, 
	0x02, 0x00, 0x00, 0x02, 0x00, 0x12, 0x04, 0x0B, 0x2B, 0x0A, 0x59, 0x2C, 0x0B, 0x5E, 0x0B, 0x5A, 
	0x5A, 0x00, 0x63, 0x29, 0x59, 0x67, 0x02, 0x63, 0x5B, 0x28, 0xC2, 0x04, 0x63, 0x64, 0x02, 0xC3, 
	0x28, 0x5B, 0xC5, 0x04, 0xC1, 0x63, 0x1E, 0xC5, 0x11, 0x63, 0x65, 0x00, 0x64, 0x59, 0x00, 0x81, 
	0x02, 0x7F, 0x59, 0xCC, 0xC0, 0xD4, 0xD6, 0xCB, 0x10, 0x02, 0x12, 0x65, 0xC0, 0x28, 0x44, 0x0A, 
	0x64, 0x62, 0x0A, 0xC1, 0x59, 0x2C, 0x65, 0x02, 0x5B, 0x63, 0x02, 0x64, 0x2B, 0x10, 0x64, 0x02, 
	0x44, 0x5B, 0x02, 0x5B, 0x44, 0x04, 0x60, 0x11, 0x2A, 0x5A, 0x04, 0x44, 0x44, 0x21, 0x96, 0x8D, 
	0x02, 0x00, 0x02, 0x00, 0x02, 0x22, 0x8E, 0x8D, 0x0A, 0x02, 0x02, 0x1C, 0x21, 0x0A, 0x22, 0x1C, 
	0x02, 0x22, 0x0D, 0x02, 0x22, 0x00, 0x20, 0x22, 0x02, 0x22, 0x1C, 0x0A, 0x41, 0x0A, 0x22, 0x41, 
	0x02, 0x21, 0x21, 0x02, 0x46, 0x20, 0x54, 0x92, 0x54, 0x43, 0x43, 0x0A, 0x1D, 0x0D, 0x0D, 0x54, 
	0x0D, 0x26, 0x51, 0x02, 0x54, 0x50, 0x50, 0xA6, 0xA2, 0x27, 0x57, 0x02, 0x4E, 0x50, 0x04, 0x58, 
	0x4E, 0x02, 0x9F, 0x0D, 0x51, 0x57, 0x02, 0x50, 0x55, 0x02, 0x9F, 0x27, 0x26, 0xA2, 0x04, 0x56, 
	0x56, 0x04, 0x39, 0x9F, 0x4B, 0x23, 0x53, 0x00, 0x07, 0x25, 0x03, 0x7D, 0x56, 0x23, 0xB6, 0x23, 
	0x4F, 0x7D, 0x02, 0x7D, 0x56, 0x19, 0x53, 0x02, 0x4D, 0x87, 0xAA, 0x7F, 0x0F, 0x4F, 0xA4, 0x02, 
	0x7D, 0x7D, 0x02, 0x7E, 0x39, 0x19, 0x7E, 0x03, 0x37, 0x36, 0x03, 0x7A, 0x0F, 0x36, 0x3D, 0x00, 
	0x3D, 0x1A, 0x03, 0x19, 0x02, 0x1A, 0x37, 0x06, 0x06, 0x37, 0x19, 0x0F, 0x1A, 0x88, 0x02, 0x0B, 
	0x03, 0x01, 0x08, 0x70, 0x73, 0x1B, 0x02, 0x08, 0x70, 0x70, 0x01, 0x00, 0x89, 0x02, 0x80, 0x00, 
	0x81, 0x05, 0x04, 0x15, 0x16, 0x0E, 0x0E, 0x05, 0x04, 0x0C, 0x0E, 0x0E, 0x16, 0x16, 0x81, 0x05, 
	0x80, 0x00, 0x83, 0x02, 0x40, 0x28, 0x28, 0x10, 0x5A, 0x02, 0x59, 0x44, 0x10, 0x64, 0x04, 0x5B, 
	0x67, 0x10, 0xC2, 0x12, 0x63, 0x65, 0x02, 0xC5, 0x28, 0x5E, 0xC2, 0x00, 0xC3, 0x2C, 0x2C, 0xC5, 
	0x0B, 0xC1, 0x63, 0x1E, 0xC5, 0x0B, 0x63, 0x63, 0x00, 0xC2, 0x2B, 0x59, 0x5E, 0x02, 0x63, 0x59, 
	0x28, 0x63, 0x04, 0x59, 0x59, 0x02, 0x5D, 0x10, 0x28, 0x59, 0x04, 0x2D, 0x28, 0x0B, 0x28, 0x02, 
	0x0B, 0x10, 0x00, 0x04, 0x02, 0x00, 0x81, 0x02, 0x0C, 0x0B, 0x12, 0x2B, 0xCB, 0xD4, 0x65, 0x0B, 
	0x02, 0x00, 0x04, 0x02, 0x00, 0x02, 0x82, 0x04, 0x00, 0x06, 0x80, 0x02, 0x80, 0x00, 0x83, 0x02, 
	0x80, 0x06, 0x82, 0x02, 0x81, 0x04, 0x0D, 0x21, 0x8E, 0x49, 0x46, 0x8D, 0x48, 0x8D, 0x8E, 0x21, 
	0x8E, 0x8E, 0x46, 0x8E, 0x49, 0x81, 0x04, 0x87, 0x02, 0x04, 0x00, 0x00, 0x02, 0x02, 0x0A, 0x82, 
	0x04, 0x80, 0x02, 0x04, 0x54, 0x93, 0x54, 0x02, 0x04, 0x80, 0x0A, 0x00, 0x02, 0x80, 0x00, 0x00, 
	0x02, 0x80, 0x04, 0x80, 0x02, 0x02, 0x92, 0xA6, 0x54, 0x8D, 0x02, 0x01, 0x06, 0x04, 0x84, 0x02, 
	0x0C, 0x00, 0x00, 0x02, 0x02, 0x06, 0x04, 0x03, 0x04, 0x03, 0x02, 0x04, 0x06, 0x02, 0x80, 0x00, 
	0x26, 0x02, 0x02, 0x03, 0x7A, 0xA7, 0x7F, 0x19, 0x03, 0x0F, 0x02, 0x0F, 0x19, 0x02, 0x25, 0x0F, 
	0x03, 0x38, 0x06, 0x19, 0x19, 0x02, 0x39, 0x08, 0x1A, 0x37, 0x02, 0x37, 0x19, 0x03, 0x19, 0x02, 
	0x33, 0x3E, 0x02, 0x02, 0x71, 0x33, 0x1A, 0x37, 0x88, 0x02, 0x11, 0x19, 0x6D, 0x1B, 0x70, 0x73, 
	0x32, 0x03, 0x18, 0x70, 0x70, 0x08, 0x3B, 0x18, 0x1A, 0x33, 0x03, 0x1B, 0x08, 0x83, 0x02, 0x80, 
	0x00, 0x81, 0x05, 0x04, 0x15, 0x15, 0x0E, 0x0E, 0x0C, 0x04, 0x0C, 0x0E, 0x0E, 0x15, 0x14, 0x81, 
	0x05, 0x81, 0x00, 0x82, 0x02, 0x21, 0xC2, 0x63, 0x28, 0xC5, 0x02, 0x63, 0x5B, 0x10, 0x66, 0x04, 
	0x5B, 0x5B, 0x0B, 0x64, 0x10, 0x2C, 0x59, 0x02, 0x59, 0x04, 0x12, 0x28, 0x00, 0x11, 0x02, 0x02, 
	0x0B, 0x04, 0x0B, 0x0A, 0x04, 0x0A, 0x04, 0x02, 0x83, 0x00, 0x80, 0x02, 0x03, 0x04, 0x02, 0x02, 
	0x06, 0x84, 0x02, 0x03, 0x04, 0x06, 0x02, 0x02, 0x80, 0x00, 0x80, 0x02, 0x00, 0x06, 0x83, 0x02, 
	0x05, 0x2D, 0xD9, 0xD9, 0xCB, 0x02, 0x02, 0x81, 0x00, 0x00, 0x02, 0x82, 0x04, 0x87, 0x02, 0x0A, 
	0x06, 0x04, 0x02, 0x04, 0x02, 0x02, 0x06, 0x02, 0x00, 0x02, 0x02, 0x80, 0x04, 0x0E, 0x02, 0x46, 
	0x9E, 0x9A, 0x8E, 0x9E, 0x8E, 0x9C, 0x9C, 0x42, 0x9C, 0x9C, 0x8D, 0x94, 0x8E, 0x82, 0x02, 0x84, 
	0x04, 0x01, 0x41, 0x21, 0x80, 0x00, 0x04, 0x1C, 0x9A, 0x0A, 0x04, 0x04, 0x80, 0x0A, 0x0E, 0x49, 
	0x48, 0x92, 0xB0, 0x91, 0x00, 0x02, 0x04, 0x0A, 0x0A, 0x02, 0x00, 0x00, 0x02, 0x02, 0x80, 0x04, 
	0x80, 0x02, 0x05, 0xA6, 0xB3, 0x92, 0x06, 0x04, 0x04, 0x8A, 0x02, 0x80, 0x04, 0x86, 0x02, 0x80, 
	0x04, 0x00, 0x06, 0x80, 0x02, 0x0C, 0x19, 0x1A, 0x0F, 0x07, 0x07, 0x08, 0x06, 0x04, 0x06, 0x19, 
	0x36, 0x25, 0x03, 0x83, 0x02, 0x80, 0x06, 0x84, 0x02, 0x04, 0x06, 0x02, 0x02, 0x06, 0x06, 0x81, 
	0x02, 0x00, 0x06, 0x81, 0x02, 0x03, 0x06, 0x03, 0x06, 0x06, 0x86, 0x02, 0x11, 0x09, 0x33, 0x18, 
	0x70, 0x73, 0x32, 0x03, 0x18, 0x70, 0x70, 0x08, 0x3C, 0x1B, 0x33, 0x6D, 0x03, 0x71, 0x34, 0x83, 
	0x02, 0x80, 0x00, 0x81, 0x05, 0x04, 0x16, 0x15, 0x0E, 0x0E, 0x05, 0x04, 0x0C, 0x0E, 0x0E, 0x15, 
	0x14, 0x81, 0x05, 0x80, 0x00, 0x82, 0x02, 0x01, 0x00, 0x04, 0x80, 0x02, 0x81, 0x00, 0x87, 0x02, 
	0x83, 0x00, 0x80, 0x02, 0x81, 0x04, 0x01, 0x02, 0x02, 0x81, 0x00, 0x01, 0x02, 0x00, 0x81, 0x02, 
	0x02, 0x06, 0x02, 0x06, 0x8A, 0x02, 0x80, 0x00, 0x0C, 0x02, 0x02, 0x04, 0x02, 0x06, 0x02, 0x00, 
	0x00, 0x02, 0x2D, 0xD9, 0xD9, 0xC4, 0x81, 0x02, 0x7F, 0x00, 0x02, 0x10, 0x04, 0x12, 0x11, 0x0A, 
	0x2D, 0x0B, 0x12, 0x2D, 0x02, 0x28, 0x28, 0x00, 0x59, 0x12, 0x10, 0x5E, 0x04, 0x44, 0x59, 0x04, 
	0x5A, 0x2B, 0x02, 0x5E, 0x0B, 0x2A, 0x5D, 0x04, 0x5A, 0x59, 0x46, 0x9E, 0x90, 0x8E, 0x9E, 0x8E, 
	0x9E, 0x9C, 0x42, 0x9E, 0x94, 0x49, 0x94, 0x8E, 0x20, 0x41, 0x00, 0x46, 0x45, 0x0A, 0x49, 0x21, 
	0x20, 0x49, 0x04, 0x02, 0x8E, 0x8D, 0x21, 0x49, 0x00, 0x22, 0x9C, 0x41, 0x49, 0x0A, 0x46, 0x46, 
	0x0A, 0x8E, 0x8F, 0x92, 0xB0, 0x91, 0x20, 0x21, 0x02, 0x54, 0x43, 0x0A, 0x58, 0x1D, 0x00, 0x02, 
	0x04, 0x54, 0x54, 0x02, 0x1D, 0x02, 0xA6, 0xB3, 0x92, 0x43, 0x50, 0x02, 0x50, 0x43, 0x04, 0x55, 
	0x0F, 0x27, 0x50, 0x06, 0x26, 0x43, 0x02, 0x4E, 0x16, 0x0F, 0x4E, 0x04, 0x24, 0x27, 0x02, 0x23, 
	0x0F, 0x02, 0x19, 0x04, 0x0F, 0x0F, 0x0A, 0x1D, 0x0F, 0x0B, 0x03, 0x23, 0x03, 0x7F, 0x84, 0x7A, 
	0x1A, 0x25, 0x38, 0x07, 0x04, 0x04, 0x83, 0x02, 0x08, 0x04, 0x04, 0x02, 0x02, 0x04, 0x02, 0x02, 
	0x06, 0x06, 0x92, 0x02, 0x01, 0x06, 0x06, 0x89, 0x02, 0x01, 0x34, 0x35, 0x80, 0x18, 0x03, 0x6C, 
	0x6C, 0x07, 0x00, 0x81, 0x02, 0x02, 0x01, 0x01, 0x00, 0x82, 0x02, 0x80, 0x00, 0x81, 0x05, 0x04, 
	0x14, 0x15, 0x0E, 0x0E, 0x05, 0x04, 0x0C, 0x0E, 0x0E, 0x1F, 0x13, 0x81, 0x05, 0x80, 0x00, 0x85, 
	0x02, 0x03, 0x00, 0x02, 0x00, 0x00, 0x88, 0x02, 0x82, 0x00, 0x05, 0x02, 0x06, 0x04, 0x04, 0x02, 
	0x06, 0x82, 0x02, 0x01, 0x04, 0x04, 0x83, 0x02, 0x7F, 0x2C, 0x1E, 0x29, 0x5A, 0x04, 0x5A, 0x59, 
	0x02, 0x66, 0x04, 0x5A, 0x63, 0x02, 0x65, 0x2C, 0x28, 0xC1, 0x02, 0x63, 0x63, 0x00, 0x62, 0x2D, 
	0x2C, 0x65, 0x02, 0xC1, 0x63, 0x0B, 0xC6, 0x5C, 0xD8, 0xDA, 0x11, 0x5A, 0x2B, 0x0B, 0x63, 0x10, 
	0x63, 0xCA, 0x02, 0xC5, 0x97, 0x0B, 0xD3, 0x2D, 0x5E, 0xCA, 0x02, 0x65, 0xC1, 0x02, 0xCA, 0x44, 
	0x2D, 0xCA, 0x0A, 0x65, 0xC2, 0x02, 0xC4, 0x63, 0x0B, 0xC7, 0x11, 0x5A, 0x98, 0x04, 0x97, 0x63, 
	0x46, 0x9C, 0x9A, 0x96, 0x9C, 0x8E, 0x9A, 0x9D, 0x41, 0x9C, 0x9C, 0x8D, 0x9E, 0x8E, 0x21, 0x46, 
	0x00, 0x49, 0x46, 0x0A, 0x8E, 0x41, 0x22, 0x8E, 0x0A, 0x06, 0x8E, 0x8D, 0x21, 0x49, 0x00, 0x1C, 
	0x9C, 0x42, 0x8E, 0x0A, 0x49, 0x49, 0x0A, 0x46, 0x42, 0x91, 0x93, 0x91, 0x41, 0x43, 0x02, 0x91, 
	0x54, 0x0D, 0xA6, 0x27, 0x00, 0x02, 0x02, 0x92, 0x92, 0x5A, 0x02, 0x43, 0x0F, 0xA6, 0xB3, 0x92, 
	0x54, 0xA2, 0x02, 0xA1, 0x57, 0x02, 0xB6, 0x23, 0x50, 0xB6, 0x04, 0x9F, 0xA1, 0x02, 0xB6, 0x4F, 
	0x26, 0xB9, 0x00, 0x9F, 0xA1, 0x02, 0xB6, 0x56, 0x23, 0xB9, 0x0F, 0x7C, 0xB9, 0x0A, 0xA3, 0xA0, 
	0x19, 0xAE, 0x52, 0x7E, 0x84, 0x7F, 0x25, 0x07, 0x23, 0xAF, 0x25, 0x56, 0x7D, 0x02, 0x7D, 0x52, 
	0x03, 0xB5, 0x19, 0x52, 0x7D, 0x03, 0x7D, 0x4C, 0x07, 0x7D, 0x03, 0x36, 0x39, 0x02, 0x39, 0x0F, 
	0x19, 0x36, 0x02, 0x19, 0x0F, 0x02, 0x19, 0x02, 0x03, 0x08, 0x02, 0x02, 0x03, 0x02, 0x02, 0x03, 
	0x06, 0x18, 0x71, 0x03, 0x06, 0x88, 0x02, 0x03, 0x34, 0x73, 0x70, 0x07, 0x86, 0x02, 0x00, 0x00, 
	0x82, 0x02, 0x80, 0x00, 0x81, 0x05, 0x04, 0x14, 0x1F, 0x0E, 0x0E, 0x05, 0x04, 0x0C, 0x0E, 0x0E, 
	0x1F, 0x13, 0x81, 0x05, 0x80, 0x00, 0x86, 0x02, 0x1F, 0x04, 0x02, 0x11, 0x0B, 0x10, 0x2C, 0x06, 
	0x44, 0x2A, 0x10, 0x5E, 0x02, 0x5B, 0x59, 0x04, 0x66, 0x10, 0x5E, 0x63, 0x04, 0xC2, 0x2D, 0x2D, 
	0x59, 0x02, 0xC6, 0x5B, 0x2C, 0xC5, 0x00, 0xC2, 0x65, 0x80, 0x02, 0x36, 0x04, 0x02, 0x02, 0xC5, 
	0x5E, 0x5E, 0xC5, 0x02, 0xC1, 0x63, 0x0B, 0xC5, 0x0B, 0x63, 0xC1, 0x02, 0xC1, 0x59, 0x28, 0xC1, 
	0x02, 0x5E, 0x5B, 0x02, 0x5A, 0x1E, 0x28, 0x59, 0x06, 0x5A, 0x2C, 0x02, 0x5A, 0x28, 0xCF, 0xCF, 
	0x04, 0x28, 0x1E, 0x0B, 0x2D, 0x04, 0x1E, 0x2B, 0x00, 0x2B, 0x28, 0x04, 0x2C, 0x0B, 0x10, 0x1E, 
	0x02, 0x0B, 0x04, 0x82, 0x02, 0x04, 0x04, 0x04, 0x02, 0x02, 0x06, 0x85, 0x02, 0x05, 0x00, 0x1C, 
	0x46, 0x41, 0x0D, 0x22, 0x80, 0x1C, 0x05, 0x0A, 0x0D, 0x0A, 0x46, 0x8D, 0x46, 0x80, 0x00, 0x1A, 
	0x02, 0x04, 0x04, 0x0A, 0x0A, 0x04, 0x02, 0x04, 0x02, 0x8E, 0x49, 0x49, 0x8D, 0x49, 0x1C, 0x9A, 
	0x0A, 0x04, 0x04, 0x0A, 0x04, 0x04, 0x0A, 0x0A, 0x43, 0x9A, 0x02, 0x80, 0x00, 0x03, 0x02, 0x04, 
	0x04, 0x0A, 0x81, 0x02, 0x07, 0x06, 0x04, 0x27, 0x50, 0x43, 0x51, 0x58, 0x43, 0x80, 0x00, 0x83, 
	0x02, 0x01, 0x04, 0x04, 0x88, 0x02, 0x06, 0x0F, 0x0C, 0x03, 0x24, 0x0C, 0x56, 0x7C, 0x80, 0x26, 
	0x05, 0x03, 0x4F, 0x23, 0x36, 0x39, 0x25, 0x80, 0x0F, 0x2C, 0x53, 0x38, 0x39, 0x4F, 0x02, 0x52, 
	0x4F, 0x02, 0x7C, 0x0F, 0x4F, 0x7D, 0x03, 0x7D, 0x4F, 0x07, 0x7D, 0x01, 0x39, 0x53, 0x02, 0x7A, 
	0x25, 0x36, 0x7A, 0x03, 0x7A, 0x3D, 0x09, 0x7A, 0x07, 0x36, 0x7A, 0x00, 0x02, 0x3E, 0x3B, 0x34, 
	0x3C, 0x07, 0x6E, 0x80, 0x3B, 0x19, 0x07, 0x81, 0x02, 0x11, 0x06, 0x03, 0x3B, 0x1B, 0x03, 0x18, 
	0x34, 0x73, 0x73, 0x07, 0x02, 0x06, 0x07, 0x01, 0x00, 0x01, 0x06, 0x06, 0x84, 0x02, 0x80, 0x00, 
	0x81, 0x05, 0x04, 0x14, 0x1F, 0x0E, 0x0E, 0x0C, 0x04, 0x0C, 0x0E, 0x0E, 0x1F, 0x13, 0x81, 0x05, 
	0x80, 0x00, 0x83, 0x02, 0x26, 0xC5, 0x59, 0x5D, 0xC5, 0x02, 0xC5, 0x5D, 0x59, 0xCA, 0x04, 0xC1, 
	0x63, 0x28, 0xC3, 0x02, 0x63, 0x67, 0x04, 0xC2, 0x11, 0x5E, 0x63, 0x0A, 0x63, 0x28, 0x12, 0x28, 
	0x02, 0x5D, 0x2D, 0x10, 0x2C, 0x00, 0x28, 0x12, 0x06, 0x02, 0x02, 0x04, 0x81, 0x02, 0x01, 0x00, 
	0x00, 0x80, 0x02, 0x03, 0x04, 0x04, 0x02, 0x06, 0x8C, 0x02, 0x00, 0x04, 0x84, 0x02, 0x82, 0x04, 
	0x01, 0x02, 0x02, 0x80, 0x00, 0x81, 0x02, 0x01, 0x06, 0x06, 0x80, 0x02, 0x04, 0x06, 0x06, 0x02, 
	0x02, 0x06, 0x89, 0x02, 0x03, 0x00, 0x48, 0x9C, 0x90, 0x80, 0x02, 0x00, 0x04, 0x80, 0x0A, 0x00, 
	0x04, 0x80, 0x02, 0x03, 0x00, 0x00, 0x02, 0x02, 0x82, 0x04, 0x0B, 0x06, 0x02, 0x02, 0x90, 0x8E, 
	0x90, 0x94, 0x90, 0x22, 0x9C, 0x02, 0x02, 0x81, 0x04, 0x04, 0x02, 0x02, 0x0D, 0x20, 0x02, 0x80, 
	0x00, 0x03, 0x02, 0x02, 0x04, 0x0A, 0x80, 0x02, 0x0A, 0x00, 0x00, 0x02, 0x92, 0xB3, 0xB0, 0x0A, 
	0x04, 0x02, 0x00, 0x00, 0x84, 0x02, 0x00, 0x04, 0x85, 0x02, 0x00, 0x00, 0x84, 0x02, 0x12, 0x07, 
	0xAF, 0xAA, 0x7A, 0x02, 0x06, 0x02, 0x0F, 0x02, 0x39, 0xA4, 0x7D, 0xA4, 0x7E, 0x03, 0x39, 0xAD, 
	0x7A, 0x00, 0x84, 0x02, 0x80, 0x06, 0x02, 0x02, 0x02, 0x06, 0x81, 0x02, 0x2E, 0x06, 0x02, 0x00, 
	0x03, 0x02, 0x03, 0x03, 0x02, 0x08, 0x02, 0x07, 0x19, 0x02, 0x06, 0x1A, 0x19, 0x19, 0x32, 0x06, 
	0x18, 0x71, 0x08, 0x07, 0x03, 0x02, 0x02, 0x06, 0x02, 0x02, 0x03, 0x3C, 0x32, 0x08, 0x1B, 0x34, 
	0x74, 0x73, 0x07, 0x02, 0x02, 0x6D, 0x34, 0x1B, 0x71, 0x01, 0x3C, 0x34, 0x83, 0x02, 0x80, 0x00, 
	0x81, 0x05, 0x04, 0x13, 0x1F, 0x0E, 0x0E, 0x0C, 0x04, 0x0E, 0x0E, 0x13, 0x1F, 0x13, 0x80, 0x05, 
	0x00, 0x06, 0x80, 0x00, 0x83, 0x02, 0x08, 0x59, 0x12, 0x12, 0x2B, 0x02, 0x12, 0x0B, 0x04, 0x0B, 
	0x80, 0x02, 0x02, 0x00, 0x02, 0x02, 0x80, 0x00, 0x01, 0x02, 0x06, 0x83, 0x04, 0x00, 0x06, 0x83, 
	0x00, 0x06, 0x02, 0x06, 0xC0, 0xCB, 0x63, 0xCB, 0xCB, 0x81, 0x02, 0x00, 0x00, 0x92, 0x02, 0x03, 
	0x04, 0x02, 0x04, 0x04, 0x80, 0x02, 0x01, 0x00, 0x02, 0x83, 0x04, 0x01, 0x02, 0x02, 0x80, 0x00, 
	0x08, 0x02, 0x02, 0x06, 0x04, 0x06, 0x02, 0x04, 0x02, 0x04, 0x81, 0x06, 0x02, 0x02, 0x02, 0x06, 
	0x80, 0x02, 0x01, 0x04, 0x04, 0x80, 0x02, 0x15, 0x00, 0x00, 0x49, 0x9E, 0x8E, 0x00, 0x00, 0x02, 
	0x49, 0x49, 0x21, 0x8D, 0x8D, 0x1C, 0x06, 0x06, 0x02, 0x02, 0x04, 0x0A, 0x04, 0x06, 0x83, 0x02, 
	0x0B, 0x9A, 0x8E, 0x93, 0x9E, 0x9A, 0x22, 0x9C, 0x02, 0x02, 0x04, 0x04, 0x0A, 0x80, 0x02, 0x03, 
	0x04, 0x0A, 0x04, 0x02, 0x81, 0x00, 0x00, 0x02, 0x80, 0x0A, 0x0A, 0x02, 0x02, 0x00, 0x00, 0x92, 
	0xB3, 0xB0, 0x43, 0x93, 0x0D, 0x02, 0x80, 0x00, 0x02, 0x02, 0x02, 0x06, 0x84, 0x04, 0x02, 0x06, 
	0x02, 0x02, 0x82, 0x06, 0x80, 0x04, 0x12, 0x02, 0x07, 0xAF, 0xAA, 0x7A, 0x06, 0x02, 0x06, 0x19, 
	0x03, 0x4D, 0xAA, 0x7F, 0xAB, 0xAF, 0x03, 0x38, 0xA7, 0x7A, 0x85, 0x02, 0x00, 0x04, 0x81, 0x06, 
	0x80, 0x02, 0x01, 0x06, 0x06, 0x80, 0x02, 0x02, 0x06, 0x02, 0x06, 0x87, 0x02, 0x0A, 0x06, 0x02, 
	0x02, 0x06, 0x03, 0x06, 0x06, 0x02, 0x02, 0x06, 0x06, 0x80, 0x02, 0x81, 0x06, 0x0C, 0x1B, 0x73, 
	0x70, 0x07, 0x02, 0x02, 0x18, 0x08, 0x07, 0x1B, 0x00, 0x1B, 0x1A, 0x83, 0x02, 0x80, 0x00, 0x81, 
	0x05, 0x04, 0x13, 0x1F, 0x0E, 0x0E, 0x05, 0x04, 0x0E, 0x13, 0x13, 0x24, 0x17, 0x80, 0x05, 0x00, 
	0x06, 0x80, 0x00, 0x85, 0x02, 0x03, 0x00, 0x00, 0x02, 0x02, 0x80, 0x06, 0x03, 0x02, 0x02, 0x00, 
	0x02, 0x81, 0x00, 0x80, 0x02, 0x82, 0x04, 0x01, 0x02, 0x02, 0x82, 0x00, 0x08, 0x02, 0x12, 0x11, 
	0xCA, 0xD6, 0xC1, 0xD5, 0xD4, 0x02, 0x81, 0x00, 0x04, 0x02, 0x02, 0x04, 0x04, 0x0B, 0x80, 0x04, 
	0x3D, 0x06, 0x10, 0x02, 0x0B, 0x1E, 0x02, 0x28, 0x1E, 0x02, 0x44, 0x04, 0x2D, 0x59, 0x06, 0x5A, 
	0x2C, 0x0B, 0x5E, 0x02, 0x59, 0x5B, 0x00, 0x5E, 0x2C, 0x1E, 0x65, 0x0B, 0x59, 0x63, 0x02, 0x63, 
	0x59, 0x04, 0xC2, 0x0B, 0x59, 0x97, 0x04, 0x65, 0x63, 0x0A, 0xC3, 0x1E, 0x2A, 0xC3, 0x02, 0x64, 
	0x65, 0x06, 0xC2, 0x5E, 0x10, 0xC7, 0x10, 0x60, 0x98, 0x02, 0x97, 0x63, 0x49, 0x9E, 0x90, 0x80, 
	0x00, 0x30, 0x9A, 0x9C, 0x46, 0x9C, 0x9C, 0x21, 0x04, 0x04, 0x48, 0x96, 0x0A, 0x8D, 0x49, 0x02, 
	0x9A, 0x45, 0x00, 0x00, 0x02, 0x02, 0x9A, 0x8E, 0x46, 0x48, 0x46, 0x22, 0x9C, 0x46, 0x9A, 0x02, 
	0x91, 0x8D, 0x02, 0x9A, 0x46, 0x1C, 0x93, 0x0A, 0x54, 0x91, 0x00, 0x91, 0x48, 0x02, 0x93, 0x43, 
	0x54, 0xA6, 0x04, 0x80, 0x92, 0x21, 0xB3, 0xB0, 0x43, 0xB0, 0x20, 0x51, 0xA2, 0x00, 0x92, 0x58, 
	0x00, 0xA6, 0x43, 0x51, 0xA3, 0x0A, 0x58, 0x9F, 0x04, 0xA1, 0x4E, 0x0F, 0xB5, 0x00, 0x50, 0x57, 
	0x06, 0x57, 0x50, 0x02, 0x0F, 0x03, 0x7D, 0x7E, 0x80, 0x4F, 0x1E, 0x39, 0xA4, 0x7E, 0x4D, 0xAA, 
	0x7F, 0xAB, 0xAF, 0x03, 0x38, 0xAB, 0x7A, 0x23, 0x02, 0x38, 0x26, 0x06, 0x38, 0x0C, 0x0F, 0x23, 
	0x06, 0x07, 0x03, 0x02, 0x03, 0x02, 0x02, 0x03, 0x06, 0x03, 0x81, 0x02, 0x01, 0x06, 0x06, 0x83, 
	0x02, 0x80, 0x06, 0x02, 0x03, 0x07, 0x06, 0x83, 0x02, 0x80, 0x06, 0x80, 0x02, 0x05, 0x06, 0x02, 
	0x02, 0x03, 0x07, 0x07, 0x83, 0x02, 0x00, 0x00, 0x86, 0x02, 0x80, 0x00, 0x00, 0x06, 0x80, 0x05, 
	0x04, 0x13, 0x1F, 0x0E, 0x0E, 0x05, 0x04, 0x0E, 0x13, 0x13, 0x24, 0x17, 0x80, 0x05, 0x00, 0x06, 
	0x80, 0x00, 0x87, 0x02, 0x81, 0x06, 0x82, 0x02, 0x7F, 0x0B, 0x00, 0x28, 0x10, 0x04, 0x2C, 0x04, 
	0x59, 0x44, 0x0B, 0x63, 0x0B, 0x59, 0x5E, 0x00, 0x65, 0x2B, 0x10, 0x28, 0x02, 0x5A, 0x2C, 0xCA, 
	0xD5, 0x65, 0xD5, 0xD4, 0x02, 0x02, 0x00, 0x63, 0xC1, 0x02, 0xC4, 0x5B, 0x2B, 0xCA, 0x0B, 0x97, 
	0x65, 0x02, 0xCA, 0x2B, 0x5E, 0xC7, 0x02, 0xC3, 0x64, 0x0B, 0xCF, 0x28, 0x5E, 0xC2, 0x02, 0xC1, 
	0x5B, 0x12, 0xC5, 0x02, 0x63, 0x65, 0x00, 0x65, 0x59, 0x28, 0xC5, 0x0B, 0x5B, 0x65, 0x02, 0x65, 
	0x5B, 0x04, 0xC2, 0x04, 0x59, 0x65, 0x04, 0x63, 0x60, 0x0A, 0x98, 0x1E, 0x29, 0x66, 0x00, 0x5B, 
	0x5E, 0x02, 0x63, 0x2C, 0x0B, 0x66, 0x0B, 0x44, 0x60, 0x02, 0x5A, 0x44, 0x49, 0x9E, 0x90, 0x45, 
	0x46, 0x41, 0x9E, 0x9C, 0x46, 0x9C, 0x9C, 0x22, 0x0A, 0x0A, 0x21, 0x45, 0x04, 0x21, 0x20, 0x00, 
	0x21, 0x0D, 0x00, 0x43, 0x0D, 0x04, 0x90, 0x8D, 0x04, 0x75, 0x04, 0x0A, 0x22, 0x9C, 0x0D, 0x21, 
	0x00, 0x21, 0x20, 0x00, 0x21, 0x1D, 0x0D, 0x47, 0x0A, 0x21, 0x43, 0x00, 0x21, 0x21, 0x02, 0x47, 
	0x1C, 0x27, 0x51, 0x0A, 0x43, 0x47, 0x54, 0xB0, 0xA6, 0x21, 0x54, 0x0D, 0x26, 0x54, 0x02, 0x54, 
	0x4E, 0x00, 0x57, 0x24, 0x26, 0x57, 0x04, 0x50, 0x58, 0x04, 0x57, 0x38, 0x0F, 0xA0, 0x00, 0x50, 
	0x57, 0x06, 0x57, 0x50, 0x02, 0x0F, 0x02, 0x06, 0x06, 0x02, 0x53, 0x53, 0x3D, 0xAA, 0xAF, 0x4D, 
	0xAA, 0x7F, 0xA7, 0xAF, 0x07, 0x36, 0x87, 0x7A, 0x39, 0x04, 0xA0, 0x7C, 0x02, 0xB6, 0x26, 0x52, 
	0xB6, 0x02, 0x7D, 0x7D, 0x03, 0xA4, 0x25, 0x4F, 0x7D, 0x02, 0x7D, 0x4D, 0x1A, 0x7E, 0x03, 0x4D, 
	0x3D, 0x00, 0x53, 0x08, 0x19, 0x76, 0x03, 0x02, 0x3A, 0x37, 0x32, 0x3C, 0x01, 0x18, 0x3C, 0x32, 
	0x80, 0x02, 0x0C, 0x1A, 0x1A, 0x03, 0x03, 0x06, 0x08, 0x07, 0x01, 0x18, 0x00, 0x01, 0x03, 0x02, 
	0x82, 0x06, 0x04, 0x00, 0x00, 0x02, 0x00, 0x00, 0x82, 0x02, 0x81, 0x00, 0x80, 0x05, 0x04, 0x17, 
	0x1F, 0x0E, 0x0E, 0x05, 0x03, 0x0E, 0x13, 0x13, 0x24, 0x81, 0x05, 0x81, 0x00, 0x83, 0x02, 0x3B, 
	0xC0, 0x12, 0x5B, 0x65, 0x04, 0xC2, 0x28, 0x5B, 0xC1, 0x02, 0xC5, 0x5A, 0x5A, 0xC7, 0x02, 0xC3, 
	0x5E, 0x28, 0xCA, 0x0B, 0xC1, 0x65, 0x11, 0xCA, 0x12, 0x63, 0x65, 0x00, 0xC5, 0x2C, 0x10, 0x28, 
	0x02, 0x2D, 0x28, 0x63, 0xC1, 0x5C, 0xC7, 0xC6, 0x0B, 0x28, 0x02, 0x2C, 0x5A, 0x02, 0x5A, 0x2D, 
	0x12, 0x59, 0x04, 0x29, 0x2D, 0x02, 0x2A, 0x04, 0x0B, 0x12, 0x02, 0x0B, 0x80, 0x02, 0x00, 0x04, 
	0x88, 0x02, 0x03, 0x00, 0x02, 0x04, 0x04, 0x82, 0x02, 0x80, 0x00, 0x81, 0x02, 0x80, 0x04, 0x04, 
	0x02, 0x06, 0x02, 0x02, 0x00, 0x81, 0x02, 0x01, 0x06, 0x02, 0x81, 0x04, 0x14, 0x02, 0x04, 0x02, 
	0x46, 0x8E, 0x49, 0x9A, 0x9E, 0x90, 0x9A, 0x9C, 0x46, 0x9C, 0x9C, 0x22, 0x02, 0x02, 0x04, 0x0A, 
	0x04, 0x02, 0x81, 0x00, 0x05, 0x20, 0x9A, 0x91, 0x02, 0x9A, 0x8E, 0x80, 0x04, 0x02, 0x21, 0x9C, 
	0x02, 0x82, 0x00, 0x00, 0x02, 0x83, 0x04, 0x0B, 0x27, 0xA6, 0xA6, 0x51, 0xA6, 0x92, 0x92, 0xA6, 
	0x58, 0x04, 0x04, 0x02, 0x82, 0x0A, 0x80, 0x04, 0x00, 0x06, 0x88, 0x02, 0x80, 0x06, 0x80, 0x02, 
	0x02, 0x06, 0x06, 0x04, 0x80, 0x02, 0x01, 0x06, 0x06, 0x80, 0x02, 0x33, 0x39, 0xAF, 0xAF, 0x39, 
	0x87, 0x7F, 0x87, 0x87, 0x03, 0x03, 0x19, 0x08, 0x03, 0x02, 0x03, 0x03, 0x02, 0x03, 0x00, 0x03, 
	0x19, 0x02, 0x23, 0x23, 0x02, 0x38, 0x0F, 0x19, 0x38, 0x02, 0x39, 0x25, 0x0F, 0x4D, 0x02, 0x39, 
	0x39, 0x06, 0x40, 0x08, 0x19, 0x76, 0x03, 0x06, 0x37, 0x3B, 0x34, 0x6F, 0x01, 0x19, 0x72, 0x3C, 
	0x80, 0x02, 0x15, 0x3E, 0x76, 0x18, 0x33, 0x03, 0x6D, 0x3C, 0x32, 0x70, 0x08, 0x6C, 0x6C, 0x18, 
	0x6D, 0x09, 0x3B, 0x37, 0x07, 0x3C, 0x08, 0x33, 0x34, 0x83, 0x02, 0x81, 0x00, 0x80, 0x05, 0x04, 
	0x0C, 0x1F, 0x0E, 0x0E, 0x0C, 0x80, 0x0E, 0x00, 0x24, 0x81, 0x05, 0x81, 0x00, 0x83, 0x02, 0x12, 
	0xC1, 0x12, 0x5A, 0x63, 0x02, 0x63, 0x12, 0x2C, 0x59, 0x02, 0x59, 0x28, 0x10, 0x28, 0x02, 0x11, 
	0x0B, 0x02, 0x0B, 0x8A, 0x02, 0x08, 0x0B, 0x63, 0x5A, 0x02, 0x02, 0x11, 0xC2, 0xC1, 0x06, 0x8A, 
	0x02, 0x00, 0x06, 0x86, 0x02, 0x80, 0x04, 0x81, 0x02, 0x81, 0x06, 0x80, 0x02, 0x01, 0x06, 0x06, 
	0x8A, 0x02, 0x01, 0x04, 0x04, 0x86, 0x02, 0x80, 0x06, 0x02, 0x04, 0x04, 0x06, 0x81, 0x02, 0x08, 
	0x04, 0x8D, 0x8E, 0x49, 0x0D, 0x0D, 0x02, 0x0D, 0x0D, 0x80, 0x02, 0x03, 0x04, 0x0A, 0x04, 0x02, 
	0x81, 0x00, 0x0B, 0x02, 0x91, 0x21, 0x04, 0x8E, 0x8D, 0x0A, 0x04, 0x0A, 0x21, 0x9C, 0x02, 0x82, 
	0x00, 0x02, 0x06, 0x02, 0x04, 0x80, 0x0A, 0x0E, 0x47, 0x43, 0xB0, 0xB0, 0x54, 0xB0, 0xA6, 0xA6, 
	0xB3, 0xA2, 0x04, 0x06, 0x02, 0xA6, 0x92, 0x85, 0x04, 0x82, 0x02, 0x00, 0x06, 0x81, 0x02, 0x80, 
	0x04, 0x80, 0x02, 0x02, 0x06, 0x02, 0x06, 0x83, 0x02, 0x05, 0x06, 0x02, 0x02, 0x03, 0x03, 0x04, 
	0x81, 0x03, 0x81, 0x02, 0x03, 0x04, 0x04, 0x02, 0x06, 0x86, 0x02, 0x01, 0x06, 0x06, 0x8F, 0x02, 
	0x06, 0x06, 0x06, 0x03, 0x06, 0x06, 0x07, 0x01, 0x80, 0x02, 0x15, 0x03, 0x09, 0x03, 0x07, 0x06, 
	0x1B, 0x18, 0x32, 0x70, 0x18, 0x34, 0x34, 0x08, 0x3B, 0x07, 0x34, 0x34, 0x07, 0x3C, 0x08, 0x34, 
	0x3B, 0x83, 0x02, 0x81, 0x00, 0x81, 0x05, 0x03, 0x24, 0x0E, 0x0E, 0x0C, 0x03, 0x0E, 0x13, 0x13, 
	0x24, 0x81, 0x05, 0x81, 0x00, 0x83, 0x02, 0x00, 0x00, 0x8A, 0x02, 0x00, 0x06, 0x84, 0x02, 0x81, 
	0x00, 0x80, 0x02, 0x0C, 0x04, 0x06, 0x04, 0x28, 0xD5, 0xCA, 0x02, 0x02, 0x28, 0xD5, 0xD4, 0x02, 
	0x02, 0x80, 0x04, 0x81, 0x02, 0x02, 0x06, 0x02, 0x02, 0x81, 0x06, 0x80, 0x02, 0x02, 0x06, 0x02, 
	0x02, 0x82, 0x04, 0x81, 0x02, 0x01, 0x06, 0x04, 0x82, 0x02, 0x24, 0x0B, 0x02, 0x0B, 0x0B, 0x02, 
	0x1E, 0x0B, 0x04, 0x2C, 0x02, 0x28, 0x2C, 0x04, 0x2C, 0x2D, 0x04, 0x59, 0x0B, 0x1E, 0x59, 0x02, 
	0x44, 0x2C, 0x02, 0x5A, 0x2A, 0x0B, 0x60, 0x02, 0x44, 0x5A, 0x04, 0x5A, 0x44, 0x02, 0x02, 0x04, 
	0x88, 0x02, 0x08, 0x41, 0x49, 0x04, 0x46, 0x41, 0x00, 0x49, 0x20, 0x00, 0x80, 0x02, 0x45, 0x8E, 
	0x8D, 0x43, 0x49, 0x04, 0x21, 0x9C, 0x21, 0x49, 0x00, 0x46, 0x46, 0x02, 0x49, 0x21, 0x0D, 0x54, 
	0x0A, 0x49, 0x8F, 0x43, 0xB0, 0xB0, 0x54, 0xB0, 0xA6, 0x26, 0x51, 0x27, 0x06, 0x02, 0x02, 0xA6, 
	0x92, 0x0D, 0x58, 0x0F, 0x27, 0x54, 0x0A, 0x50, 0x4E, 0x04, 0x55, 0x27, 0x1D, 0x50, 0x02, 0x26, 
	0x4B, 0x06, 0x4B, 0x27, 0x04, 0x43, 0x0A, 0x1D, 0x27, 0x06, 0x24, 0x23, 0x02, 0x1D, 0x03, 0x02, 
	0x0F, 0x00, 0x02, 0x02, 0x06, 0x82, 0x02, 0x04, 0x04, 0x02, 0x02, 0x06, 0x02, 0x80, 0x04, 0x02, 
	0x03, 0x03, 0x06, 0x80, 0x02, 0x00, 0x00, 0x81, 0x02, 0x89, 0x06, 0x04, 0x02, 0x02, 0x06, 0x02, 
	0x06, 0x82, 0x02, 0x14, 0x03, 0x07, 0x1B, 0x70, 0x72, 0x35, 0x70, 0x32, 0x72, 0x6C, 0x34, 0x6C, 
	0x1B, 0x02, 0x02, 0x18, 0x72, 0x32, 0x35, 0x34, 0x00, 0x84, 0x02, 0x00, 0x06, 0x84, 0x02, 0x81, 
	0x00, 0x81, 0x05, 0x03, 0x1F, 0x0E, 0x0E, 0x0C, 0x03, 0x0E, 0x13, 0x13, 0x2F, 0x80, 0x05, 0x00, 
	0x0C, 0x81, 0x00, 0x91, 0x02, 0x80, 0x06, 0x83, 0x02, 0x5B, 0x00, 0x00, 0x02, 0x02, 0x04, 0x12, 
	0x0B, 0x11, 0x28, 0x2B, 0xD5, 0xCA, 0x02, 0x00, 0x2D, 0xD5, 0xDB, 0x11, 0x63, 0x0B, 0x5A, 0x5B, 
	0x02, 0x63, 0x29, 0x2A, 0x63, 0x06, 0x63, 0x5B, 0x04, 0x66, 0x02, 0x5B, 0x65, 0x02, 0x65, 0x5A, 
	0x12, 0xC5, 0x04, 0x63, 0x98, 0x04, 0xC3, 0x5B, 0x28, 0xC5, 0x02, 0x98, 0xC2, 0x04, 0xCA, 0x5D, 
	0x2C, 0xCF, 0x04, 0x66, 0xC3, 0x02, 0xCA, 0x63, 0x29, 0xCF, 0x0B, 0x64, 0xC5, 0x04, 0xC5, 0x66, 
	0x0B, 0xCF, 0x1E, 0x5D, 0xC7, 0x02, 0x98, 0x65, 0x04, 0xC7, 0x5E, 0x28, 0xC7, 0x0B, 0x63, 0xC2, 
	0x04, 0x98, 0x63, 0x06, 0x02, 0x20, 0x84, 0x02, 0x81, 0x06, 0x27, 0x46, 0x8D, 0x02, 0x49, 0x46, 
	0x02, 0x96, 0x21, 0x02, 0x02, 0x06, 0x04, 0x8D, 0x49, 0x46, 0x91, 0x0A, 0x21, 0x9C, 0x41, 0x91, 
	0x00, 0x49, 0x49, 0x02, 0x8D, 0x46, 0x0D, 0x93, 0x0A, 0x0D, 0x48, 0x43, 0xB0, 0xB0, 0x54, 0xB0, 
	0xA6, 0x00, 0x00, 0x81, 0x02, 0x4E, 0x92, 0x92, 0x0F, 0xA6, 0x1D, 0x51, 0xA6, 0x0A, 0xA2, 0x92, 
	0x02, 0xA6, 0x51, 0x4B, 0xB6, 0x00, 0x57, 0xA1, 0x02, 0xB6, 0x58, 0x0A, 0xBC, 0x23, 0x58, 0xB6, 
	0x02, 0xA1, 0xA0, 0x02, 0xB6, 0x4B, 0x4B, 0xB9, 0x02, 0x9F, 0xB5, 0x03, 0xB6, 0x52, 0x27, 0xB9, 
	0x03, 0x7C, 0x9F, 0x03, 0xA4, 0x4F, 0x23, 0xA0, 0x03, 0x56, 0x7C, 0x02, 0x7D, 0x38, 0x23, 0xA0, 
	0x00, 0x52, 0x52, 0x02, 0x53, 0x25, 0x25, 0x53, 0x06, 0x39, 0x38, 0x03, 0x4D, 0x03, 0x25, 0x39, 
	0x02, 0x38, 0x0F, 0x03, 0x25, 0x82, 0x02, 0x14, 0x3B, 0x72, 0x32, 0x73, 0x70, 0x72, 0x74, 0x35, 
	0x73, 0x73, 0x35, 0x73, 0x34, 0x02, 0x02, 0x03, 0x19, 0x32, 0x72, 0x35, 0x03, 0x8C, 0x02, 0x81, 
	0x00, 0x81, 0x05, 0x03, 0x1F, 0x0E, 0x0E, 0x0C, 0x03, 0x0C, 0x13, 0x13, 0x2F, 0x81, 0x05, 0x81, 
	0x00, 0x81, 0x02, 0x60, 0x00, 0x02, 0x2C, 0x02, 0x2C, 0x2C, 0x04, 0x5E, 0x04, 0x59, 0x5B, 0x02, 
	0x65, 0x28, 0x5A, 0x64, 0x04, 0xC1, 0x2C, 0x2C, 0xC1, 0x02, 0xC0, 0x5B, 0x28, 0xC5, 0x02, 0xC1, 
	0x65, 0x11, 0xCF, 0x28, 0x65, 0xC5, 0x2B, 0xD6, 0xCA, 0x00, 0x00, 0x2B, 0xD5, 0xCB, 0x28, 0xC5, 
	0x0B, 0x65, 0x65, 0x04, 0xC3, 0x2B, 0x44, 0x65, 0x00, 0x65, 0x5E, 0x04, 0x65, 0x02, 0x5A, 0x64, 
	0x02, 0x63, 0x2C, 0x10, 0x66, 0x02, 0x59, 0x5E, 0x04, 0x5B, 0x2B, 0x10, 0x5E, 0x02, 0x2C, 0x44, 
	0x06, 0x59, 0x1E, 0x10, 0x2C, 0x02, 0x1E, 0x28, 0x02, 0x1E, 0x0B, 0x04, 0x12, 0x04, 0x0B, 0x0B, 
	0x06, 0x0B, 0x02, 0x02, 0x0B, 0x84, 0x02, 0x00, 0x04, 0x85, 0x02, 0x80, 0x04, 0x85, 0x02, 0x03, 
	0x06, 0x06, 0x02, 0x02, 0x80, 0x00, 0x80, 0x02, 0x01, 0x04, 0x02, 0x80, 0x04, 0x0A, 0x02, 0x49, 
	0x46, 0x0A, 0x0A, 0x04, 0x21, 0x9C, 0x0A, 0x02, 0x00, 0x82, 0x02, 0x01, 0x04, 0x06, 0x80, 0x02, 
	0x05, 0x0A, 0x0D, 0x0D, 0x0A, 0x0D, 0x0A, 0x80, 0x00, 0x06, 0x43, 0x54, 0x02, 0x00, 0x00, 0x02, 
	0x02, 0x81, 0x04, 0x01, 0x02, 0x04, 0x85, 0x02, 0x5F, 0x06, 0x02, 0x04, 0x02, 0x03, 0x04, 0x03, 
	0x03, 0x04, 0x0C, 0x03, 0x02, 0x0F, 0x03, 0x0C, 0x27, 0x02, 0x27, 0x26, 0x06, 0x4E, 0x24, 0x0F, 
	0x55, 0x02, 0x4B, 0x4F, 0x03, 0x55, 0x26, 0x0F, 0x55, 0x02, 0x4F, 0x52, 0x02, 0x56, 0x26, 0x23, 
	0x7C, 0x02, 0x52, 0x52, 0x02, 0x7A, 0x25, 0x25, 0x7D, 0x06, 0x53, 0x4D, 0x07, 0x7D, 0x07, 0x4D, 
	0x7D, 0x03, 0x7A, 0x36, 0x19, 0x7B, 0x07, 0x06, 0x02, 0x02, 0x03, 0x6F, 0x70, 0x32, 0x73, 0x70, 
	0x72, 0x74, 0x35, 0x73, 0x73, 0x35, 0x73, 0x34, 0x32, 0x3B, 0x18, 0x6F, 0x32, 0x6C, 0x35, 0x07, 
	0x3B, 0x08, 0x19, 0x1B, 0x02, 0x1B, 0x07, 0x07, 0x08, 0x84, 0x02, 0x80, 0x00, 0x81, 0x05, 0x03, 
	0x1F, 0x0E, 0x0E, 0x0C, 0x03, 0x0C, 0x13, 0x13, 0x24, 0x81, 0x05, 0x80, 0x00, 0x83, 0x02, 0x2A, 
	0x28, 0xCF, 0x10, 0x65, 0x65, 0x0B, 0xC5, 0x10, 0x63, 0x65, 0x02, 0xC6, 0x28, 0x5B, 0x65, 0x02, 
	0x64, 0x2B, 0x2B, 0x63, 0x02, 0x5B, 0x2B, 0x10, 0x5A, 0x00, 0x2B, 0x29, 0x02, 0x2C, 0x0B, 0x1E, 
	0x28, 0x1E, 0x64, 0x5A, 0x00, 0x00, 0x04, 0x2C, 0x2B, 0x06, 0x02, 0x80, 0x04, 0x04, 0x06, 0x02, 
	0x02, 0x00, 0x00, 0x81, 0x02, 0x01, 0x04, 0x06, 0x80, 0x04, 0x04, 0x02, 0x04, 0x06, 0x02, 0x06, 
	0x82, 0x02, 0x00, 0x06, 0x88, 0x02, 0x81, 0x06, 0x00, 0x04, 0x85, 0x02, 0x00, 0x06, 0x8E, 0x02, 
	0x80, 0x04, 0x88, 0x02, 0x01, 0x00, 0x00, 0x80, 0x02, 0x12, 0x0A, 0x04, 0x04, 0x0A, 0x04, 0x04, 
	0x0A, 0x9A, 0x8D, 0x8D, 0x9A, 0x41, 0x22, 0x9C, 0x02, 0x04, 0x06, 0x04, 0x04, 0x81, 0x02, 0x11, 
	0x00, 0x00, 0x02, 0x06, 0x02, 0x04, 0x0A, 0x41, 0xB0, 0x92, 0x1D, 0xA6, 0x1D, 0xA6, 0xB0, 0x43, 
	0x00, 0x00, 0x82, 0x02, 0x00, 0x04, 0x8B, 0x02, 0x07, 0x06, 0x06, 0x04, 0x04, 0x02, 0x02, 0x06, 
	0x06, 0x81, 0x02, 0x02, 0x06, 0x06, 0x02, 0x82, 0x06, 0x02, 0x02, 0x06, 0x06, 0x80, 0x04, 0x00, 
	0x02, 0x81, 0x06, 0x80, 0x02, 0x82, 0x06, 0x01, 0x02, 0x06, 0x87, 0x02, 0x06, 0x00, 0x06, 0x01, 
	0x02, 0x02, 0x07, 0x06, 0x81, 0x02, 0x1E, 0x18, 0x34, 0x18, 0x70, 0x6F, 0x3C, 0x70, 0x35, 0x70, 
	0x70, 0x34, 0x70, 0x34, 0x34, 0x6C, 0x1B, 0x70, 0x34, 0x6C, 0x35, 0x08, 0x6E, 0x1B, 0x37, 0x71, 
	0x01, 0x71, 0x33, 0x34, 0x71, 0x01, 0x82, 0x02, 0x81, 0x00, 0x81, 0x05, 0x03, 0x1F, 0x0E, 0x0E, 
	0x0C, 0x03, 0x0C, 0x13, 0x13, 0x2F, 0x81, 0x05, 0x80, 0x00, 0x84, 0x02, 0x02, 0x12, 0x02, 0x04, 
	0x92, 0x02, 0x01, 0x00, 0x00, 0x80, 0x02, 0x81, 0x04, 0x08, 0x02, 0x02, 0xCB, 0xD4, 0x63, 0xD4, 
	0xCA, 0x02, 0x02, 0x81, 0x06, 0x82, 0x02, 0x02, 0x06, 0x06, 0x02, 0x80, 0x04, 0x03, 0x02, 0x04, 
	0x02, 0x04, 0x80, 0x02, 0x00, 0x06, 0x8D, 0x02, 0x01, 0x06, 0x06, 0x82, 0x04, 0x81, 0x02, 0x00, 
	0x00, 0x81, 0x02, 0x04, 0x04, 0x02, 0x04, 0x02, 0x04, 0x84, 0x02, 0x0C, 0x00, 0x02, 0x02, 0x04, 
	0x0A, 0x04, 0x04, 0x0A, 0x02, 0x0A, 0x0A, 0x02, 0x0A, 0x80, 0x02, 0x03, 0x00, 0x02, 0x02, 0x00, 
	0x80, 0x0A, 0x28, 0x0D, 0x0A, 0x0D, 0x0D, 0x04, 0x04, 0x9A, 0x8D, 0x9A, 0x9C, 0x49, 0x22, 0x9C, 
	0x0A, 0x0D, 0x04, 0x0D, 0x0D, 0x04, 0x0A, 0x02, 0x00, 0x02, 0x00, 0x02, 0x0D, 0x04, 0x0A, 0x0D, 
	0x4A, 0xB0, 0xA6, 0xA6, 0xB0, 0x92, 0xB0, 0xB0, 0x91, 0x02, 0x00, 0x00, 0x80, 0x02, 0x01, 0x04, 
	0x04, 0x80, 0x02, 0x82, 0x04, 0x05, 0x06, 0x02, 0x06, 0x04, 0x06, 0x04, 0x80, 0x06, 0x03, 0x04, 
	0x06, 0x02, 0x06, 0x80, 0x04, 0x04, 0x02, 0x04, 0x04, 0x06, 0x06, 0x81, 0x02, 0x80, 0x06, 0x81, 
	0x04, 0x00, 0x02, 0x80, 0x06, 0x01, 0x02, 0x06, 0x81, 0x02, 0x01, 0x06, 0x06, 0x8A, 0x02, 0x01, 
	0x06, 0x06, 0x89, 0x02, 0x82, 0x03, 0x15, 0x01, 0x01, 0x02, 0x01, 0x02, 0x06, 0x02, 0x03, 0x18, 
	0x18, 0x34, 0x32, 0x03, 0x02, 0x06, 0x02, 0x01, 0x00, 0x08, 0x03, 0x07, 0x18, 0x84, 0x02, 0x80, 
	0x00, 0x81, 0x05, 0x03, 0x1F, 0x0E, 0x0E, 0x05, 0x03, 0x0E, 0x13, 0x13, 0x2F, 0x81, 0x05, 0x80, 
	0x00, 0x98, 0x02, 0x03, 0x06, 0x02, 0x06, 0x06, 0x83, 0x02, 0x09, 0x04, 0x06, 0x04, 0x06, 0x04, 
	0xD4, 0xD6, 0x65, 0xD6, 0xCB, 0x86, 0x02, 0x7F, 0x0B, 0x02, 0x12, 0x10, 0x04, 0x29, 0x02, 0x29, 
	0x2B, 0x02, 0x59, 0x28, 0x12, 0x5D, 0x02, 0x44, 0x59, 0x02, 0x60, 0x29, 0x29, 0x63, 0x02, 0x5E, 
	0x5E, 0x02, 0x66, 0x2D, 0x2C, 0x97, 0x04, 0x63, 0x64, 0x04, 0xC2, 0x59, 0x2A, 0xC5, 0x0A, 0x63, 
	0x65, 0x02, 0xC2, 0x5E, 0x02, 0xCE, 0x0B, 0x60, 0xC3, 0x0A, 0x98, 0x66, 0x02, 0xC7, 0x5A, 0x28, 
	0xCE, 0x02, 0x64, 0xC2, 0x02, 0xC3, 0x60, 0x0A, 0x99, 0x20, 0x48, 0x99, 0x02, 0x96, 0x96, 0x02, 
	0x9A, 0x48, 0x1C, 0x9A, 0x02, 0x49, 0x96, 0x02, 0x96, 0x49, 0x0A, 0x9A, 0x45, 0x41, 0x9A, 0x0A, 
	0x02, 0x9A, 0x49, 0x21, 0x96, 0x00, 0x22, 0x9A, 0x46, 0x9A, 0x0A, 0x91, 0x8D, 0x0A, 0x9A, 0x48, 
	0x0A, 0x9A, 0x02, 0x49, 0x9A, 0x0A, 0x91, 0x54, 0x1C, 0xB0, 0xA6, 0x0F, 0x92, 0x02, 0xA6, 0xB0, 
	0x0D, 0x54, 0x46, 0x02, 0xA6, 0x27, 0x4E, 0xA6, 0x3A, 0x04, 0xA1, 0x9F, 0x04, 0xB6, 0x55, 0x26, 
	0xB6, 0x02, 0x57, 0xA1, 0x02, 0xA1, 0x58, 0x02, 0xB6, 0x27, 0x50, 0xA1, 0x02, 0x57, 0x57, 0x04, 
	0x57, 0x27, 0x27, 0xA3, 0x0C, 0x55, 0x57, 0x02, 0x9F, 0x50, 0x03, 0xA0, 0x03, 0x50, 0x55, 0x04, 
	0x55, 0x4E, 0x03, 0x58, 0x04, 0x26, 0x50, 0x04, 0x4B, 0x24, 0x03, 0x4E, 0x06, 0x19, 0x23, 0x02, 
	0x0F, 0x03, 0x02, 0x07, 0x80, 0x02, 0x03, 0x06, 0x03, 0x06, 0x02, 0x82, 0x06, 0x83, 0x02, 0x80, 
	0x06, 0x82, 0x02, 0x00, 0x06, 0x80, 0x02, 0x81, 0x06, 0x02, 0x02, 0x02, 0x06, 0x8F, 0x02, 0x80, 
	0x00, 0x81, 0x05, 0x03, 0x1F, 0x0E, 0x0E, 0x05, 0x03, 0x0E, 0x13, 0x13, 0x2F, 0x81, 0x05, 0x80, 
	0x00, 0x8C, 0x02, 0x7F, 0x04, 0x02, 0x0B, 0x02, 0x11, 0x12, 0x02, 0x2C, 0x04, 0x2D, 0x59, 0x02, 
	0x5E, 0x28, 0x28, 0x5E, 0x04, 0x5E, 0x59, 0x12, 0xC1, 0x0B, 0x5E, 0x60, 0x2D, 0xCA, 0x63, 0xD4, 
	0xD6, 0x65, 0xD6, 0xCA, 0x2C, 0x63, 0x02, 0xC2, 0x66, 0x02, 0xCF, 0x12, 0x63, 0xCE, 0x02, 0xCE, 
	0x66, 0x28, 0xCF, 0x0B, 0x66, 0xC2, 0x0A, 0xCE, 0x5D, 0x2A, 0xCE, 0x02, 0x66, 0x66, 0x02, 0xC3, 
	0x59, 0x2C, 0xC2, 0x02, 0x64, 0x63, 0x04, 0xC2, 0x2B, 0x44, 0xC2, 0x02, 0x63, 0x63, 0x02, 0x98, 
	0x44, 0x29, 0x98, 0x02, 0x5B, 0x63, 0x02, 0x63, 0x59, 0x02, 0x66, 0x0A, 0x44, 0x63, 0x0A, 0x5E, 
	0x59, 0x04, 0x60, 0x29, 0x11, 0x5E, 0x02, 0x2C, 0x59, 0x02, 0x5D, 0x2A, 0x02, 0x5D, 0x0D, 0x20, 
	0x46, 0x04, 0x41, 0x21, 0x02, 0x41, 0x1D, 0x0A, 0x41, 0x04, 0x1C, 0x21, 0x02, 0x21, 0x1C, 0x04, 
	0x21, 0x0D, 0x0D, 0x21, 0x03, 0x02, 0x02, 0x41, 0x20, 0x80, 0x00, 0x7F, 0x04, 0x21, 0x0D, 0x21, 
	0x0A, 0x22, 0x22, 0x02, 0x21, 0x0D, 0x00, 0x21, 0x02, 0x1D, 0x21, 0x04, 0x21, 0x21, 0x0A, 0x54, 
	0x51, 0x04, 0x04, 0x02, 0x51, 0x58, 0x04, 0x20, 0x0D, 0x00, 0x47, 0x0D, 0x1D, 0x4E, 0x02, 0x51, 
	0x4E, 0x04, 0x55, 0x26, 0x1D, 0x57, 0x02, 0x51, 0x55, 0x02, 0x55, 0x4F, 0x02, 0x9F, 0x23, 0x4E, 
	0x57, 0x02, 0x55, 0x58, 0x03, 0x57, 0x27, 0x24, 0xA1, 0x0C, 0x55, 0x7C, 0x02, 0xA0, 0x52, 0x03, 
	0xB6, 0x03, 0x58, 0x9F, 0x06, 0xA0, 0x56, 0x03, 0xB6, 0x04, 0x55, 0xB5, 0x03, 0xB5, 0x55, 0x0F, 
	0xB9, 0x03, 0x7C, 0xB5, 0x06, 0xB5, 0x52, 0x25, 0xB6, 0x02, 0x7D, 0x7D, 0x03, 0x7E, 0x23, 0x39, 
	0x7A, 0x03, 0x53, 0x39, 0x08, 0x7A, 0x07, 0x02, 0x02, 0x37, 0x37, 0x03, 0x3E, 0x19, 0x36, 0x37, 
	0x02, 0x3B, 0x19, 0x19, 0x37, 0x02, 0x36, 0x19, 0x08, 0x1A, 0x03, 0x18, 0x05, 0x08, 0x03, 0x08, 
	0x00, 0x01, 0x00, 0x8B, 0x02, 0x80, 0x00, 0x81, 0x05, 0x03, 0x1F, 0x13, 0x13, 0x05, 0x03, 0x0E, 
	0x13, 0x13, 0x24, 0x81, 0x05, 0x80, 0x00, 0x83, 0x02, 0x37, 0x2B, 0xC6, 0x02, 0xC0, 0x67, 0x28, 
	0xC5, 0x02, 0xC0, 0x65, 0x10, 0xCA, 0x11, 0x65, 0xC1, 0x02, 0xCA, 0x28, 0x67, 0xC2, 0x02, 0xC3, 
	0x44, 0x59, 0xC2, 0x02, 0x65, 0x5B, 0x1E, 0xC2, 0x04, 0x5E, 0x5E, 0x2C, 0xD4, 0x65, 0xD4, 0xD4, 
	0x64, 0xD4, 0xC3, 0x1E, 0x2C, 0x02, 0x59, 0x2C, 0x00, 0x5F, 0x04, 0x12, 0x29, 0x02, 0x1E, 0x10, 
	0x02, 0x0B, 0x80, 0x02, 0x03, 0x04, 0x02, 0x02, 0x04, 0x93, 0x02, 0x02, 0x04, 0x02, 0x04, 0x90, 
	0x02, 0x00, 0x00, 0x80, 0x02, 0x01, 0x04, 0x06, 0x82, 0x02, 0x00, 0x04, 0x9E, 0x02, 0x81, 0x00, 
	0x82, 0x02, 0x01, 0x06, 0x04, 0x83, 0x02, 0x00, 0x04, 0x80, 0x02, 0x80, 0x00, 0x81, 0x02, 0x00, 
	0x06, 0x81, 0x02, 0x02, 0x04, 0x04, 0x06, 0x88, 0x02, 0x06, 0x04, 0x02, 0x06, 0x02, 0x02, 0x06, 
	0x06, 0x8C, 0x02, 0x03, 0x04, 0x04, 0x02, 0x04, 0x80, 0x02, 0x39, 0x03, 0x02, 0x03, 0x07, 0x06, 
	0x19, 0x0F, 0x0C, 0x4E, 0x02, 0x26, 0x38, 0x06, 0x39, 0x0F, 0x23, 0x39, 0x06, 0x39, 0x25, 0x07, 
	0x4D, 0x07, 0x06, 0x06, 0x37, 0x37, 0x03, 0x4D, 0x19, 0x3A, 0x3E, 0x00, 0x6D, 0x1A, 0x33, 0x71, 
	0x01, 0x6D, 0x3B, 0x32, 0x77, 0x07, 0x6D, 0x3B, 0x32, 0x6E, 0x01, 0x6D, 0x3A, 0x1B, 0x71, 0x01, 
	0x3C, 0x34, 0x18, 0x6D, 0x03, 0x83, 0x02, 0x80, 0x00, 0x81, 0x05, 0x03, 0x1F, 0x13, 0x0E, 0x05, 
	0x03, 0x0C, 0x13, 0x13, 0x24, 0x81, 0x05, 0x80, 0x00, 0x83, 0x02, 0x0E, 0x2D, 0x66, 0x02, 0x5E, 
	0x2C, 0x10, 0x5E, 0x02, 0x2B, 0x2B, 0x06, 0x2B, 0x02, 0x0B, 0x10, 0x8E, 0x02, 0x06, 0x00, 0x12, 
	0x5B, 0x29, 0x02, 0x04, 0x04, 0x85, 0x02, 0x00, 0x00, 0x82, 0x02, 0x06, 0x06, 0x02, 0x02, 0x06, 
	0x06, 0x02, 0x02, 0x80, 0x04, 0x00, 0x06, 0x8C, 0x02, 0x01, 0x04, 0x04, 0x81, 0x02, 0x80, 0x04, 
	0x8A, 0x02, 0x01, 0x04, 0x06, 0x85, 0x02, 0x01, 0x04, 0x04, 0x80, 0x02, 0x03, 0x06, 0x04, 0x04, 
	0x06, 0x84, 0x02, 0x82, 0x04, 0x80, 0x02, 0x01, 0x00, 0x00, 0x83, 0x02, 0x04, 0x06, 0x06, 0x04, 
	0x06, 0x06, 0x8D, 0x02, 0x02, 0x04, 0x02, 0x04, 0x80, 0x0A, 0x03, 0x04, 0x04, 0x02, 0x02, 0x81, 
	0x00, 0x03, 0x02, 0x06, 0x06, 0x02, 0x84, 0x04, 0x85, 0x02, 0x00, 0x06, 0x80, 0x04, 0x81, 0x02, 
	0x01, 0x06, 0x06, 0x8A, 0x02, 0x82, 0x06, 0x83, 0x02, 0x00, 0x06, 0x81, 0x02, 0x06, 0x06, 0x02, 
	0x06, 0x04, 0x02, 0x06, 0x06, 0x80, 0x02, 0x80, 0x06, 0x89, 0x02, 0x00, 0x00, 0x81, 0x02, 0x80, 
	0x03, 0x10, 0x09, 0x06, 0x18, 0x08, 0x09, 0x1B, 0x00, 0x1B, 0x18, 0x08, 0x37, 0x06, 0x34, 0x1B, 
	0x08, 0x3C, 0x03, 0x83, 0x02, 0x80, 0x00, 0x81, 0x05, 0x03, 0x1F, 0x13, 0x13, 0x05, 0x03, 0x17, 
	0x13, 0x13, 0x24, 0x81, 0x05, 0x80, 0x00, 0x91, 0x02, 0x00, 0x00, 0x8F, 0x02, 0x05, 0x00, 0x02, 
	0x02, 0x06, 0x06, 0x02, 0x82, 0x04, 0x85, 0x02, 0x08, 0x06, 0x04, 0x04, 0x02, 0x04, 0x02, 0x02, 
	0x04, 0x04, 0x84, 0x02, 0x7F, 0x04, 0x02, 0x04, 0x0B, 0x02, 0x0B, 0x0B, 0x06, 0x1E, 0x04, 0x0B, 
	0x1E, 0x04, 0x28, 0x28, 0x02, 0x2C, 0x11, 0x12, 0x59, 0x06, 0x2C, 0x44, 0x02, 0x5D, 0x2A, 0x0B, 
	0x60, 0x02, 0x2C, 0x5E, 0x02, 0x5E, 0x59, 0x02, 0x66, 0x2A, 0x28, 0x66, 0x02, 0x5D, 0x5E, 0x06, 
	0x63, 0x44, 0x0A, 0x66, 0x11, 0x45, 0x61, 0x02, 0x48, 0x48, 0x02, 0x49, 0x41, 0x0D, 0x49, 0x0A, 
	0x46, 0x49, 0x0A, 0x49, 0x46, 0x02, 0x49, 0x21, 0x20, 0x49, 0x00, 0x46, 0x48, 0x02, 0x49, 0x45, 
	0x0D, 0x8E, 0x0D, 0x41, 0x49, 0x02, 0x48, 0x46, 0x02, 0x49, 0x43, 0x0A, 0x54, 0x02, 0x43, 0x49, 
	0x02, 0x54, 0x46, 0x02, 0x54, 0x27, 0x24, 0x92, 0x04, 0x50, 0x58, 0x0A, 0x20, 0x0D, 0x02, 0x57, 
	0x24, 0x24, 0x55, 0x00, 0x54, 0x50, 0x04, 0x57, 0x26, 0x0F, 0x57, 0x04, 0x4E, 0x55, 0x02, 0x50, 
	0x4E, 0x02, 0x55, 0x23, 0x27, 0x19, 0x55, 0x02, 0x4E, 0x4E, 0x04, 0x4B, 0x23, 0x0D, 0x4B, 0x04, 
	0x23, 0x27, 0x06, 0x23, 0x0F, 0x02, 0x0F, 0x02, 0x04, 0x03, 0x02, 0x03, 0x02, 0x02, 0x06, 0x06, 
	0x82, 0x04, 0x81, 0x02, 0x00, 0x06, 0x84, 0x02, 0x01, 0x06, 0x02, 0x81, 0x06, 0x00, 0x02, 0x82, 
	0x06, 0x01, 0x04, 0x04, 0x8A, 0x02, 0x01, 0x06, 0x06, 0x88, 0x02, 0x01, 0x06, 0x06, 0x88, 0x02, 
	0x80, 0x00, 0x81, 0x05, 0x03, 0x1F, 0x13, 0x13, 0x0C, 0x03, 0x0E, 0x13, 0x13, 0x2F, 0x81, 0x05, 
	0x80, 0x00, 0x90, 0x02, 0x02, 0x06, 0x02, 0x06, 0x81, 0x02, 0x7F, 0x06, 0x02, 0x06, 0x02, 0x0B, 
	0x02, 0x10, 0x04, 0x04, 0x28, 0x02, 0x29, 0x28, 0x10, 0x5D, 0x04, 0x2C, 0x59, 0x04, 0x63, 0x28, 
	0x2C, 0x63, 0x04, 0x63, 0x5F, 0x0B, 0xC2, 0x02, 0x5E, 0x63, 0x02, 0xC2, 0x59, 0x2B, 0xC2, 0x04, 
	0x66, 0x66, 0x04, 0xC5, 0x2B, 0x59, 0xC5, 0x04, 0xC2, 0x65, 0x02, 0xCF, 0x2C, 0x60, 0xCA, 0x02, 
	0xC3, 0x66, 0x0B, 0xCF, 0x2D, 0x63, 0xCF, 0x02, 0xC3, 0xC2, 0x02, 0xCF, 0x59, 0x59, 0xCF, 0x02, 
	0x98, 0xC3, 0x02, 0xCE, 0x60, 0x1E, 0xCF, 0x0B, 0x63, 0xC5, 0x02, 0xC2, 0x64, 0x02, 0xCE, 0x59, 
	0x2C, 0xCE, 0x02, 0x64, 0x97, 0x02, 0x98, 0x5D, 0x0A, 0x98, 0x1E, 0x45, 0x98, 0x02, 0x49, 0x49, 
	0x02, 0x96, 0x46, 0x1C, 0x96, 0x0A, 0x46, 0x8D, 0x0A, 0x49, 0x46, 0x02, 0x96, 0x21, 0x20, 0x49, 
	0x00, 0x46, 0x48, 0x02, 0x49, 0x46, 0x0D, 0x8E, 0x1C, 0x41, 0x8D, 0x74, 0x02, 0x49, 0x48, 0x02, 
	0x91, 0x46, 0x0D, 0x91, 0x02, 0x43, 0x54, 0x02, 0x54, 0x48, 0x00, 0x92, 0x26, 0x27, 0x92, 0x0A, 
	0x54, 0x92, 0x0A, 0x21, 0x1D, 0x02, 0xA1, 0x26, 0x26, 0x9F, 0x00, 0x92, 0x92, 0x04, 0xB6, 0x50, 
	0x23, 0xB6, 0x02, 0x58, 0xA3, 0x06, 0xA1, 0x57, 0x02, 0xB6, 0x4E, 0x50, 0xB6, 0x02, 0xA0, 0xA1, 
	0x03, 0xB9, 0x55, 0x27, 0xBC, 0x0F, 0x9F, 0xB6, 0x06, 0xB6, 0x7C, 0x00, 0xBC, 0x0F, 0x57, 0xB6, 
	0x06, 0xB6, 0x9F, 0x02, 0xBC, 0x23, 0x55, 0xB6, 0x03, 0xA1, 0x57, 0x03, 0xB6, 0x23, 0x55, 0xA0, 
	0x06, 0x7C, 0x52, 0x0F, 0xA0, 0x02, 0x52, 0x56, 0x06, 0x56, 0x25, 0x25, 0x53, 0x06, 0x4F, 0x38, 
	0x07, 0x4F, 0x03, 0x39, 0x0F, 0x19, 0x25, 0x02, 0x19, 0x03, 0x03, 0x07, 0x02, 0x00, 0x00, 0x02, 
	0x02, 0x83, 0x06, 0x02, 0x02, 0x06, 0x06, 0x80, 0x02, 0x04, 0x06, 0x02, 0x02, 0x06, 0x06, 0x80, 
	0x02, 0x00, 0x06, 0x83, 0x02, 0x80, 0x00, 0x81, 0x05, 0x03, 0x1F, 0x13, 0x13, 0x0C, 0x03, 0x0E, 
	0x13, 0x13, 0x24, 0x81, 0x05, 0x80, 0x00, 0x83, 0x02, 0x54, 0x2C, 0x5E, 0x02, 0x5E, 0x2C, 0x28, 
	0x63, 0x02, 0x63, 0x59, 0x12, 0xC2, 0x02, 0x63, 0x63, 0x0B, 0xC3, 0x04, 0x63, 0x65, 0x02, 0xCE, 
	0x2B, 0x63, 0xC5, 0x02, 0xCF, 0x5E, 0x59, 0xCF, 0x02, 0xC2, 0x66, 0x2B, 0xCF, 0x10, 0x63, 0x65, 
	0x02, 0xC5, 0x2B, 0x5D, 0xC2, 0x0A, 0xC2, 0x5E, 0x11, 0xC2, 0x02, 0x5E, 0x63, 0x02, 0x66, 0x2C, 
	0x29, 0x66, 0x04, 0x5E, 0x5E, 0x02, 0x63, 0x1E, 0x29, 0x60, 0x02, 0x5F, 0x2C, 0x02, 0x5F, 0x10, 
	0x1E, 0x2C, 0x02, 0x28, 0x1E, 0x04, 0x28, 0x04, 0x0B, 0x1E, 0x04, 0x0B, 0x0B, 0x02, 0x0B, 0x8C, 
	0x02, 0x00, 0x04, 0x85, 0x02, 0x02, 0x04, 0x02, 0x06, 0x88, 0x02, 0x02, 0x06, 0x02, 0x06, 0x82, 
	0x02, 0x06, 0x06, 0x06, 0x02, 0x00, 0x02, 0x00, 0x02, 0x80, 0x00, 0x06, 0x02, 0x02, 0x04, 0x02, 
	0x04, 0x02, 0x06, 0x80, 0x02, 0x03, 0x06, 0x02, 0x04, 0x04, 0x83, 0x02, 0x01, 0x00, 0x00, 0x82, 
	0x02, 0x82, 0x04, 0x81, 0x02, 0x03, 0x00, 0x02, 0x02, 0x06, 0x83, 0x02, 0x03, 0x04, 0x04, 0x06, 
	0x06, 0x83, 0x02, 0x58, 0x06, 0x04, 0x02, 0x02, 0x03, 0x04, 0x02, 0x0F, 0x04, 0x0F, 0x0F, 0x06, 
	0x23, 0x0F, 0x02, 0x26, 0x02, 0x24, 0x26, 0x06, 0x51, 0x4B, 0x02, 0x55, 0x0F, 0x26, 0x55, 0x04, 
	0x52, 0x4F, 0x03, 0x7C, 0x16, 0x4E, 0x58, 0x04, 0x56, 0x50, 0x0F, 0x7C, 0x03, 0x52, 0x56, 0x02, 
	0x7D, 0x38, 0x38, 0x7D, 0x06, 0x7D, 0x53, 0x0F, 0x7E, 0x07, 0x7E, 0x25, 0x40, 0x7A, 0x03, 0x7A, 
	0x36, 0x36, 0x7A, 0x02, 0x7A, 0x3D, 0x19, 0x7A, 0x03, 0x3B, 0x37, 0x08, 0x6D, 0x07, 0x33, 0x33, 
	0x08, 0x3C, 0x03, 0x3A, 0x33, 0x01, 0x37, 0x03, 0x1A, 0x1A, 0x03, 0x33, 0x03, 0x83, 0x02, 0x80, 
	0x00, 0x81, 0x05, 0x03, 0x1F, 0x13, 0x13, 0x0C, 0x03, 0x0E, 0x13, 0x14, 0x24, 0x81, 0x05, 0x80, 
	0x00, 0x83, 0x02, 0x23, 0x5E, 0xC5, 0x02, 0xC2, 0x5A, 0x2C, 0xC2, 0x02, 0x66, 0x5D, 0x11, 0x66, 
	0x02, 0x5E, 0x5D, 0x04, 0x63, 0x02, 0x59, 0x59, 0x02, 0x5D, 0x10, 0x28, 0x2C, 0x02, 0x28, 0x10, 
	0x02, 0x12, 0x02, 0x04, 0x02, 0x06, 0x04, 0x04, 0x81, 0x02, 0x00, 0x06, 0x82, 0x04, 0x86, 0x02, 
	0x00, 0x04, 0x87, 0x02, 0x00, 0x06, 0x82, 0x02, 0x09, 0x06, 0x06, 0x02, 0x02, 0x04, 0x04, 0x02, 
	0x06, 0x02, 0x06, 0x87, 0x02, 0x0A, 0x04, 0x02, 0x02, 0x06, 0x02, 0x02, 0x00, 0x02, 0x02, 0x06, 
	0x06, 0x80, 0x02, 0x80, 0x04, 0x02, 0x02, 0x02, 0x06, 0x87, 0x02, 0x82, 0x06, 0x02, 0x02, 0x06, 
	0x02, 0x82, 0x06, 0x03, 0x04, 0x04, 0x06, 0x02, 0x81, 0x00, 0x81, 0x02, 0x04, 0x06, 0x02, 0x06, 
	0x02, 0x06, 0x89, 0x02, 0x00, 0x06, 0x81, 0x02, 0x05, 0x04, 0x02, 0x0A, 0x04, 0x04, 0x02, 0x80, 
	0x04, 0x80, 0x06, 0x84, 0x02, 0x80, 0x04, 0x01, 0x02, 0x02, 0x81, 0x04, 0x83, 0x06, 0x03, 0x02, 
	0x04, 0x06, 0x06, 0x8D, 0x02, 0x01, 0x06, 0x06, 0x80, 0x02, 0x01, 0x06, 0x06, 0x81, 0x04, 0x03, 
	0x02, 0x04, 0x06, 0x06, 0x80, 0x02, 0x01, 0x06, 0x06, 0x80, 0x02, 0x27, 0x06, 0x02, 0x06, 0x02, 
	0x06, 0x03, 0x06, 0x06, 0x03, 0x02, 0x03, 0x03, 0x07, 0x19, 0x06, 0x19, 0x19, 0x07, 0x36, 0x06, 
	0x1A, 0x1A, 0x07, 0x3B, 0x01, 0x32, 0x32, 0x18, 0x3E, 0x07, 0x37, 0x37, 0x07, 0x71, 0x08, 0x3B, 
	0x3B, 0x07, 0x71, 0x18, 0x83, 0x02, 0x80, 0x00, 0x81, 0x05, 0x03, 0x1F, 0x13, 0x13, 0x0C, 0x03, 
	0x0E, 0x13, 0x13, 0x24, 0x80, 0x05, 0x00, 0x06, 0x80, 0x00, 0x89, 0x02, 0x01, 0x06, 0x02, 0x80, 
	0x00, 0x95, 0x02, 0x00, 0x06, 0x83, 0x02, 0x05, 0x06, 0x06, 0x04, 0x04, 0x02, 0x06, 0x82, 0x02, 
	0x06, 0x06, 0x02, 0x02, 0x06, 0x06, 0x02, 0x06, 0x81, 0x02, 0x00, 0x06, 0x80, 0x02, 0x02, 0x04, 
	0x02, 0x06, 0x81, 0x02, 0x82, 0x04, 0x82, 0x02, 0x02, 0x00, 0x02, 0x06, 0x81, 0x04, 0x01, 0x0A, 
	0x0A, 0x80, 0x04, 0x00, 0x02, 0x80, 0x00, 0x05, 0x06, 0x06, 0x02, 0x04, 0x04, 0x0B, 0x81, 0x04, 
	0x2C, 0x02, 0x02, 0x06, 0x0A, 0x02, 0x02, 0x0A, 0x02, 0x02, 0x04, 0x02, 0x0A, 0x0A, 0x04, 0x0A, 
	0x06, 0x0A, 0x0A, 0x06, 0x0D, 0x0D, 0x04, 0x0D, 0x0A, 0x0A, 0x1C, 0x04, 0x0D, 0x0A, 0x00, 0x0D, 
	0x02, 0x00, 0x0D, 0x02, 0x02, 0x0D, 0x06, 0x0D, 0x0D, 0x06, 0x0D, 0x0A, 0x04, 0x0D, 0x80, 0x0A, 
	0x80, 0x02, 0x13, 0x06, 0x0D, 0x02, 0x00, 0x02, 0x00, 0x00, 0x02, 0x04, 0x0A, 0x0A, 0x04, 0x03, 
	0x04, 0x0B, 0x0A, 0x04, 0x04, 0x06, 0x06, 0x83, 0x02, 0x85, 0x04, 0x00, 0x02, 0x88, 0x06, 0x01, 
	0x04, 0x04, 0x80, 0x06, 0x80, 0x02, 0x03, 0x06, 0x02, 0x02, 0x06, 0x81, 0x02, 0x00, 0x06, 0x80, 
	0x02, 0x80, 0x06, 0x81, 0x04, 0x01, 0x06, 0x06, 0x81, 0x02, 0x81, 0x06, 0x03, 0x02, 0x06, 0x02, 
	0x06, 0x81, 0x02, 0x03, 0x06, 0x02, 0x02, 0x06, 0x80, 0x02, 0x00, 0x06, 0x86, 0x02, 0x03, 0x01, 
	0x72, 0x6F, 0x07, 0x82, 0x02, 0x05, 0x00, 0x02, 0x00, 0x00, 0x02, 0x01, 0x84, 0x02, 0x80, 0x00, 
	0x81, 0x05, 0x03, 0x1F, 0x13, 0x0E, 0x05, 0x03, 0x0E, 0x13, 0x14, 0x1F, 0x80, 0x05, 0x00, 0x06, 
	0x80, 0x00, 0x89, 0x02, 0x80, 0x06, 0x00, 0x00, 0x94, 0x02, 0x7F, 0x00, 0x02, 0x06, 0x02, 0x06, 
	0x02, 0x04, 0x02, 0x04, 0x0B, 0x06, 0x1E, 0x10, 0x0B, 0x2D, 0x04, 0x2A, 0x2A, 0x02, 0x5E, 0x12, 
	0x29, 0x5E, 0x06, 0x5D, 0x44, 0x06, 0x66, 0x0B, 0x44, 0x63, 0x02, 0x63, 0x5D, 0x0B, 0xC2, 0x28, 
	0x5F, 0x66, 0x02, 0x66, 0x5E, 0x0B, 0xC3, 0x12, 0x5E, 0x98, 0x02, 0x66, 0x60, 0x02, 0xC5, 0x29, 
	0x44, 0xC5, 0x04, 0x98, 0x98, 0x0A, 0xC7, 0x5E, 0x1E, 0xCE, 0x0B, 0x63, 0xC3, 0x00, 0xC5, 0x66, 
	0x04, 0xCF, 0x59, 0x59, 0xCF, 0x04, 0x98, 0xC3, 0x04, 0xCE, 0x60, 0x10, 0xCF, 0x12, 0x5D, 0x98, 
	0x02, 0x96, 0x96, 0x02, 0x9A, 0x48, 0x21, 0x9A, 0x02, 0x49, 0x96, 0x02, 0x96, 0x49, 0x0A, 0x9A, 
	0x45, 0x46, 0x9A, 0x0A, 0x8D, 0x96, 0x02, 0x9A, 0x49, 0x0D, 0x9A, 0x0D, 0x46, 0x9A, 0x02, 0x91, 
	0x91, 0x02, 0x9A, 0x48, 0x0D, 0x9D, 0x0A, 0x48, 0x91, 0x02, 0x92, 0x53, 0x91, 0x04, 0xA6, 0x51, 
	0x26, 0xBF, 0x00, 0x58, 0xA6, 0x04, 0xA1, 0x57, 0x0A, 0xB6, 0x4E, 0x4E, 0xB6, 0x0A, 0xA2, 0xA2, 
	0x00, 0xA1, 0x55, 0x0F, 0xB6, 0x02, 0x55, 0xB5, 0x02, 0xA1, 0x57, 0x04, 0xB6, 0x4B, 0x4B, 0xB6, 
	0x00, 0x57, 0x9F, 0x02, 0xA1, 0x50, 0x0F, 0xB6, 0x0F, 0x50, 0xA0, 0x04, 0x9F, 0x55, 0x06, 0xA1, 
	0x24, 0x4E, 0x9F, 0x06, 0x58, 0x52, 0x06, 0x57, 0x24, 0x26, 0x58, 0x02, 0x50, 0x4E, 0x06, 0x55, 
	0x16, 0x27, 0x4F, 0x04, 0x27, 0x23, 0x04, 0x27, 0x06, 0x0F, 0x0F, 0x06, 0x0F, 0x03, 0x06, 0x03, 
	0x81, 0x02, 0x00, 0x06, 0x80, 0x02, 0x05, 0x06, 0x02, 0x02, 0x06, 0x06, 0x02, 0x83, 0x06, 0x81, 
	0x02, 0x04, 0x00, 0x01, 0x70, 0x73, 0x08, 0x8F, 0x02, 0x80, 0x00, 0x00, 0x06, 0x80, 0x05, 0x03, 
	0x1F, 0x13, 0x13, 0x05, 0x03, 0x0C, 0x13, 0x14, 0x1F, 0x80, 0x05, 0x00, 0x06, 0x80, 0x00, 0x87, 
	0x02, 0x7F, 0x04, 0x0B, 0x12, 0x02, 0x29, 0x12, 0x12, 0x2C, 0x02, 0x59, 0x2C, 0x11, 0x5E, 0x02, 
	0x5E, 0x59, 0x04, 0x66, 0x10, 0x5E, 0x63, 0x04, 0xC2, 0x2D, 0x5D, 0xC2, 0x06, 0xC1, 0x5E, 0x2C, 
	0xC5, 0x02, 0x65, 0x66, 0x0B, 0xCF, 0x28, 0x63, 0xC5, 0x02, 0xCF, 0x5E, 0x44, 0xCF, 0x0B, 0xC3, 
	0xC2, 0x02, 0xCF, 0x2C, 0x5E, 0xCE, 0x02, 0xC3, 0x66, 0x04, 0xCE, 0x11, 0x5E, 0xC3, 0x04, 0xC2, 
	0x63, 0x0B, 0xCE, 0x29, 0x5E, 0xC2, 0x06, 0x98, 0x5E, 0x0B, 0xC3, 0x12, 0x5D, 0x66, 0x02, 0x63, 
	0x5D, 0x00, 0x98, 0x28, 0x2C, 0x66, 0x04, 0x60, 0x60, 0x04, 0x64, 0x44, 0x10, 0x63, 0x02, 0x44, 
	0x5E, 0x00, 0x5E, 0x2C, 0x02, 0x60, 0x28, 0x28, 0x60, 0x04, 0x44, 0x44, 0x04, 0x5D, 0x29, 0x04, 
	0x5F, 0x04, 0x1E, 0x44, 0x02, 0x2A, 0x2A, 0x02, 0x41, 0x1D, 0x0B, 0x41, 0x06, 0x1D, 0x21, 0x02, 
	0x21, 0x1C, 0x7F, 0x04, 0x21, 0x0D, 0x0D, 0x22, 0x02, 0x1C, 0x1C, 0x02, 0x22, 0x0D, 0x04, 0x21, 
	0x02, 0x0D, 0x21, 0x00, 0x20, 0x1D, 0x00, 0x21, 0x0D, 0x04, 0x43, 0x0A, 0x1C, 0x20, 0x02, 0x21, 
	0x20, 0x02, 0x43, 0x14, 0x0D, 0x43, 0x00, 0x27, 0x43, 0x04, 0x43, 0x27, 0x02, 0x50, 0x24, 0x1D, 
	0x54, 0x02, 0x51, 0x51, 0x00, 0x52, 0x26, 0x02, 0x57, 0x02, 0x4E, 0x55, 0x02, 0x55, 0x51, 0x04, 
	0x57, 0x27, 0x27, 0x7C, 0x02, 0x50, 0x58, 0x02, 0x57, 0x4E, 0x0F, 0xA1, 0x0F, 0x50, 0x9F, 0x04, 
	0x9F, 0x58, 0x02, 0xB6, 0x27, 0x50, 0xA3, 0x02, 0x9F, 0x7C, 0x02, 0xB6, 0x26, 0x52, 0xB6, 0x02, 
	0xA0, 0x7C, 0x03, 0xB9, 0x4E, 0x58, 0xB9, 0x03, 0xB5, 0x7C, 0x0F, 0xB9, 0x0F, 0x7C, 0xB5, 0x03, 
	0xB6, 0x52, 0x38, 0xB5, 0x02, 0x7D, 0x53, 0x07, 0x7E, 0x19, 0x7E, 0x36, 0x38, 0x7A, 0x02, 0x53, 
	0x39, 0x19, 0x7A, 0x0E, 0x03, 0x3D, 0x39, 0x07, 0x4D, 0x07, 0x36, 0x36, 0x00, 0x37, 0x18, 0x70, 
	0x73, 0x18, 0x1B, 0x80, 0x08, 0x02, 0x06, 0x01, 0x06, 0x88, 0x02, 0x80, 0x00, 0x00, 0x06, 0x80, 
	0x05, 0x03, 0x1F, 0x14, 0x13, 0x0C, 0x03, 0x0E, 0x13, 0x14, 0x1F, 0x80, 0x05, 0x00, 0x06, 0x80, 
	0x00, 0x83, 0x02, 0x37, 0x66, 0xC2, 0x02, 0xCE, 0x59, 0x60, 0xC5, 0x02, 0xCE, 0x5E, 0x5A, 0xC7, 
	0x02, 0xC2, 0x60, 0x28, 0xC5, 0x02, 0x65, 0x63, 0x0B, 0xC2, 0x11, 0x5E, 0x63, 0x04, 0x98, 0x28, 
	0x59, 0x63, 0x06, 0x63, 0x2C, 0x1E, 0x5E, 0x00, 0x59, 0x2C, 0x04, 0x5E, 0x0B, 0x28, 0x2C, 0x02, 
	0x2A, 0x12, 0x0B, 0x28, 0x0A, 0x10, 0x10, 0x04, 0x0B, 0x02, 0x00, 0x02, 0x81, 0x00, 0x03, 0x02, 
	0x06, 0x04, 0x04, 0x80, 0x06, 0x83, 0x02, 0x03, 0x04, 0x04, 0x0A, 0x04, 0x81, 0x02, 0x81, 0x00, 
	0x80, 0x02, 0x01, 0x04, 0x06, 0x81, 0x02, 0x09, 0x04, 0x04, 0x02, 0x06, 0x02, 0x00, 0x02, 0x00, 
	0x00, 0x02, 0x80, 0x04, 0x81, 0x02, 0x02, 0x04, 0x02, 0x04, 0x80, 0x02, 0x05, 0x06, 0x02, 0x02, 
	0x04, 0x02, 0x04, 0x80, 0x06, 0x80, 0x02, 0x03, 0x06, 0x02, 0x02, 0x06, 0x83, 0x02, 0x82, 0x04, 
	0x00, 0x02, 0x84, 0x00, 0x04, 0x06, 0x02, 0x06, 0x04, 0x02, 0x81, 0x04, 0x00, 0x06, 0x82, 0x02, 
	0x06, 0x06, 0x04, 0x04, 0x06, 0x06, 0x04, 0x02, 0x81, 0x04, 0x05, 0x02, 0x06, 0x06, 0x02, 0x00, 
	0x00, 0x80, 0x02, 0x02, 0x04, 0x02, 0x02, 0x84, 0x06, 0x01, 0x04, 0x04, 0x80, 0x06, 0x81, 0x02, 
	0x00, 0x06, 0x83, 0x04, 0x01, 0x02, 0x02, 0x86, 0x06, 0x00, 0x02, 0x81, 0x00, 0x38, 0x02, 0x02, 
	0x03, 0x04, 0x03, 0x03, 0x06, 0x23, 0x06, 0x19, 0x23, 0x06, 0x26, 0x23, 0x0F, 0x4F, 0x06, 0x38, 
	0x26, 0x03, 0x4D, 0x07, 0x4D, 0x25, 0x25, 0x53, 0x06, 0x53, 0x38, 0x19, 0x7A, 0x03, 0x4D, 0x4D, 
	0x07, 0x7A, 0x08, 0x3D, 0x3E, 0x01, 0x75, 0x1A, 0x70, 0x73, 0x18, 0x70, 0x32, 0x3B, 0x6D, 0x03, 
	0x71, 0x1B, 0x34, 0x3C, 0x01, 0x3E, 0x1B, 0x83, 0x02, 0x80, 0x00, 0x00, 0x06, 0x80, 0x05, 0x03, 
	0x1F, 0x13, 0x13, 0x05, 0x06, 0x0E, 0x13, 0x16, 0x1F, 0x05, 0x05, 0x17, 0x81, 0x00, 0x83, 0x02, 
	0x0B, 0x59, 0x5D, 0x02, 0x59, 0x12, 0x12, 0x29, 0x06, 0x12, 0x0B, 0x04, 0x0B, 0x87, 0x02, 0x02, 
	0x06, 0x06, 0x04, 0x85, 0x02, 0x81, 0x00, 0x86, 0x02, 0x00, 0x06, 0x82, 0x04, 0x01, 0x02, 0x06, 
	0x83, 0x00, 0x08, 0x02, 0x02, 0x04, 0x04, 0x02, 0x04, 0x02, 0x06, 0x02, 0x81, 0x06, 0x81, 0x04, 
	0x08, 0x02, 0x02, 0x00, 0x00, 0x02, 0x00, 0x00, 0x02, 0x06, 0x80, 0x04, 0x02, 0x02, 0x06, 0x04, 
	0x81, 0x06, 0x81, 0x02, 0x02, 0x00, 0x02, 0x02, 0x81, 0x06, 0x80, 0x02, 0x00, 0x06, 0x82, 0x02, 
	0x00, 0x06, 0x80, 0x02, 0x06, 0x06, 0x02, 0x06, 0x06, 0x02, 0x02, 0x06, 0x89, 0x02, 0x06, 0x04, 
	0x06, 0x04, 0x06, 0x04, 0x02, 0x02, 0x83, 0x00, 0x82, 0x02, 0x00, 0x06, 0x80, 0x02, 0x00, 0x06, 
	0x81, 0x02, 0x02, 0x06, 0x02, 0x06, 0x83, 0x02, 0x01, 0x04, 0x04, 0x83, 0x02, 0x80, 0x06, 0x02, 
	0x02, 0x06, 0x04, 0x80, 0x02, 0x02, 0x06, 0x04, 0x02, 0x80, 0x06, 0x00, 0x04, 0x83, 0x06, 0x05, 
	0x02, 0x06, 0x04, 0x02, 0x06, 0x04, 0x81, 0x06, 0x00, 0x02, 0x80, 0x06, 0x02, 0x02, 0x02, 0x06, 
	0x82, 0x02, 0x80, 0x06, 0x01, 0x02, 0x02, 0x80, 0x06, 0x03, 0x02, 0x06, 0x02, 0x02, 0x80, 0x06, 
	0x85, 0x02, 0x83, 0x06, 0x80, 0x02, 0x01, 0x06, 0x06, 0x80, 0x02, 0x01, 0x06, 0x02, 0x82, 0x00, 
	0x0E, 0x34, 0x35, 0x08, 0x18, 0x07, 0x18, 0x1B, 0x03, 0x33, 0x08, 0x19, 0x33, 0x00, 0x34, 0x19, 
	0x83, 0x02, 0x81, 0x00, 0x80, 0x05, 0x03, 0x1F, 0x14, 0x0E, 0x05, 0x03, 0x0E, 0x13, 0x15, 0x1F, 
	0x80, 0x05, 0x81, 0x00, 0x86, 0x02, 0x80, 0x00, 0x05, 0x02, 0x02, 0x06, 0x02, 0x04, 0x04, 0x8C, 
	0x02, 0x01, 0x06, 0x02, 0x81, 0x06, 0x00, 0x02, 0x81, 0x00, 0x01, 0x02, 0x02, 0x80, 0x06, 0x80, 
	0x02, 0x00, 0x06, 0x80, 0x02, 0x02, 0x04, 0x04, 0x06, 0x87, 0x02, 0x80, 0x04, 0x01, 0x02, 0x06, 
	0x81, 0x02, 0x03, 0x04, 0x02, 0x04, 0x04, 0x81, 0x02, 0x00, 0x06, 0x81, 0x02, 0x06, 0x06, 0x04, 
	0x06, 0x06, 0x02, 0x02, 0x04, 0x84, 0x02, 0x04, 0x04, 0x04, 0x06, 0x02, 0x06, 0x81, 0x02, 0x02, 
	0x04, 0x04, 0x06, 0x81, 0x02, 0x80, 0x06, 0x81, 0x02, 0x0A, 0x06, 0x02, 0x02, 0x06, 0x02, 0x02, 
	0x06, 0x02, 0x02, 0x06, 0x06, 0x83, 0x02, 0x09, 0x06, 0x04, 0x02, 0x06, 0x06, 0x02, 0x06, 0x02, 
	0x00, 0x00, 0x85, 0x02, 0x07, 0x06, 0x04, 0x02, 0x02, 0x04, 0x06, 0x02, 0x04, 0x87, 0x02, 0x03, 
	0x04, 0x04, 0x06, 0x06, 0x86, 0x02, 0x06, 0x04, 0x02, 0x02, 0x04, 0x02, 0x02, 0x06, 0x81, 0x02, 
	0x81, 0x06, 0x80, 0x02, 0x04, 0x06, 0x04, 0x06, 0x06, 0x02, 0x81, 0x06, 0x06, 0x02, 0x06, 0x06, 
	0x04, 0x06, 0x02, 0x02, 0x85, 0x06, 0x80, 0x02, 0x02, 0x06, 0x06, 0x02, 0x80, 0x06, 0x00, 0x02, 
	0x80, 0x06, 0x05, 0x02, 0x02, 0x06, 0x02, 0x06, 0x06, 0x80, 0x02, 0x81, 0x06, 0x05, 0x04, 0x02, 
	0x06, 0x02, 0x06, 0x06, 0x85, 0x02, 0x03, 0x03, 0x70, 0x73, 0x1B, 0x82, 0x02, 0x00, 0x06, 0x80, 
	0x02, 0x01, 0x00, 0x00, 0x84, 0x02, 0x81, 0x00, 0x80, 0x05, 0x03, 0x1F, 0x14, 0x13, 0x0C, 0x03, 
	0x13, 0x13, 0x15, 0x1F, 0x80, 0x05, 0x81, 0x00, 0x8A, 0x02, 0x01, 0x06, 0x02, 0x81, 0x04, 0x81, 
	0x02, 0x15, 0x00, 0x04, 0x02, 0x02, 0x12, 0x02, 0x1E, 0x28, 0x04, 0x5A, 0x0B, 0x2C, 0x5D, 0x04, 
	0x5E, 0x2A, 0x2C, 0x64, 0x00, 0x5E, 0x59, 0x00, 0x80, 0x02, 0x06, 0x06, 0x02, 0x02, 0x06, 0x06, 
	0x02, 0x02, 0x80, 0x04, 0x01, 0x06, 0x06, 0x86, 0x02, 0x04, 0x04, 0x02, 0x04, 0x02, 0x04, 0x80, 
	0x02, 0x03, 0x04, 0x04, 0x02, 0x04, 0x81, 0x02, 0x80, 0x00, 0x03, 0x02, 0x02, 0x04, 0x04, 0x89, 
	0x02, 0x81, 0x04, 0x00, 0x06, 0x81, 0x00, 0x02, 0x02, 0x02, 0x04, 0x91, 0x02, 0x02, 0x06, 0x06, 
	0x04, 0x81, 0x02, 0x88, 0x03, 0x81, 0x02, 0x00, 0x06, 0x82, 0x02, 0x00, 0x06, 0x82, 0x02, 0x00, 
	0x06, 0x83, 0x02, 0x02, 0x04, 0x04, 0x02, 0x80, 0x04, 0x07, 0x06, 0x02, 0x02, 0x06, 0x02, 0x06, 
	0x02, 0x03, 0x80, 0x02, 0x06, 0x06, 0x02, 0x02, 0x04, 0x04, 0x06, 0x06, 0x81, 0x02, 0x03, 0x06, 
	0x02, 0x02, 0x00, 0x81, 0x02, 0x00, 0x06, 0x82, 0x02, 0x80, 0x06, 0x02, 0x02, 0x06, 0x06, 0x84, 
	0x02, 0x80, 0x06, 0x85, 0x02, 0x01, 0x06, 0x04, 0x81, 0x06, 0x81, 0x02, 0x00, 0x04, 0x80, 0x02, 
	0x0E, 0x36, 0x0F, 0x0F, 0x25, 0x06, 0x19, 0x08, 0x06, 0x08, 0x02, 0x03, 0x03, 0x02, 0x01, 0x00, 
	0x80, 0x02, 0x04, 0x03, 0x07, 0x70, 0x73, 0x32, 0x80, 0x02, 0x03, 0x00, 0x02, 0x02, 0x06, 0x88, 
	0x02, 0x81, 0x00, 0x80, 0x05, 0x03, 0x1F, 0x14, 0x13, 0x0C, 0x03, 0x0E, 0x13, 0x15, 0x1F, 0x80, 
	0x05, 0x81, 0x00, 0x83, 0x02, 0x26, 0x5D, 0x5D, 0x02, 0x66, 0x12, 0x5D, 0x63, 0x04, 0xC2, 0x2C, 
	0x5D, 0xC2, 0x04, 0xC2, 0x5D, 0x59, 0xC2, 0x06, 0xC3, 0x63, 0x28, 0xCF, 0x04, 0x65, 0x97, 0x0B, 
	0xCF, 0x1E, 0x63, 0xC2, 0x04, 0xC3, 0x59, 0x59, 0xC2, 0x02, 0x63, 0x5B, 0x00, 0x80, 0x02, 0x16, 
	0x06, 0x0F, 0x0F, 0x23, 0x23, 0x26, 0x38, 0x4B, 0x4F, 0x50, 0x52, 0x55, 0x56, 0x56, 0x57, 0x55, 
	0x00, 0x06, 0x06, 0x02, 0x06, 0x02, 0x7C, 0x80, 0xA0, 0x00, 0xA1, 0x83, 0xA3, 0x00, 0x9F, 0x80, 
	0x00, 0x01, 0x07, 0xB5, 0x82, 0xA5, 0x00, 0xB5, 0x82, 0x02, 0x03, 0x06, 0x02, 0x06, 0x27, 0x84, 
	0xB9, 0x01, 0x07, 0xB6, 0x80, 0xAE, 0x00, 0xB1, 0x89, 0xBC, 0x02, 0xBD, 0x55, 0x0F, 0x84, 0x02, 
	0x03, 0x04, 0x04, 0x06, 0xB9, 0x81, 0xBC, 0x03, 0xBD, 0xBD, 0xBC, 0xBD, 0x81, 0xBC, 0x06, 0xBD, 
	0xB6, 0x03, 0x02, 0x06, 0x4B, 0xBD, 0x8E, 0xBC, 0x00, 0x4E, 0x82, 0x04, 0x01, 0x4E, 0xBC, 0x80, 
	0xAE, 0x0C, 0xB9, 0xB9, 0xB6, 0x03, 0x04, 0x02, 0x06, 0x02, 0x02, 0x04, 0x02, 0x06, 0x06, 0x81, 
	0x02, 0x00, 0xB5, 0x83, 0xA5, 0x01, 0x55, 0x58, 0x84, 0xA3, 0x02, 0xA1, 0xA0, 0xA0, 0x80, 0x9F, 
	0x19, 0x7C, 0x7C, 0x57, 0x57, 0x4E, 0x51, 0x56, 0x55, 0x52, 0x50, 0x50, 0x4F, 0x4B, 0x4B, 0x26, 
	0x27, 0x27, 0x23, 0x0F, 0x03, 0x02, 0x00, 0x00, 0x02, 0x02, 0x04, 0x80, 0x02, 0x23, 0x00, 0x7A, 
	0x36, 0x38, 0x7E, 0x03, 0x7D, 0x53, 0x19, 0xA4, 0x08, 0x7A, 0x7D, 0x01, 0x7E, 0x19, 0x3B, 0x6D, 
	0x03, 0x6E, 0x3A, 0x70, 0x73, 0x32, 0x3C, 0x32, 0x1B, 0x3B, 0x01, 0x3B, 0x1A, 0x19, 0x34, 0x02, 
	0x33, 0x19, 0x84, 0x02, 0x80, 0x00, 0x80, 0x05, 0x03, 0x15, 0x14, 0x13, 0x0C, 0x03, 0x0E, 0x13, 
	0x15, 0x1F, 0x80, 0x05, 0x80, 0x00, 0x83, 0x02, 0x1B, 0x00, 0x66, 0x66, 0x02, 0xC2, 0x12, 0x5E, 
	0x63, 0x04, 0x66, 0x29, 0x2C, 0x5E, 0x04, 0x5D, 0x29, 0x12, 0x59, 0x02, 0x2A, 0x12, 0x02, 0x28, 
	0x02, 0x04, 0x04, 0x02, 0x0B, 0x80, 0x04, 0x01, 0x02, 0x02, 0x80, 0x04, 0x80, 0x02, 0x04, 0x00, 
	0x02, 0x02, 0x06, 0x4F, 0x85, 0xBD, 0x81, 0xBC, 0x04, 0xAE, 0xAE, 0xB9, 0x58, 0x00, 0x80, 0x02, 
	0x01, 0x58, 0xB1, 0x82, 0xAE, 0x82, 0xA5, 0x05, 0xAE, 0xA0, 0x00, 0x02, 0xA5, 0xB1, 0x82, 0xA3, 
	0x03, 0xBC, 0xA5, 0x02, 0x06, 0x80, 0x04, 0x03, 0x02, 0x02, 0xA5, 0xAE, 0x80, 0x7C, 0x0C, 0x57, 
	0x57, 0xBC, 0xB2, 0xB1, 0x56, 0x56, 0x55, 0x52, 0x52, 0x50, 0x50, 0x4F, 0x85, 0x4C, 0x02, 0xA0, 
	0xBE, 0x55, 0x80, 0x06, 0x01, 0x02, 0x02, 0x80, 0x06, 0x03, 0x04, 0xB6, 0xBC, 0x38, 0x88, 0x26, 
	0x06, 0x38, 0xBC, 0xB5, 0x04, 0x03, 0xBE, 0xB6, 0x8B, 0x4B, 0x04, 0x4C, 0x4C, 0xB5, 0xBE, 0x4E, 
	0x80, 0x04, 0x04, 0x07, 0xBD, 0xA5, 0x52, 0x55, 0x80, 0x56, 0x04, 0xBC, 0xB6, 0x04, 0x06, 0x06, 
	0x80, 0x04, 0x02, 0x06, 0x04, 0x06, 0x80, 0x04, 0x03, 0xA0, 0xB2, 0xA0, 0xA0, 0x80, 0xA3, 0x03, 
	0xAE, 0xB1, 0xB1, 0xAE, 0x84, 0xA5, 0x85, 0xAE, 0x02, 0xB1, 0xAE, 0xB9, 0x86, 0xBC, 0x85, 0xBD, 
	0x02, 0xBC, 0xBC, 0x23, 0x81, 0x02, 0x22, 0x03, 0x02, 0x02, 0x07, 0x02, 0x08, 0x08, 0x06, 0x25, 
	0x02, 0x25, 0x25, 0x06, 0x39, 0x08, 0x1A, 0x37, 0x03, 0x3B, 0x1B, 0x35, 0x6C, 0x18, 0x3C, 0x32, 
	0x1B, 0x3B, 0x01, 0x3C, 0x32, 0x32, 0x3C, 0x03, 0x3E, 0x33, 0x84, 0x02, 0x80, 0x00, 0x80, 0x05, 
	0x03, 0x15, 0x16, 0x13, 0x0C, 0x03, 0x0E, 0x13, 0x15, 0x1F, 0x80, 0x05, 0x80, 0x00, 0x83, 0x02, 
	0x04, 0x00, 0x02, 0x02, 0x00, 0x00, 0x80, 0x02, 0x04, 0x06, 0x04, 0x04, 0x02, 0x04, 0x80, 0x02, 
	0x00, 0x04, 0x84, 0x02, 0x80, 0x00, 0x80, 0x02, 0x81, 0x04, 0x01, 0x06, 0x04, 0x83, 0x02, 0x04, 
	0x0F, 0xB6, 0xB6, 0x51, 0x51, 0x81, 0x68, 0x00, 0x6A, 0x80, 0x69, 0x04, 0x9B, 0xDC, 0x69, 0xB6, 
	0xA3, 0x80, 0x00, 0x03, 0x4E, 0xAE, 0xA3, 0xE1, 0x81, 0xDE, 0x82, 0xE0, 0x06, 0x56, 0xBC, 0x4F, 
	0x03, 0xBD, 0x56, 0xDF, 0x80, 0xF2, 0x04, 0xDF, 0x9F, 0xAE, 0x02, 0x02, 0x80, 0x06, 0x04, 0x02, 
	0x00, 0xBC, 0x58, 0xF4, 0x81, 0xF3, 0x07, 0x4F, 0xB2, 0x7C, 0xDF, 0xF3, 0xF3, 0xFF, 0xFF, 0x88, 
	0xF9, 0x04, 0xDC, 0xBC, 0x55, 0x02, 0x06, 0x80, 0x02, 0x06, 0x06, 0x06, 0x02, 0x9F, 0xBD, 0x4B, 
	0xF9, 0x88, 0xFE, 0x06, 0xFF, 0x25, 0xBC, 0x57, 0x07, 0xBD, 0x26, 0x8D, 0xF9, 0x08, 0x69, 0xBC, 
	0x4C, 0x02, 0x02, 0x04, 0x03, 0xBD, 0x51, 0x81, 0xF3, 0x07, 0xF4, 0x58, 0xBC, 0x04, 0x06, 0x06, 
	0x04, 0x04, 0x80, 0x02, 0x06, 0x06, 0x02, 0x02, 0x04, 0xA5, 0xA5, 0xE1, 0x81, 0xF2, 0x03, 0xB7, 
	0xAE, 0xAE, 0x8A, 0x83, 0xE0, 0x80, 0xDE, 0x80, 0xE1, 0x80, 0xDC, 0x05, 0x6A, 0xB2, 0xB1, 0x6A, 
	0xDC, 0x9B, 0x80, 0x69, 0x01, 0x6A, 0x6A, 0x82, 0x68, 0x06, 0x51, 0x51, 0x4E, 0x4E, 0x50, 0xB9, 
	0xB6, 0x83, 0x02, 0x01, 0x06, 0x06, 0x86, 0x02, 0x83, 0x06, 0x09, 0x02, 0x00, 0x07, 0x72, 0x70, 
	0x72, 0x35, 0x01, 0x00, 0x00, 0x80, 0x02, 0x01, 0x06, 0x03, 0x85, 0x02, 0x80, 0x00, 0x80, 0x05, 
	0x03, 0x15, 0x16, 0x13, 0x0C, 0x03, 0x0E, 0x13, 0x1F, 0x15, 0x80, 0x05, 0x82, 0x00, 0x83, 0x02, 
	0x07, 0x00, 0x00, 0x02, 0x06, 0x04, 0x04, 0x06, 0x02, 0x80, 0x00, 0x01, 0x02, 0x02, 0x80, 0x04, 
	0x83, 0x02, 0x80, 0x00, 0x01, 0x02, 0x02, 0x87, 0x04, 0x08, 0x02, 0x02, 0x03, 0xA1, 0xB9, 0x68, 
	0xFC, 0xFC, 0xFD, 0x81, 0xFC, 0x82, 0xFD, 0x0A, 0xF2, 0xA3, 0xA3, 0x02, 0x02, 0x0F, 0xA3, 0xAE, 
	0x69, 0xFC, 0xFC, 0x81, 0xFD, 0x80, 0xFC, 0x0E, 0xFE, 0xDC, 0xA1, 0xB9, 0x07, 0xBD, 0x31, 0xFC, 
	0xFD, 0xFD, 0xFC, 0xF9, 0x26, 0xA5, 0x7C, 0x80, 0x02, 0x0D, 0x06, 0x06, 0xB6, 0xAE, 0xDC, 0xFE, 
	0xFC, 0xFD, 0xFD, 0xFE, 0x38, 0xB2, 0x56, 0xF3, 0x87, 0xFC, 0x01, 0xFD, 0xFD, 0x80, 0xFC, 0x06, 
	0xDC, 0xBC, 0x55, 0x02, 0x06, 0x02, 0x06, 0x80, 0x02, 0x04, 0x52, 0xAE, 0x7C, 0xE0, 0xFC, 0x80, 
	0xFD, 0x84, 0xFC, 0x08, 0xFD, 0xFD, 0xF2, 0x9F, 0xBD, 0x26, 0xBD, 0x26, 0xFE, 0x83, 0xFC, 0x00, 
	0xFD, 0x85, 0xFC, 0x02, 0x69, 0xB9, 0x4C, 0x81, 0x02, 0x01, 0xBD, 0x30, 0x81, 0xFC, 0x04, 0xFE, 
	0x55, 0xBC, 0x06, 0x06, 0x82, 0x02, 0x01, 0x06, 0x02, 0x80, 0x06, 0x03, 0xA5, 0xA3, 0xDF, 0xFC, 
	0x80, 0xFD, 0x03, 0xDE, 0xAE, 0xAE, 0xDC, 0x8B, 0xFC, 0x05, 0xFD, 0xDC, 0xB1, 0xB1, 0xDC, 0xFD, 
	0x84, 0xFC, 0x00, 0xFD, 0x83, 0xFC, 0x07, 0xFE, 0xFE, 0x68, 0xBC, 0x02, 0x02, 0x06, 0x06, 0x87, 
	0x02, 0x06, 0x06, 0x02, 0x02, 0x06, 0x06, 0x02, 0x04, 0x80, 0x02, 0x01, 0x00, 0x08, 0x81, 0x70, 
	0x02, 0x01, 0x02, 0x06, 0x82, 0x02, 0x00, 0x06, 0x84, 0x02, 0x80, 0x00, 0x80, 0x05, 0x03, 0x15, 
	0x15, 0x13, 0x0E, 0x03, 0x0E, 0x13, 0x1F, 0x1F, 0x80, 0x05, 0x80, 0x00, 0x84, 0x02, 0x2C, 0x04, 
	0x02, 0x06, 0x11, 0x0A, 0x1E, 0x1E, 0x04, 0x59, 0x04, 0x2C, 0x59, 0x00, 0x60, 0x2A, 0x2C, 0x63, 
	0x04, 0x66, 0x44, 0x28, 0x65, 0x02, 0x63, 0x63, 0x04, 0xC2, 0x04, 0x63, 0x66, 0x04, 0xC2, 0x28, 
	0x5E, 0xC3, 0x04, 0xC3, 0x5E, 0x06, 0x02, 0x25, 0xBD, 0x25, 0xF9, 0xFC, 0x81, 0xFD, 0x81, 0xFC, 
	0x0B, 0xFD, 0xFC, 0xFD, 0xF2, 0xA5, 0xA3, 0x04, 0x06, 0x4F, 0xBD, 0x30, 0xFE, 0x81, 0xFC, 0x24, 
	0xFD, 0xFC, 0xFC, 0xFB, 0xFC, 0xFC, 0xF9, 0x51, 0xB6, 0xA0, 0xBD, 0x31, 0xFC, 0xFD, 0xFC, 0xFC, 
	0xFB, 0xE0, 0x7C, 0xAE, 0x27, 0x02, 0x02, 0x04, 0x7C, 0xBC, 0x23, 0xF4, 0xFC, 0xFC, 0xFD, 0xFD, 
	0xFE, 0x4B, 0xB2, 0x56, 0xFF, 0x87, 0xFC, 0x80, 0xFD, 0x04, 0xFC, 0xFC, 0xDC, 0xBC, 0x55, 0x82, 
	0x06, 0x05, 0x02, 0x57, 0xAE, 0xA5, 0xB8, 0xF9, 0x82, 0xFD, 0x81, 0xFC, 0x81, 0xFD, 0x06, 0xFE, 
	0xDC, 0xA3, 0xBD, 0xB2, 0x26, 0xFE, 0x82, 0xFC, 0x01, 0xFD, 0xFD, 0x80, 0xFC, 0x80, 0xFD, 0x12, 
	0xFC, 0xFC, 0x69, 0xBC, 0x4C, 0x02, 0x06, 0x02, 0x00, 0xBD, 0x30, 0xFC, 0xFC, 0xFD, 0xFC, 0xFE, 
	0x52, 0xBC, 0x04, 0x83, 0x02, 0x07, 0x04, 0x06, 0x04, 0x06, 0x06, 0xA3, 0xA3, 0xDF, 0x80, 0xFC, 
	0x04, 0xFD, 0xDE, 0xAE, 0xAE, 0xDC, 0x88, 0xFC, 0x09, 0xFD, 0xFC, 0xFD, 0xFC, 0xDC, 0xB1, 0xB1, 
	0xDC, 0xFC, 0xFC, 0x80, 0xFD, 0x83, 0xFC, 0x81, 0xFD, 0x23, 0xFC, 0xFC, 0x6A, 0xB9, 0x00, 0x06, 
	0x04, 0x04, 0x1A, 0x08, 0x03, 0x19, 0x02, 0x03, 0x03, 0x02, 0x03, 0x02, 0x06, 0x02, 0x04, 0x03, 
	0x04, 0x04, 0x03, 0x04, 0x02, 0x06, 0x00, 0x01, 0x6C, 0x32, 0x72, 0x70, 0x01, 0x00, 0x80, 0x02, 
	0x81, 0x06, 0x84, 0x02, 0x80, 0x00, 0x80, 0x05, 0x03, 0x15, 0x15, 0x13, 0x0C, 0x06, 0x0E, 0x13, 
	0x1F, 0x1F, 0x05, 0x0C, 0x05, 0x80, 0x00, 0x84, 0x02, 0x2C, 0xC2, 0x66, 0x0B, 0xCF, 0x12, 0xC2, 
	0x66, 0x04, 0xCF, 0x12, 0x63, 0x66, 0x00, 0xC5, 0x59, 0x5E, 0xC2, 0x0B, 0xC2, 0x5A, 0x28, 0xC2, 
	0x02, 0x63, 0x5E, 0x04, 0x66, 0x02, 0x5A, 0x5B, 0x04, 0x60, 0x11, 0x2C, 0x5E, 0x04, 0x5D, 0x2A, 
	0x04, 0x50, 0xB9, 0x7C, 0xE0, 0xFC, 0xFC, 0x82, 0xFD, 0x83, 0xFC, 0x07, 0xF2, 0xA5, 0xA3, 0x0A, 
	0x57, 0xBD, 0x56, 0xDF, 0x82, 0xFC, 0x00, 0xFD, 0x83, 0xFC, 0x14, 0xF2, 0x55, 0xBD, 0xB2, 0x31, 
	0xFC, 0xFD, 0xFD, 0xFC, 0xFB, 0xF3, 0x6A, 0xBD, 0x52, 0x06, 0x06, 0x16, 0xAE, 0xA0, 0xDE, 0xFE, 
	0x80, 0xFC, 0x0A, 0xFD, 0xFE, 0x4E, 0xB2, 0x56, 0xF9, 0xFD, 0xFD, 0xFC, 0xFC, 0xFB, 0x82, 0xFE, 
	0x80, 0xFC, 0x07, 0xFE, 0xFE, 0xDC, 0xBC, 0x52, 0x02, 0x06, 0x02, 0x80, 0x06, 0x07, 0xA5, 0xAE, 
	0x6A, 0xF4, 0xFC, 0xFC, 0xFD, 0xFC, 0x85, 0xFE, 0x80, 0xFD, 0x0A, 0xF9, 0x6A, 0xB6, 0xB2, 0x26, 
	0xFE, 0xFC, 0xFC, 0xFD, 0xFD, 0xFC, 0x83, 0xFE, 0x80, 0xFC, 0x03, 0xFE, 0x9B, 0xBC, 0x4C, 0x80, 
	0x02, 0x0A, 0x00, 0xBE, 0x31, 0xFE, 0xFC, 0xFD, 0xFD, 0xFE, 0x50, 0xBC, 0x06, 0x80, 0x02, 0x00, 
	0x04, 0x81, 0x02, 0x05, 0x06, 0x04, 0x06, 0xA3, 0xA3, 0xDF, 0x81, 0xFC, 0x03, 0xDE, 0xAE, 0xAE, 
	0xDC, 0x88, 0xFC, 0x80, 0xFD, 0x04, 0xFC, 0xDC, 0xAE, 0xAE, 0xDC, 0x80, 0xFC, 0x80, 0xFD, 0x84, 
	0xFC, 0x2C, 0xFD, 0xFD, 0xFC, 0xFC, 0x6A, 0xBC, 0x02, 0x04, 0x04, 0x03, 0x7B, 0x3D, 0x25, 0x7E, 
	0x01, 0x7D, 0x7D, 0x07, 0xA4, 0x19, 0x53, 0x7E, 0x03, 0x7E, 0x36, 0x36, 0x6D, 0x03, 0x37, 0x1A, 
	0x3B, 0x72, 0x35, 0x6C, 0x72, 0x70, 0x35, 0x01, 0x33, 0x1B, 0x08, 0x32, 0x03, 0x1B, 0x18, 0x84, 
	0x02, 0x80, 0x00, 0x80, 0x05, 0x03, 0x15, 0x15, 0x13, 0x0C, 0x06, 0x0E, 0x13, 0x1F, 0x15, 0x0C, 
	0x0C, 0x05, 0x80, 0x00, 0x84, 0x02, 0x08, 0x2C, 0x2A, 0x04, 0x2C, 0x0B, 0x12, 0x11, 0x02, 0x12, 
	0x82, 0x00, 0x03, 0x02, 0x02, 0x04, 0x04, 0x80, 0x02, 0x04, 0x00, 0x15, 0x31, 0x15, 0x02, 0x81, 
	0x00, 0x84, 0x02, 0x05, 0x04, 0x02, 0xA3, 0xA3, 0x6A, 0xFE, 0x80, 0xFC, 0x81, 0xF3, 0x01, 0xF4, 
	0xF4, 0x81, 0xF2, 0x07, 0xE1, 0xA5, 0xA3, 0x0A, 0xA5, 0xA3, 0xE1, 0xF9, 0x80, 0xFC, 0x00, 0xE0, 
	0x80, 0xDE, 0x01, 0xE1, 0xE1, 0x81, 0xFC, 0x03, 0xE0, 0xA0, 0xB2, 0x30, 0x80, 0xFD, 0x80, 0xFC, 
	0x09, 0xDE, 0x57, 0xBC, 0x0F, 0x04, 0xA1, 0xBD, 0x69, 0xF9, 0xFD, 0x81, 0xFC, 0x05, 0xFE, 0x4F, 
	0xB2, 0x55, 0xF9, 0xFD, 0x80, 0xFC, 0x00, 0x68, 0x87, 0x31, 0x02, 0x14, 0xBC, 0x52, 0x81, 0x02, 
	0x04, 0x06, 0x02, 0xA5, 0xA3, 0xE0, 0x81, 0xFC, 0x08, 0xDC, 0x26, 0x4E, 0x4E, 0x4B, 0x38, 0x26, 
	0x26, 0x68, 0x80, 0xFC, 0x0A, 0xFD, 0xF4, 0x55, 0xB2, 0x26, 0xFE, 0xFC, 0xFD, 0xFD, 0xFC, 0x2F, 
	0x83, 0x31, 0x81, 0x30, 0x02, 0x15, 0xBC, 0x4F, 0x80, 0x02, 0x03, 0x00, 0xBD, 0x31, 0xFE, 0x80, 
	0xFD, 0x03, 0xFE, 0x4F, 0xBC, 0x06, 0x83, 0x02, 0x01, 0x04, 0x02, 0x80, 0x06, 0x02, 0xA3, 0xA3, 
	0xDF, 0x81, 0xFC, 0x03, 0xDE, 0xAE, 0xAE, 0xDC, 0x81, 0xFD, 0x01, 0xF4, 0xE1, 0x81, 0xDE, 0x01, 
	0xE0, 0xE0, 0x80, 0xDF, 0x08, 0x69, 0xAE, 0xB1, 0x9B, 0xFC, 0xFC, 0xFD, 0xFD, 0xF3, 0x82, 0xF4, 
	0x80, 0xF3, 0x81, 0xF9, 0x28, 0x6A, 0xBC, 0x00, 0x02, 0x04, 0x04, 0x1A, 0x19, 0x07, 0x38, 0x02, 
	0x38, 0x38, 0x03, 0x53, 0x08, 0x38, 0x53, 0x03, 0x53, 0x23, 0x1A, 0x3B, 0x03, 0x36, 0x1A, 0x72, 
	0x73, 0x35, 0x72, 0x70, 0x70, 0x72, 0x01, 0x6F, 0x3B, 0x32, 0x70, 0x07, 0x6D, 0x3B, 0x84, 0x02, 
	0x80, 0x00, 0x80, 0x05, 0x03, 0x15, 0x15, 0x13, 0x0C, 0x03, 0x0E, 0x13, 0x1F, 0x15, 0x80, 0x05, 
	0x80, 0x00, 0x87, 0x02, 0x01, 0x04, 0x04, 0x82, 0x02, 0x00, 0x69, 0x80, 0xDF, 0x0A, 0x68, 0x02, 
	0x04, 0x02, 0x04, 0x02, 0x06, 0x02, 0xFF, 0xFC, 0xE1, 0x80, 0x02, 0x03, 0x00, 0x00, 0x02, 0x02, 
	0x80, 0x04, 0x0F, 0x02, 0x04, 0x02, 0x02, 0xA5, 0xA1, 0xF4, 0xFB, 0xFC, 0xFC, 0xFE, 0x24, 0x7C, 
	0x9F, 0x9F, 0xA0, 0x80, 0xA1, 0x08, 0xA3, 0xA3, 0x57, 0xA5, 0xA3, 0x0A, 0xA5, 0xA0, 0xF4, 0x81, 
	0xFC, 0x0D, 0x30, 0xB6, 0xA5, 0xAE, 0xB6, 0x68, 0xFD, 0xFD, 0xFC, 0xFD, 0xF2, 0xA0, 0xB2, 0x31, 
	0x84, 0xFC, 0x06, 0x6A, 0xB9, 0x52, 0x26, 0xB9, 0x56, 0xE0, 0x83, 0xFC, 0x05, 0xF9, 0x4F, 0xB2, 
	0x55, 0xF9, 0xFC, 0x80, 0xFD, 0x01, 0x30, 0xBD, 0x82, 0xB2, 0x07, 0xBD, 0xBD, 0xB2, 0xBD, 0x7C, 
	0xBC, 0x52, 0x04, 0x82, 0x02, 0x02, 0xA5, 0xA3, 0xE0, 0x81, 0xFC, 0x01, 0xDC, 0xBC, 0x82, 0xB2, 
	0x01, 0xBC, 0x68, 0x81, 0xFC, 0x04, 0xF4, 0x55, 0xB2, 0x26, 0xFE, 0x80, 0xFD, 0x03, 0xFC, 0x26, 
	0xBE, 0xBD, 0x81, 0xB2, 0x81, 0xBD, 0x02, 0x9F, 0xBC, 0x50, 0x80, 0x02, 0x03, 0x00, 0xBD, 0x26, 
	0xFE, 0x80, 0xFC, 0x02, 0xFE, 0x4F, 0xBC, 0x81, 0x06, 0x03, 0x02, 0x02, 0x06, 0x04, 0x81, 0x02, 
	0x02, 0xA3, 0xA3, 0xDF, 0x81, 0xFC, 0x0A, 0xDE, 0xA5, 0xAE, 0xDC, 0xFD, 0xFC, 0xFD, 0xFD, 0xE0, 
	0xA0, 0xAE, 0x81, 0xA5, 0x81, 0xB6, 0x18, 0x55, 0xAE, 0xB1, 0x69, 0xFC, 0xFC, 0xFD, 0xFD, 0xE1, 
	0x7C, 0xA1, 0xA0, 0xA0, 0x9F, 0x9F, 0x7C, 0x57, 0x57, 0x55, 0x50, 0x4F, 0x24, 0xBC, 0x00, 0x02, 
	0x82, 0x06, 0x83, 0x02, 0x03, 0x06, 0x06, 0x02, 0x06, 0x81, 0x02, 0x11, 0x03, 0x08, 0x08, 0x72, 
	0x73, 0x6C, 0x18, 0x35, 0x72, 0x18, 0x00, 0x08, 0x07, 0x07, 0x18, 0x03, 0x19, 0x18, 0x84, 0x02, 
	0x80, 0x00, 0x80, 0x05, 0x03, 0x16, 0x15, 0x13, 0x0C, 0x03, 0x0E, 0x13, 0x1F, 0x15, 0x80, 0x05, 
	0x80, 0x00, 0x85, 0x02, 0x02, 0x06, 0x02, 0x04, 0x83, 0x02, 0x0E, 0xE0, 0xF9, 0xE0, 0xE0, 0x30, 
	0x00, 0x68, 0xDE, 0xDE, 0xE0, 0xE0, 0xDF, 0xE1, 0xF3, 0xDC, 0x80, 0x02, 0x02, 0x00, 0x02, 0x02, 
	0x80, 0x04, 0x07, 0x0B, 0x04, 0x04, 0x02, 0x02, 0xA5, 0xA1, 0xF4, 0x80, 0xFC, 0x01, 0xFE, 0x4E, 
	0x86, 0xB2, 0x07, 0xA5, 0xA5, 0xA1, 0x04, 0xA5, 0xA0, 0xF4, 0xFD, 0x80, 0xFC, 0x0D, 0x30, 0xBD, 
	0xB2, 0xB2, 0xBD, 0x68, 0xFD, 0xFD, 0xFC, 0xFD, 0xF2, 0xA0, 0xB2, 0x31, 0x83, 0xFC, 0x09, 0xFD, 
	0xE0, 0xA0, 0xB9, 0x55, 0xAE, 0x69, 0xF9, 0xFC, 0xFD, 0x81, 0xFC, 0x04, 0xF9, 0x50, 0xB2, 0x55, 
	0xF9, 0x81, 0xFD, 0x01, 0x30, 0xB9, 0x86, 0xAE, 0x04, 0x57, 0xBD, 0x55, 0x04, 0x04, 0x81, 0x02, 
	0x08, 0xA5, 0xA3, 0xE0, 0xFD, 0xFC, 0xFD, 0xFC, 0xDC, 0xB5, 0x82, 0xAE, 0x01, 0xA3, 0x68, 0x81, 
	0xFC, 0x04, 0xF4, 0x55, 0xB2, 0x26, 0xFE, 0x80, 0xFD, 0x02, 0xFC, 0x27, 0xB9, 0x86, 0xAE, 0x02, 
	0x57, 0xBC, 0x50, 0x80, 0x02, 0x03, 0x00, 0xBD, 0x26, 0xFE, 0x81, 0xFC, 0x09, 0x4F, 0xBC, 0x06, 
	0x02, 0x02, 0x06, 0x02, 0x02, 0x04, 0x04, 0x81, 0x02, 0x02, 0xA3, 0xA3, 0xDF, 0x81, 0xFC, 0x09, 
	0xDE, 0xA5, 0xAE, 0xDC, 0xFD, 0xFC, 0xFD, 0xFD, 0xE0, 0xB6, 0x86, 0xB2, 0x03, 0xA0, 0xAE, 0xB1, 
	0x69, 0x80, 0xFC, 0x03, 0xFD, 0xE1, 0xAE, 0xB4, 0x87, 0xB2, 0x02, 0x58, 0xBC, 0x00, 0x84, 0x02, 
	0x09, 0x06, 0x02, 0x06, 0x06, 0x04, 0x06, 0x06, 0x02, 0x06, 0x06, 0x80, 0x02, 0x09, 0x1B, 0x70, 
	0x6F, 0x6C, 0x73, 0x35, 0x03, 0x34, 0x35, 0x01, 0x8C, 0x02, 0x80, 0x00, 0x80, 0x05, 0x03, 0x16, 
	0x15, 0x13, 0x0C, 0x03, 0x0E, 0x13, 0x1F, 0x14, 0x80, 0x05, 0x80, 0x00, 0x84, 0x02, 0x0C, 0x2C, 
	0x28, 0x10, 0x5E, 0x02, 0x59, 0x2C, 0x02, 0x66, 0x0B, 0xDF, 0xF2, 0x02, 0x80, 0x00, 0x01, 0x9B, 
	0xFC, 0x80, 0xFD, 0x0D, 0xFC, 0x69, 0xE0, 0xCD, 0x12, 0xC5, 0x02, 0x65, 0x65, 0x02, 0xC5, 0x12, 
	0x63, 0xC5, 0x81, 0x02, 0x02, 0xB6, 0xA0, 0xF3, 0x80, 0xFC, 0x01, 0xFE, 0x24, 0x81, 0x9F, 0x0B, 
	0x7C, 0x57, 0x56, 0x56, 0x55, 0x52, 0xB1, 0xA0, 0x02, 0xA5, 0xA0, 0xF4, 0x80, 0xFD, 0x01, 0xFC, 
	0x31, 0x81, 0x27, 0x00, 0x68, 0x81, 0xFD, 0x03, 0xF2, 0xA1, 0xB2, 0x30, 0x81, 0xFC, 0x80, 0xFD, 
	0x07, 0xF9, 0x69, 0xB9, 0xB2, 0x7C, 0xE0, 0xFC, 0xFC, 0x80, 0xFD, 0x06, 0xFC, 0xFC, 0xF9, 0x50, 
	0xB2, 0x55, 0xF9, 0x81, 0xFD, 0x03, 0x31, 0x57, 0x7C, 0x7C, 0x81, 0x9F, 0x80, 0xA0, 0x04, 0xB9, 
	0xBC, 0x51, 0x04, 0x04, 0x81, 0x02, 0x02, 0xA5, 0xA3, 0xE0, 0x81, 0xFD, 0x11, 0xDC, 0x7C, 0xA3, 
	0xA3, 0xB5, 0xA3, 0xA3, 0xA0, 0x68, 0xFD, 0xFD, 0xFC, 0xFC, 0xF4, 0x55, 0xB2, 0x26, 0xFE, 0x80, 
	0xFD, 0x03, 0xFC, 0x0F, 0x9F, 0xA0, 0x80, 0x9F, 0x82, 0xA0, 0x02, 0xB6, 0xBD, 0x4F, 0x80, 0x02, 
	0x03, 0x00, 0xBE, 0x26, 0xFE, 0x81, 0xFC, 0x08, 0x51, 0xBC, 0x02, 0x06, 0x06, 0x04, 0x02, 0x04, 
	0x04, 0x82, 0x02, 0x02, 0xA3, 0xA5, 0xDF, 0x81, 0xFC, 0x03, 0xE0, 0xA5, 0xB1, 0xDC, 0x81, 0xFD, 
	0x01, 0xDF, 0x23, 0x81, 0x27, 0x08, 0x26, 0x38, 0x4B, 0x4C, 0x4C, 0x52, 0xB1, 0xB1, 0x69, 0x81, 
	0xFC, 0x06, 0xE1, 0x52, 0x7C, 0x9F, 0xA0, 0xA0, 0xA1, 0x83, 0xA3, 0x02, 0x57, 0xBD, 0x03, 0x83, 
	0x02, 0x80, 0x04, 0x03, 0x06, 0x06, 0x04, 0x04, 0x80, 0x02, 0x00, 0x06, 0x80, 0x02, 0x0B, 0x1B, 
	0x73, 0x70, 0x32, 0x34, 0x1B, 0x03, 0x01, 0x01, 0x00, 0x02, 0x06, 0x8A, 0x02, 0x80, 0x00, 0x80, 
	0x05, 0x03, 0x14, 0x1F, 0x13, 0x0C, 0x03, 0x13, 0x13, 0x24, 0x16, 0x80, 0x05, 0x80, 0x00, 0x83, 
	0x02, 0x13, 0x06, 0xCE, 0x60, 0x28, 0xCF, 0x00, 0xC2, 0x63, 0x04, 0xCE, 0x10, 0xDF, 0xF2, 0x04, 
	0x02, 0x00, 0xE1, 0xEB, 0x30, 0xF9, 0x80, 0xFC, 0x1B, 0xF4, 0x6A, 0x5F, 0x04, 0x63, 0x02, 0x59, 
	0x2C, 0x00, 0x5F, 0x02, 0x29, 0x59, 0x02, 0x04, 0x02, 0x02, 0xB6, 0x9F, 0xF3, 0xFD, 0xFC, 0xFC, 
	0xFE, 0x38, 0xB6, 0xAE, 0xAE, 0x81, 0xBC, 0x08, 0xB1, 0xBC, 0xB1, 0xB2, 0xBC, 0xBC, 0xB2, 0x9F, 
	0xF3, 0x80, 0xFD, 0x06, 0xFE, 0x4E, 0xBE, 0xBD, 0xBD, 0xBE, 0x6A, 0x81, 0xFD, 0x03, 0xF2, 0xA1, 
	0xB2, 0x30, 0x81, 0xFC, 0x81, 0xFD, 0x03, 0xDE, 0x55, 0xB6, 0x30, 0x82, 0xFC, 0x08, 0xFD, 0xFC, 
	0xFC, 0xF9, 0x52, 0xB2, 0x50, 0xF9, 0xFC, 0x80, 0xFD, 0x07, 0x31, 0xB9, 0xB9, 0xB1, 0xB9, 0xAE, 
	0xB1, 0xB2, 0x81, 0xAE, 0x04, 0x56, 0x06, 0x02, 0x06, 0x06, 0x80, 0x02, 0x03, 0xA5, 0xA1, 0xE0, 
	0xFC, 0x80, 0xFD, 0x16, 0xDC, 0xAE, 0xAE, 0xA5, 0xB6, 0xA5, 0xAE, 0xBC, 0x68, 0xFD, 0xFD, 0xFC, 
	0xFC, 0xF4, 0x55, 0xBD, 0x26, 0xFE, 0xFD, 0xFD, 0xFC, 0xFE, 0x16, 0x80, 0xB9, 0x03, 0xAE, 0xAE, 
	0xB1, 0xB2, 0x81, 0xAE, 0x08, 0x7C, 0x04, 0x04, 0x02, 0x02, 0x00, 0xBE, 0x26, 0xFE, 0x81, 0xFC, 
	0x0A, 0x4E, 0xBC, 0x06, 0x02, 0x02, 0x04, 0x04, 0x02, 0x04, 0x02, 0x02, 0x80, 0x04, 0x02, 0xA3, 
	0xA5, 0xDF, 0x81, 0xFC, 0x09, 0xE0, 0xA5, 0xB1, 0xDC, 0xFD, 0xFC, 0xFD, 0xFC, 0xE0, 0xB5, 0x87, 
	0xBD, 0x02, 0xBC, 0xBC, 0x69, 0x81, 0xFC, 0x04, 0xE1, 0xB5, 0xBC, 0xBC, 0xB9, 0x80, 0xAE, 0x82, 
	0xA5, 0x28, 0xB1, 0xB9, 0x03, 0x02, 0x02, 0x00, 0x53, 0x39, 0x0F, 0x7E, 0x07, 0x53, 0x7D, 0x04, 
	0x7D, 0x27, 0x38, 0x7D, 0x02, 0x53, 0x25, 0x19, 0x3D, 0x1B, 0x73, 0x70, 0x07, 0x33, 0x07, 0x1B, 
	0x1B, 0x03, 0x19, 0x00, 0x08, 0x09, 0x02, 0x07, 0x02, 0x03, 0x03, 0x84, 0x02, 0x80, 0x00, 0x80, 
	0x05, 0x03, 0x16, 0x1F, 0x13, 0x0E, 0x06, 0x13, 0x13, 0x1F, 0x14, 0x05, 0x0C, 0x05, 0x80, 0x00, 
	0x86, 0x02, 0x83, 0x00, 0x0E, 0x02, 0x04, 0x31, 0x31, 0x04, 0x02, 0x29, 0xCD, 0xE1, 0x00, 0xDE, 
	0xF3, 0xFC, 0xFC, 0xF4, 0x80, 0x00, 0x81, 0x02, 0x80, 0x00, 0x28, 0x02, 0x02, 0x04, 0x02, 0x04, 
	0x02, 0xB6, 0x9F, 0xF3, 0xFD, 0xFC, 0xFC, 0xF9, 0x50, 0xB1, 0xA0, 0xA3, 0xBD, 0x9F, 0x57, 0x56, 
	0x55, 0x50, 0x4C, 0x4B, 0x4B, 0x50, 0xB2, 0x7C, 0xF3, 0xFD, 0xFD, 0xFC, 0xFE, 0x31, 0x31, 0x30, 
	0x30, 0x51, 0x69, 0xFC, 0x80, 0xFD, 0x03, 0xF2, 0xA1, 0xB2, 0x51, 0x80, 0xFC, 0x81, 0xFD, 0x04, 
	0xFC, 0xFC, 0x6A, 0x68, 0xF4, 0x82, 0xFC, 0x07, 0xFD, 0xFD, 0xFC, 0xF9, 0x55, 0xB2, 0x50, 0xF9, 
	0x81, 0xFC, 0x82, 0xE1, 0x02, 0xDC, 0x7C, 0xB1, 0x86, 0x02, 0x13, 0x06, 0x02, 0x02, 0xA5, 0xA3, 
	0xE0, 0xFC, 0xFD, 0xFC, 0xFC, 0xDC, 0xB9, 0x7C, 0x02, 0x04, 0x04, 0x26, 0xBD, 0x68, 0xFD, 0x80, 
	0xFC, 0x04, 0xF4, 0x55, 0xBE, 0x26, 0xFE, 0x80, 0xFC, 0x00, 0xFE, 0x81, 0xDE, 0x05, 0xE1, 0xE1, 
	0x55, 0xBD, 0x03, 0x04, 0x81, 0x02, 0x06, 0x04, 0x04, 0x02, 0x06, 0xBE, 0x26, 0xFE, 0x81, 0xFC, 
	0x02, 0x4E, 0xBC, 0x06, 0x80, 0x02, 0x00, 0x04, 0x81, 0x02, 0x05, 0x04, 0x06, 0x04, 0xA3, 0xA5, 
	0xE0, 0x81, 0xFC, 0x03, 0xE0, 0xA5, 0xB1, 0xDC, 0x81, 0xFC, 0x0F, 0xDF, 0x68, 0x68, 0x51, 0x51, 
	0x4E, 0x52, 0xBD, 0x4C, 0x4B, 0x4B, 0x4C, 0x55, 0xBD, 0x69, 0xFD, 0x80, 0xFC, 0x04, 0xDE, 0x52, 
	0x7C, 0x7C, 0x9F, 0x80, 0xA0, 0x2D, 0xAE, 0xB2, 0xA3, 0xA3, 0xA5, 0xA5, 0x4F, 0x04, 0x02, 0x02, 
	0x00, 0x3D, 0x36, 0x08, 0x7A, 0x07, 0x4F, 0x7A, 0x06, 0x7D, 0x25, 0x38, 0x7D, 0x00, 0x7A, 0x38, 
	0x1A, 0x71, 0x18, 0x70, 0x6F, 0x18, 0x6F, 0x18, 0x6C, 0x3C, 0x08, 0x71, 0x07, 0x3E, 0x3B, 0x18, 
	0x71, 0x01, 0x3E, 0x3B, 0x84, 0x02, 0x80, 0x00, 0x80, 0x05, 0x03, 0x14, 0x1F, 0x13, 0x0C, 0x03, 
	0x0E, 0x13, 0x1F, 0x14, 0x80, 0x05, 0x80, 0x00, 0x85, 0x02, 0x84, 0x00, 0x07, 0x02, 0x02, 0x04, 
	0x04, 0x0A, 0x0A, 0x47, 0x31, 0x80, 0x00, 0x03, 0xDF, 0xFC, 0xFC, 0xF4, 0x85, 0x02, 0x04, 0x00, 
	0x00, 0x02, 0x02, 0x04, 0x80, 0x02, 0x02, 0xB9, 0x9F, 0xFF, 0x80, 0xFD, 0x06, 0xF9, 0x52, 0xB9, 
	0x02, 0x50, 0xB9, 0xDC, 0x84, 0xF9, 0x03, 0x4E, 0xB2, 0x57, 0xF3, 0x80, 0xFD, 0x86, 0xFC, 0x05, 
	0xFD, 0xFD, 0xDF, 0xA1, 0xB2, 0x68, 0x81, 0xFD, 0x02, 0xF4, 0xDF, 0xFD, 0x81, 0xFC, 0x04, 0xFB, 
	0xFC, 0xFC, 0xF9, 0xDC, 0x80, 0xFD, 0x05, 0xFC, 0xF9, 0x55, 0xB2, 0x50, 0xF9, 0x81, 0xFC, 0x82, 
	0xFD, 0x05, 0xF9, 0x58, 0xBC, 0x02, 0x02, 0x06, 0x83, 0x02, 0x05, 0x06, 0x06, 0x04, 0xB6, 0xB5, 
	0xE0, 0x80, 0xFC, 0x09, 0xFB, 0xDC, 0xB9, 0x7C, 0x02, 0x06, 0x02, 0x26, 0xBD, 0x68, 0x81, 0xFC, 
	0x09, 0xF3, 0x55, 0xBE, 0x26, 0xFE, 0xFC, 0xFC, 0xFB, 0xFB, 0xFC, 0x81, 0xFD, 0x08, 0xFC, 0x4E, 
	0xBE, 0x0A, 0x04, 0x02, 0x02, 0x06, 0x06, 0x80, 0x04, 0x03, 0x02, 0xBE, 0x4E, 0xFE, 0x80, 0xFC, 
	0x07, 0xFB, 0x51, 0xBE, 0x02, 0x06, 0x06, 0x02, 0x04, 0x81, 0x02, 0x13, 0x06, 0x04, 0x06, 0xA1, 
	0xA5, 0xE0, 0xFC, 0xFC, 0xFD, 0xFD, 0xE0, 0xA5, 0xB1, 0x9B, 0xFB, 0xFC, 0xFB, 0xFB, 0xFC, 0xFC, 
	0x81, 0xFD, 0x02, 0x9B, 0xBD, 0x38, 0x80, 0x04, 0x03, 0x4F, 0xBD, 0x69, 0xFD, 0x80, 0xFC, 0x00, 
	0xF9, 0x81, 0xF3, 0x05, 0xF4, 0xF4, 0xF2, 0x68, 0xBD, 0x0F, 0x81, 0x04, 0x00, 0x06, 0x85, 0x02, 
	0x03, 0x04, 0x04, 0x06, 0x06, 0x85, 0x02, 0x11, 0x08, 0x3C, 0x3B, 0x01, 0x07, 0x03, 0x08, 0x07, 
	0x03, 0x18, 0x03, 0x32, 0x1B, 0x03, 0x1A, 0x00, 0x1A, 0x1A, 0x84, 0x02, 0x80, 0x00, 0x80, 0x05, 
	0x03, 0x14, 0x1F, 0x13, 0x0C, 0x03, 0x0E, 0x13, 0x2F, 0x14, 0x80, 0x05, 0x80, 0x00, 0x86, 0x02, 
	0x85, 0x00, 0x14, 0x02, 0x02, 0x0C, 0xDF, 0x68, 0x13, 0x02, 0x02, 0x00, 0xDF, 0xFC, 0xF8, 0xDD, 
	0x0A, 0x04, 0x02, 0x04, 0x02, 0x04, 0x02, 0x02, 0x80, 0x00, 0x80, 0x02, 0x04, 0x06, 0x02, 0xB9, 
	0x7C, 0xF9, 0x80, 0xFD, 0x06, 0xF9, 0x55, 0xB9, 0x00, 0x50, 0xBC, 0xDE, 0x80, 0xFB, 0x07, 0xFC, 
	0xFC, 0xFB, 0xFE, 0x26, 0xBD, 0x58, 0xF3, 0x85, 0xFB, 0x81, 0xF7, 0x05, 0xFB, 0xFB, 0xDF, 0xB8, 
	0xBF, 0x68, 0x81, 0xFB, 0x02, 0xEB, 0xDC, 0xF9, 0x82, 0xF7, 0x04, 0xFB, 0xF8, 0xE0, 0x6A, 0xFB, 
	0x80, 0xF7, 0x09, 0xFF, 0x54, 0xBE, 0x51, 0xFF, 0xF8, 0xF8, 0xF7, 0xF8, 0xFB, 0x80, 0xF7, 0x03, 
	0xF8, 0xFF, 0x6A, 0xBF, 0x88, 0x02, 0x0A, 0x04, 0xB8, 0xB8, 0xDE, 0xF7, 0xF8, 0xF7, 0xF8, 0xDC, 
	0xBF, 0x92, 0x80, 0x02, 0x11, 0x26, 0xBF, 0x68, 0xF7, 0xF8, 0xF7, 0xF7, 0xF4, 0x54, 0xE7, 0x31, 
	0xF8, 0xF7, 0xF8, 0xF7, 0xF8, 0xF7, 0xF8, 0x80, 0xF7, 0x04, 0xFB, 0x31, 0xE2, 0x02, 0x06, 0x80, 
	0x02, 0x07, 0x06, 0x06, 0x04, 0x04, 0x02, 0xE7, 0x51, 0xFE, 0x81, 0xF7, 0x05, 0x47, 0xBF, 0x02, 
	0x06, 0x04, 0x04, 0x81, 0x02, 0x00, 0x06, 0x80, 0x04, 0x02, 0xA1, 0xB6, 0xDE, 0x81, 0xFB, 0x07, 
	0xE0, 0xA6, 0xBF, 0x69, 0xFB, 0xF7, 0xFB, 0xF7, 0x80, 0xFB, 0x0B, 0xFC, 0xFB, 0xFD, 0xDC, 0xBE, 
	0x4E, 0x02, 0x02, 0x06, 0x4B, 0xBE, 0x6A, 0x80, 0xFC, 0x80, 0xFB, 0x02, 0xFC, 0xFD, 0xFC, 0x80, 
	0xFB, 0x02, 0x69, 0xBC, 0x0F, 0x80, 0x04, 0x05, 0x02, 0x02, 0x06, 0x06, 0x02, 0x06, 0x80, 0x02, 
	0x02, 0x06, 0x02, 0x06, 0x81, 0x02, 0x00, 0x00, 0x82, 0x02, 0x04, 0x18, 0x80, 0x70, 0x01, 0x00, 
	0x82, 0x02, 0x03, 0x18, 0x80, 0x70, 0x01, 0x88, 0x02, 0x80, 0x00, 0x80, 0x05, 0x03, 0x14, 0x1F, 
	0x13, 0x0E, 0x06, 0x13, 0x14, 0x2F, 0x14, 0x0C, 0x05, 0x05, 0x80, 0x00, 0x84, 0x02, 0x35, 0x10, 
	0x02, 0x02, 0x12, 0x00, 0x28, 0x12, 0x04, 0x59, 0x00, 0x00, 0x02, 0x14, 0xFD, 0x68, 0x02, 0x04, 
	0x02, 0x02, 0xF2, 0xF9, 0xDD, 0x98, 0x0A, 0x0A, 0x28, 0x98, 0x04, 0x64, 0x60, 0x02, 0xC2, 0x04, 
	0x5E, 0x97, 0x02, 0x02, 0x06, 0x06, 0xBF, 0x6A, 0xFF, 0xF7, 0xF8, 0xF7, 0xFF, 0x54, 0xBF, 0x00, 
	0x68, 0xBF, 0xDD, 0xF8, 0xEF, 0x80, 0xF8, 0x0A, 0xEF, 0xF8, 0x43, 0xBF, 0x54, 0xEB, 0xF8, 0xEF, 
	0xF7, 0xF8, 0xF7, 0x84, 0xF8, 0x16, 0xF7, 0xF8, 0xE0, 0x9B, 0xE6, 0x68, 0xFB, 0xFB, 0xF7, 0xFB, 
	0xEB, 0x04, 0xDD, 0xF7, 0xF8, 0xF8, 0xF7, 0xF7, 0xFB, 0xF4, 0x02, 0x6A, 0xFB, 0x80, 0xF7, 0x04, 
	0xFF, 0x6A, 0xE6, 0x51, 0xFF, 0x81, 0xF7, 0x07, 0xFB, 0xF7, 0xFB, 0xF7, 0xF7, 0xFF, 0x6A, 0xE6, 
	0x80, 0x02, 0x00, 0x04, 0x84, 0x02, 0x19, 0x04, 0xBF, 0x9B, 0xE0, 0xF7, 0xF7, 0xFB, 0xF7, 0xDC, 
	0xBF, 0x9B, 0x0A, 0x02, 0x02, 0x47, 0xE6, 0x68, 0xFB, 0xF7, 0xFB, 0xFB, 0xF4, 0x54, 0xE8, 0x31, 
	0xF8, 0x80, 0xF7, 0x08, 0xF8, 0xFB, 0xF7, 0xFB, 0xF7, 0xF7, 0xFE, 0x31, 0xE6, 0x84, 0x02, 0x05, 
	0x06, 0x02, 0x02, 0xE7, 0x47, 0xFE, 0x81, 0xF7, 0x02, 0x47, 0xE2, 0x02, 0x81, 0x04, 0x80, 0x02, 
	0x07, 0x06, 0x04, 0x04, 0x02, 0x9B, 0xBF, 0xDE, 0xF7, 0x80, 0xFB, 0x10, 0xE0, 0x9B, 0xBF, 0x69, 
	0xF7, 0xF8, 0xF8, 0xEF, 0xF7, 0xF8, 0xF8, 0xF7, 0xF8, 0xF7, 0xB8, 0xE6, 0x47, 0x80, 0x02, 0x03, 
	0x31, 0xE3, 0x6A, 0xF7, 0x86, 0xF8, 0x04, 0xEF, 0xF7, 0x69, 0xE6, 0x1D, 0x82, 0x02, 0x0C, 0x06, 
	0x04, 0x04, 0x0F, 0x07, 0x04, 0x0F, 0x02, 0x02, 0x03, 0x02, 0x03, 0x06, 0x83, 0x02, 0x04, 0x00, 
	0x18, 0x73, 0x70, 0x01, 0x81, 0x02, 0x06, 0x06, 0x04, 0x1B, 0x80, 0x70, 0x01, 0x00, 0x87, 0x02, 
	0x80, 0x00, 0x80, 0x05, 0x03, 0x14, 0x1F, 0x13, 0x0C, 0x03, 0x0E, 0x13, 0x2F, 0x14, 0x80, 0x05, 
	0x80, 0x00, 0x84, 0x02, 0x22, 0xCF, 0x5D, 0x59, 0xCF, 0x00, 0xC5, 0x60, 0x2D, 0xCF, 0x00, 0x00, 
	0x02, 0x15, 0xFD, 0x68, 0x0A, 0x04, 0x0A, 0x04, 0xEB, 0xF2, 0x02, 0x04, 0x0A, 0x0A, 0x28, 0xC2, 
	0x04, 0x63, 0x5E, 0x02, 0x65, 0x04, 0x59, 0x60, 0x80, 0x02, 0x03, 0x04, 0xE6, 0x6A, 0xF9, 0x80, 
	0xFB, 0x06, 0xF9, 0x6A, 0xE6, 0x00, 0x6A, 0xE6, 0xDE, 0x81, 0xFB, 0x06, 0xFC, 0xFB, 0xFB, 0x47, 
	0xE6, 0x68, 0xFF, 0x81, 0xFB, 0x80, 0xFC, 0x01, 0xFE, 0xFE, 0x82, 0xF7, 0x03, 0xE0, 0x9B, 0xE6, 
	0x68, 0x81, 0xFB, 0x03, 0xDF, 0x06, 0xDC, 0xF8, 0x82, 0xF7, 0x02, 0xE0, 0x02, 0x6A, 0x81, 0xF7, 
	0x04, 0xF4, 0x6A, 0xF1, 0x5F, 0xF0, 0x81, 0xF8, 0x80, 0xF4, 0x07, 0xF2, 0xF2, 0xDF, 0x66, 0xD3, 
	0x02, 0x04, 0x04, 0x83, 0x02, 0x05, 0x04, 0x02, 0x04, 0xCD, 0x9B, 0xDD, 0x81, 0xF8, 0x10, 0xCD, 
	0xCD, 0x6A, 0x02, 0x04, 0x02, 0x47, 0xE6, 0x68, 0xF7, 0xF8, 0xF8, 0xF7, 0xEB, 0x61, 0xF1, 0x31, 
	0x82, 0xF8, 0x00, 0xEB, 0x80, 0xF2, 0x05, 0xEB, 0xDF, 0x2A, 0xD3, 0x02, 0x06, 0x82, 0x02, 0x06, 
	0x06, 0x02, 0x02, 0xE6, 0x47, 0xF8, 0xF7, 0x80, 0xF8, 0x03, 0x47, 0xE6, 0x02, 0x04, 0x82, 0x02, 
	0x81, 0x04, 0x03, 0x02, 0x9B, 0xBF, 0xDE, 0x81, 0xFB, 0x03, 0xE0, 0x9B, 0xE6, 0x69, 0x80, 0xF7, 
	0x80, 0xFB, 0x0D, 0xFC, 0xFD, 0xFC, 0xFC, 0x9B, 0xE6, 0x5F, 0x00, 0x02, 0x02, 0x31, 0xE6, 0x68, 
	0xFC, 0x83, 0xFD, 0x00, 0xFC, 0x81, 0xFB, 0x02, 0x69, 0xE6, 0x21, 0x83, 0x02, 0x24, 0x04, 0x04, 
	0x7E, 0x7D, 0x03, 0xB5, 0x19, 0x52, 0xA4, 0x00, 0xA4, 0x39, 0x36, 0x7E, 0x03, 0x76, 0x3D, 0x1A, 
	0x76, 0x18, 0x73, 0x70, 0x07, 0x3E, 0x08, 0x3B, 0x3B, 0x07, 0x3E, 0x32, 0x80, 0x73, 0x07, 0x37, 
	0x07, 0x1A, 0x1A, 0x84, 0x02, 0x80, 0x00, 0x80, 0x05, 0x03, 0x14, 0x1F, 0x13, 0x0E, 0x06, 0x0E, 
	0x13, 0x2F, 0x14, 0x0C, 0x05, 0x05, 0x80, 0x00, 0x84, 0x02, 0x1F, 0x59, 0x12, 0x10, 0x2A, 0x00, 
	0x28, 0x10, 0x02, 0x10, 0x00, 0x65, 0x65, 0x13, 0xE1, 0x31, 0x04, 0x5A, 0xCF, 0xFF, 0xDA, 0xCF, 
	0x00, 0x02, 0xDE, 0x6A, 0x0A, 0x04, 0x02, 0x02, 0x04, 0x02, 0x02, 0x80, 0x00, 0x81, 0x02, 0x02, 
	0xDD, 0x61, 0xF0, 0x80, 0xF8, 0x16, 0xEC, 0x64, 0xCF, 0x00, 0x61, 0xD3, 0x68, 0x69, 0x69, 0xF0, 
	0xEF, 0xF8, 0xF8, 0xF0, 0x5A, 0xD2, 0x5E, 0xEC, 0xEF, 0xEF, 0xF8, 0xF0, 0x31, 0x80, 0x44, 0x01, 
	0x2C, 0x6A, 0x81, 0xF8, 0x0B, 0xDD, 0xCE, 0xDA, 0x68, 0xF7, 0xF7, 0xF8, 0xF8, 0xE0, 0x5A, 0x5A, 
	0xEB, 0x82, 0xF7, 0x0B, 0x5F, 0x64, 0x6A, 0xF8, 0xF8, 0xF7, 0xF7, 0xEC, 0x66, 0xD8, 0x5D, 0xF8, 
	0x80, 0xF7, 0x01, 0xF8, 0x29, 0x81, 0xC3, 0x04, 0x98, 0x66, 0xD1, 0x0A, 0x04, 0x85, 0x02, 0x04, 
	0x06, 0x04, 0xCE, 0xCE, 0xDD, 0x81, 0xF7, 0x02, 0xDC, 0xD3, 0x66, 0x80, 0x02, 0x02, 0x44, 0xD3, 
	0x68, 0x81, 0xFB, 0x04, 0xF4, 0x60, 0xD8, 0x2C, 0xF8, 0x80, 0xF7, 0x01, 0xF8, 0x30, 0x80, 0xCE, 
	0x05, 0xC7, 0xC3, 0x2D, 0xD3, 0x02, 0x06, 0x85, 0x02, 0x02, 0xDA, 0x5F, 0xF8, 0x81, 0xF7, 0x01, 
	0x5F, 0xDA, 0x84, 0x02, 0x81, 0x04, 0x03, 0x02, 0x98, 0xCF, 0xDD, 0x81, 0xF7, 0x09, 0xE0, 0xC7, 
	0xD3, 0x6A, 0xF8, 0xEF, 0xEF, 0xF8, 0xE6, 0x31, 0x81, 0x5F, 0x08, 0x1F, 0xD3, 0x5D, 0x00, 0x02, 
	0x00, 0x2A, 0xD3, 0x5F, 0x81, 0xF8, 0x04, 0xE6, 0x69, 0x69, 0x9B, 0xCD, 0x80, 0xDC, 0x02, 0x68, 
	0xD3, 0x2A, 0x83, 0x02, 0x24, 0x04, 0x02, 0x19, 0x0F, 0x02, 0x25, 0x03, 0x23, 0x38, 0x00, 0x4F, 
	0x19, 0x19, 0x40, 0x03, 0x3D, 0x36, 0x18, 0x3E, 0x08, 0x6C, 0x6C, 0x07, 0x3B, 0x08, 0x3B, 0x35, 
	0x07, 0x6D, 0x32, 0x70, 0x70, 0x08, 0x6D, 0x18, 0x3B, 0x3C, 0x84, 0x02, 0x80, 0x00, 0x80, 0x05, 
	0x03, 0x14, 0x1F, 0x13, 0x0E, 0x06, 0x0E, 0x13, 0x2F, 0x14, 0x0E, 0x0C, 0x05, 0x80, 0x00, 0x88, 
	0x02, 0x01, 0x00, 0x00, 0x81, 0x02, 0x13, 0xCB, 0xCB, 0x10, 0x12, 0x04, 0x0C, 0x63, 0xDA, 0xFB, 
	0xDA, 0xC5, 0x02, 0x00, 0xF4, 0x69, 0x04, 0x06, 0x02, 0x04, 0x04, 0x80, 0x02, 0x00, 0x00, 0x82, 
	0x02, 0x02, 0xD3, 0x61, 0xF8, 0x80, 0xFB, 0x09, 0xFF, 0x97, 0xCB, 0x02, 0x5D, 0xD3, 0xD3, 0xDA, 
	0x60, 0xF9, 0x80, 0xFB, 0x04, 0xF7, 0x60, 0xD8, 0x60, 0xFF, 0x80, 0xF7, 0x01, 0xF8, 0x66, 0x80, 
	0xD8, 0x01, 0xD3, 0x69, 0x81, 0xF7, 0x04, 0xDD, 0xCE, 0xD8, 0x68, 0xFB, 0x80, 0xF7, 0x03, 0xE0, 
	0xC1, 0x97, 0xE0, 0x81, 0xF8, 0x03, 0xF4, 0x60, 0xCB, 0x6A, 0x81, 0xF8, 0x04, 0xEB, 0x64, 0xD8, 
	0x5D, 0xF0, 0x81, 0xF8, 0x01, 0x29, 0xD8, 0x80, 0xD5, 0x04, 0xD3, 0x64, 0xD1, 0x0A, 0x04, 0x85, 
	0x02, 0x04, 0x06, 0x02, 0xC8, 0xC3, 0xDD, 0x81, 0xF8, 0x09, 0xCD, 0xCB, 0x64, 0x02, 0x02, 0x04, 
	0x44, 0xD1, 0x68, 0xF7, 0x80, 0xF8, 0x03, 0xEB, 0x60, 0xD8, 0x2A, 0x82, 0xF8, 0x02, 0x30, 0xDA, 
	0xD5, 0x80, 0xD8, 0x07, 0x44, 0xD1, 0x0A, 0x02, 0x06, 0x02, 0x02, 0x06, 0x81, 0x02, 0x09, 0xDA, 
	0x5F, 0xF8, 0xF8, 0xF7, 0xF8, 0xF7, 0x5F, 0xD3, 0x0A, 0x88, 0x02, 0x03, 0x98, 0xCF, 0xDC, 0xFB, 
	0x80, 0xF7, 0x03, 0xE0, 0xCE, 0xD3, 0x6A, 0x81, 0xF7, 0x01, 0xEB, 0xCF, 0x81, 0xD8, 0x08, 0x66, 
	0xDA, 0x5E, 0x00, 0x02, 0x02, 0x2D, 0xDA, 0x47, 0x81, 0xFB, 0x01, 0xE0, 0xD0, 0x80, 0xDA, 0x80, 
	0xD3, 0x03, 0x63, 0xD3, 0x2A, 0x00, 0x82, 0x02, 0x09, 0x04, 0x04, 0x06, 0x06, 0x02, 0x02, 0x06, 
	0x02, 0x06, 0x02, 0x80, 0x06, 0x01, 0x04, 0x04, 0x80, 0x06, 0x01, 0x02, 0x00, 0x82, 0x02, 0x0B, 
	0x32, 0x1A, 0x18, 0x1B, 0x08, 0x03, 0x03, 0x02, 0x01, 0x02, 0x01, 0x01, 0x84, 0x02, 0x80, 0x00, 
	0x06, 0x05, 0x0C, 0x05, 0x14, 0x1F, 0x13, 0x0E, 0x06, 0x0E, 0x13, 0x2F, 0x14, 0x0E, 0x05, 0x06, 
	0x80, 0x00, 0x85, 0x02, 0x01, 0x06, 0x04, 0x83, 0x02, 0x13, 0x5C, 0xD4, 0xD6, 0xD5, 0xD5, 0x65, 
	0xD0, 0xFB, 0xFB, 0xFD, 0x69, 0x04, 0x04, 0x02, 0xF3, 0x69, 0x02, 0x04, 0x06, 0x06, 0x85, 0x02, 
	0x04, 0x06, 0x02, 0xD3, 0x5D, 0xF0, 0x80, 0xF8, 0x09, 0xEB, 0x64, 0xC8, 0x02, 0x0A, 0x64, 0xD2, 
	0xD5, 0x63, 0xEC, 0x80, 0xEE, 0x04, 0xEC, 0x5B, 0xD5, 0x5A, 0xEC, 0x80, 0xED, 0x07, 0xEC, 0x59, 
	0xC5, 0xC5, 0xC3, 0x98, 0x69, 0xEE, 0x80, 0xED, 0x21, 0xDD, 0xC3, 0xD2, 0x68, 0xEF, 0xEE, 0xED, 
	0xED, 0xDD, 0xC6, 0xC4, 0x44, 0xEE, 0xED, 0xED, 0xEE, 0xCD, 0xC6, 0xD1, 0x6A, 0xEE, 0xED, 0xEE, 
	0xEF, 0xEB, 0x64, 0xD5, 0x59, 0xEC, 0xEE, 0xEE, 0xEF, 0xF0, 0x1F, 0x80, 0x5E, 0x03, 0x60, 0x5D, 
	0x64, 0xD1, 0x81, 0x02, 0x03, 0x04, 0x06, 0x02, 0x06, 0x80, 0x02, 0x04, 0x06, 0xC8, 0xC6, 0xDD, 
	0xEE, 0x80, 0xEF, 0x08, 0xCD, 0xCB, 0x64, 0x02, 0x0A, 0x0B, 0x44, 0xD1, 0x5F, 0x81, 0xEF, 0x04, 
	0xF1, 0x60, 0xD8, 0x2A, 0xF0, 0x80, 0xEF, 0x02, 0xEE, 0x31, 0x5D, 0x80, 0x5A, 0x07, 0x5D, 0x44, 
	0xD3, 0x0B, 0x02, 0x02, 0x06, 0x06, 0x82, 0x02, 0x02, 0xD3, 0x5D, 0xEC, 0x81, 0xEF, 0x02, 0x5F, 
	0xD3, 0x04, 0x81, 0x02, 0x80, 0x04, 0x0F, 0x06, 0x04, 0x02, 0x04, 0x98, 0xCA, 0xCD, 0xEF, 0xEE, 
	0xEE, 0xED, 0xDD, 0xC3, 0xD3, 0x6A, 0xEF, 0x80, 0xEE, 0x02, 0xE6, 0x64, 0xC5, 0x80, 0xC3, 0x02, 
	0x5F, 0xD1, 0x5A, 0x80, 0x02, 0x02, 0x28, 0xD1, 0x31, 0x81, 0xEF, 0x03, 0xDD, 0xC2, 0xD3, 0xD3, 
	0x81, 0xD1, 0x03, 0x63, 0xD3, 0x2A, 0x00, 0x82, 0x02, 0x06, 0x06, 0x04, 0x06, 0x04, 0x02, 0x02, 
	0x06, 0x83, 0x02, 0x82, 0x06, 0x01, 0x02, 0x06, 0x81, 0x02, 0x05, 0x07, 0x80, 0x80, 0x6C, 0x80, 
	0x6F, 0x8B, 0x02, 0x80, 0x00, 0x06, 0x03, 0x05, 0x05, 0x13, 0x1F, 0x13, 0x0C, 0x06, 0x0E, 0x13, 
	0x2F, 0x13, 0x05, 0x0C, 0x05, 0x80, 0x00, 0x87, 0x02, 0x00, 0x04, 0x82, 0x02, 0x06, 0xC1, 0xCB, 
	0xD4, 0xD6, 0xD7, 0xC1, 0x60, 0x80, 0xDE, 0x23, 0x68, 0x20, 0x6A, 0xDC, 0xF9, 0x69, 0x0B, 0x1E, 
	0x02, 0x28, 0x12, 0x02, 0x2C, 0x02, 0x2D, 0x2C, 0x04, 0x04, 0x06, 0x02, 0xD3, 0x59, 0xEC, 0xEE, 
	0xEE, 0xED, 0xF1, 0x64, 0xCB, 0x60, 0x63, 0x64, 0x97, 0xD2, 0x60, 0xEC, 0x80, 0xED, 0x04, 0xEC, 
	0x5B, 0xD2, 0x5A, 0xEC, 0x80, 0xED, 0x06, 0xEC, 0x44, 0xC1, 0xC6, 0xC6, 0x98, 0x69, 0x81, 0xEF, 
	0x21, 0xDD, 0xC8, 0xD2, 0x68, 0xEF, 0xED, 0xEE, 0xEE, 0xDD, 0xC4, 0xD5, 0x60, 0xF1, 0xED, 0xED, 
	0xEC, 0x6A, 0xD4, 0xD1, 0x6A, 0xEF, 0xED, 0xEE, 0xEF, 0xEB, 0x64, 0xD8, 0x44, 0xEC, 0xEE, 0xEE, 
	0xEF, 0xED, 0x28, 0x80, 0xC8, 0x03, 0xCB, 0xCB, 0xD1, 0xD2, 0x80, 0xC8, 0x05, 0xCB, 0x64, 0x10, 
	0x06, 0x02, 0x06, 0x80, 0x02, 0x08, 0xC8, 0xC6, 0xDD, 0xED, 0xED, 0xEE, 0xEE, 0xCD, 0xC8, 0x80, 
	0xCB, 0x03, 0xD1, 0xCB, 0xCB, 0x5F, 0x81, 0xEF, 0x09, 0xF1, 0x60, 0xD8, 0x2A, 0xF0, 0xEE, 0xEE, 
	0xEF, 0xEE, 0x2C, 0x82, 0xC8, 0x06, 0xD1, 0xC7, 0x02, 0x06, 0x02, 0x02, 0x06, 0x82, 0x02, 0x02, 
	0xD3, 0x5D, 0xEC, 0x81, 0xEF, 0x01, 0x5F, 0xD3, 0x89, 0xC8, 0x17, 0xD1, 0xCA, 0xCD, 0xEF, 0xEE, 
	0xEF, 0xEE, 0xDD, 0xC3, 0xD3, 0x6A, 0xEF, 0xEE, 0xEF, 0xEF, 0xE6, 0x60, 0xC6, 0xC1, 0x97, 0x97, 
	0xC8, 0xD1, 0x5D, 0x80, 0x02, 0x15, 0x1E, 0xD1, 0x31, 0xEE, 0xED, 0xEE, 0xED, 0xDD, 0x59, 0x60, 
	0x5B, 0x5A, 0x5A, 0x59, 0x44, 0x2C, 0xD1, 0x64, 0x60, 0x5B, 0x5A, 0x2D, 0x81, 0x02, 0x11, 0x0F, 
	0x0F, 0x02, 0x25, 0x03, 0x03, 0x0F, 0x02, 0x08, 0x03, 0x02, 0x07, 0x06, 0x07, 0x07, 0x06, 0x03, 
	0x02, 0x81, 0x00, 0x09, 0x18, 0x80, 0x80, 0x6C, 0x81, 0x70, 0x06, 0x02, 0x06, 0x06, 0x87, 0x02, 
	0x80, 0x00, 0x06, 0x01, 0x05, 0x05, 0x14, 0x1F, 0x13, 0x0E, 0x06, 0x13, 0x13, 0x2F, 0x13, 0x05, 
	0x05, 0x06, 0x80, 0x00, 0x84, 0x02, 0x29, 0x66, 0x28, 0x59, 0x65, 0x04, 0x65, 0x44, 0x00, 0x02, 
	0xD4, 0xCC, 0xC6, 0xD7, 0xD6, 0xC4, 0x5C, 0x00, 0x00, 0x02, 0x02, 0x31, 0xDD, 0xF9, 0xF9, 0x69, 
	0x59, 0xCA, 0x04, 0xC3, 0x64, 0x10, 0xCA, 0x02, 0x64, 0xC3, 0x04, 0x04, 0x02, 0x02, 0xD1, 0x44, 
	0xEC, 0x80, 0xED, 0x01, 0xF1, 0x60, 0x80, 0xD1, 0x80, 0xCB, 0x09, 0x5D, 0xEC, 0xED, 0xEE, 0xEE, 
	0xEC, 0x60, 0xD5, 0x59, 0xEC, 0x80, 0xEF, 0x06, 0xEC, 0x63, 0xD1, 0xC8, 0xC8, 0xD1, 0x69, 0x81, 
	0xEF, 0x14, 0xDD, 0xC8, 0xD1, 0x68, 0xEF, 0xED, 0xEF, 0xEF, 0xDD, 0xC8, 0xD5, 0xC1, 0x69, 0xDD, 
	0xDD, 0xCD, 0x60, 0xD2, 0xD1, 0x6A, 0xEF, 0x80, 0xEE, 0x04, 0xEB, 0x64, 0xD8, 0x44, 0xEC, 0x80, 
	0xED, 0x01, 0xEC, 0x12, 0x83, 0x64, 0x00, 0x63, 0x80, 0x60, 0x02, 0xC6, 0xD1, 0x5D, 0x83, 0x02, 
	0x02, 0xC4, 0xC1, 0xDD, 0x81, 0xED, 0x01, 0xCD, 0x59, 0x82, 0x5B, 0x0A, 0x59, 0x5F, 0xED, 0xED, 
	0xEE, 0xEE, 0xF1, 0x60, 0xD8, 0x2A, 0xEC, 0x80, 0xED, 0x02, 0xEE, 0x2C, 0xD1, 0x82, 0x97, 0x02, 
	0x2A, 0x06, 0x06, 0x85, 0x02, 0x07, 0xD3, 0x5D, 0xEC, 0xEE, 0xEF, 0xEE, 0xEE, 0x5F, 0x83, 0x64, 
	0x82, 0x97, 0x0C, 0x98, 0x97, 0xD5, 0xD1, 0xCD, 0xEE, 0xEE, 0xEF, 0xEF, 0xDD, 0xC3, 0xD3, 0x6A, 
	0x81, 0xEF, 0x02, 0xE6, 0xC6, 0xCB, 0x81, 0xC8, 0x08, 0x64, 0x04, 0x04, 0x0A, 0x0A, 0x1E, 0xD3, 
	0x2A, 0xEF, 0x80, 0xEE, 0x03, 0xDD, 0x98, 0xD1, 0xD1, 0x81, 0xD3, 0x80, 0xD1, 0x80, 0xD4, 0x01, 
	0xC4, 0x28, 0x80, 0x02, 0x22, 0x39, 0x39, 0x03, 0xB5, 0x25, 0x4F, 0xA4, 0x02, 0x7E, 0x4F, 0x19, 
	0x7E, 0x01, 0x6D, 0x3C, 0x18, 0x77, 0x08, 0x3C, 0x3C, 0x01, 0x6D, 0x1B, 0x80, 0x80, 0x6C, 0x74, 
	0x70, 0x37, 0x3B, 0x03, 0x3B, 0x19, 0x36, 0x37, 0x84, 0x02, 0x80, 0x00, 0x06, 0x03, 0x05, 0x05, 
	0x14, 0x24, 0x13, 0x0E, 0x06, 0x13, 0x14, 0x2E, 0x13, 0x0E, 0x05, 0x06, 0x80, 0x00, 0x84, 0x02, 
	0x08, 0xC3, 0x2B, 0x5A, 0xC1, 0x0B, 0x97, 0x44, 0x02, 0x00, 0x80, 0xD4, 0x04, 0xD6, 0x5B, 0x28, 
	0x04, 0x00, 0x80, 0x02, 0x00, 0x04, 0x80, 0x02, 0x0B, 0x04, 0x10, 0x2D, 0x02, 0x1E, 0x10, 0x00, 
	0x12, 0x00, 0x0B, 0x10, 0x04, 0x80, 0x02, 0x08, 0xD1, 0x44, 0xF0, 0xEE, 0xEF, 0xEF, 0xF1, 0x9B, 
	0x9B, 0x83, 0xCD, 0x12, 0xF0, 0xEE, 0xEE, 0xEF, 0xEC, 0x60, 0xD5, 0x44, 0xEC, 0xEF, 0xEE, 0xED, 
	0xF1, 0x63, 0xC8, 0x00, 0x5A, 0xD1, 0x69, 0x80, 0xEE, 0x15, 0xEF, 0xDD, 0xC8, 0xD1, 0x68, 0xED, 
	0xED, 0xEE, 0xEF, 0xDD, 0xC4, 0xD2, 0xD1, 0x0B, 0xC7, 0xC8, 0x2C, 0xC8, 0xD1, 0xCB, 0x6A, 0xEE, 
	0x80, 0xED, 0x04, 0xF1, 0x64, 0xD8, 0x44, 0xEC, 0x81, 0xED, 0x02, 0xF1, 0xE6, 0xE6, 0x85, 0xF1, 
	0x02, 0x6A, 0xD1, 0x5A, 0x82, 0x02, 0x03, 0x00, 0xC4, 0xC1, 0xCD, 0x81, 0xED, 0x00, 0xEC, 0x84, 
	0xF1, 0x00, 0xEC, 0x81, 0xED, 0x04, 0xF1, 0x60, 0xD8, 0x2C, 0xEC, 0x80, 0xED, 0x0B, 0xEE, 0x2C, 
	0xD1, 0x0B, 0x02, 0x00, 0x02, 0x02, 0x06, 0x04, 0x06, 0x06, 0x84, 0x02, 0x03, 0xD3, 0x5D, 0xEC, 
	0xEE, 0x80, 0xED, 0x82, 0xF1, 0x85, 0xE6, 0x03, 0xCD, 0xC8, 0xCB, 0xCD, 0x80, 0xEE, 0x04, 0xED, 
	0xDD, 0xC3, 0xD1, 0x6A, 0x80, 0xEF, 0x03, 0xEE, 0xE6, 0xC6, 0xC6, 0x80, 0x00, 0x81, 0x02, 0x05, 
	0x04, 0x02, 0x1E, 0xD3, 0x2A, 0xEF, 0x80, 0xEE, 0x03, 0xF1, 0x9B, 0x69, 0x69, 0x81, 0x6A, 0x07, 
	0x68, 0x5F, 0x31, 0x2A, 0x29, 0x67, 0xD1, 0x63, 0x80, 0x02, 0x22, 0x07, 0x07, 0x06, 0x23, 0x03, 
	0x0F, 0x25, 0x06, 0x25, 0x19, 0x07, 0x36, 0x00, 0x33, 0x1A, 0x08, 0x3B, 0x08, 0x34, 0x34, 0x00, 
	0x37, 0x18, 0x6C, 0x6D, 0x34, 0x70, 0x3C, 0x37, 0x3B, 0x03, 0x3E, 0x19, 0x37, 0x3E, 0x84, 0x02, 
	0x80, 0x00, 0x06, 0x05, 0x17, 0x05, 0x13, 0x2F, 0x13, 0x0C, 0x06, 0x13, 0x14, 0x2F, 0x13, 0x05, 
	0x05, 0x06, 0x80, 0x00, 0x86, 0x02, 0x80, 0x04, 0x80, 0x02, 0x05, 0x00, 0xD4, 0xD7, 0xD5, 0xD4, 
	0x28, 0x84, 0x02, 0x03, 0x06, 0x04, 0x02, 0x04, 0x81, 0x02, 0x80, 0x00, 0x01, 0x02, 0x06, 0x80, 
	0x04, 0x07, 0x02, 0x02, 0xD1, 0x2C, 0xF0, 0xEE, 0xEE, 0xEF, 0x80, 0xEE, 0x04, 0xEF, 0xEF, 0xEE, 
	0xEF, 0xEE, 0x82, 0xED, 0x27, 0xE6, 0x60, 0xD4, 0x44, 0xEC, 0xEE, 0xED, 0xED, 0xF1, 0x62, 0xC8, 
	0x00, 0x5A, 0xCB, 0x69, 0xED, 0xED, 0xEE, 0xEF, 0xDD, 0xC8, 0xD1, 0x68, 0xEE, 0xED, 0xEE, 0xEE, 
	0xDD, 0xC4, 0xC1, 0xCB, 0x28, 0xD1, 0xD1, 0x59, 0xC8, 0x63, 0xC8, 0x6A, 0xEF, 0x80, 0xEE, 0x04, 
	0xF1, 0x64, 0xD5, 0x44, 0xF0, 0x82, 0xED, 0x82, 0xEE, 0x00, 0xED, 0x80, 0xEE, 0x03, 0xEF, 0x69, 
	0xD1, 0x5B, 0x83, 0x02, 0x06, 0xC4, 0xC1, 0xCD, 0xEC, 0xED, 0xEF, 0xEE, 0x80, 0xEF, 0x04, 0xEE, 
	0xED, 0xED, 0xEE, 0xEF, 0x81, 0xEE, 0x0C, 0xEC, 0xCD, 0x60, 0xD8, 0x2C, 0xF0, 0xEF, 0xEF, 0xED, 
	0xEE, 0x2C, 0xD4, 0x0B, 0x83, 0x02, 0x80, 0x06, 0x01, 0x02, 0x06, 0x81, 0x02, 0x04, 0xD3, 0x5E, 
	0xEC, 0xEE, 0xEE, 0x80, 0xED, 0x82, 0xEE, 0x82, 0xED, 0x05, 0xEE, 0xEE, 0xDD, 0xC8, 0xCB, 0x9B, 
	0x81, 0xEE, 0x0B, 0xDD, 0xC2, 0xD1, 0x68, 0xEF, 0xEE, 0xEE, 0xED, 0xE6, 0xC1, 0xC1, 0x00, 0x84, 
	0x02, 0x04, 0x04, 0x12, 0xD1, 0x2A, 0xF0, 0x89, 0xEE, 0x07, 0xED, 0xEE, 0xEE, 0xEF, 0xDD, 0xC4, 
	0x62, 0x00, 0x80, 0x02, 0x83, 0x06, 0x80, 0x02, 0x0A, 0x06, 0x00, 0x01, 0x7A, 0x75, 0x09, 0x33, 
	0x3E, 0x1A, 0x04, 0x06, 0x80, 0x02, 0x06, 0x00, 0x33, 0x76, 0x3D, 0x04, 0x06, 0x06, 0x88, 0x02, 
	0x80, 0x00, 0x06, 0x06, 0x17, 0x05, 0x13, 0x2F, 0x13, 0x0E, 0x03, 0x13, 0x13, 0x2F, 0x13, 0x80, 
	0x05, 0x80, 0x00, 0x8C, 0x02, 0x04, 0x00, 0x2D, 0x5C, 0x2B, 0x0B, 0x89, 0x02, 0x07, 0x04, 0x02, 
	0x06, 0x02, 0x02, 0x00, 0x02, 0x06, 0x80, 0x04, 0x07, 0x02, 0x06, 0x02, 0xD1, 0x2B, 0xDD, 0xEE, 
	0xED, 0x86, 0xEE, 0x81, 0xED, 0x05, 0xEC, 0x31, 0x60, 0xD4, 0x2B, 0xEC, 0x80, 0xEE, 0x0E, 0xF1, 
	0x62, 0xC8, 0x00, 0x5B, 0xCB, 0x9B, 0xED, 0xED, 0xEF, 0xEF, 0xDD, 0xC7, 0xD1, 0x6A, 0x81, 0xEF, 
	0x0B, 0xDD, 0xC4, 0xC1, 0xC4, 0xC4, 0x5C, 0x5C, 0xC6, 0xC4, 0x5B, 0xC8, 0x6A, 0x81, 0xEF, 0x06, 
	0xEB, 0x65, 0xD5, 0x44, 0xF0, 0xEE, 0xEF, 0x80, 0xEE, 0x01, 0xEF, 0xEF, 0x81, 0xEE, 0x81, 0xEF, 
	0x02, 0x69, 0xCB, 0x5A, 0x83, 0x02, 0x04, 0xC4, 0xC1, 0x59, 0xCD, 0xEC, 0x83, 0xEF, 0x01, 0xEE, 
	0xED, 0x82, 0xEE, 0x0D, 0xED, 0xDD, 0x66, 0x60, 0xD8, 0x2B, 0xF0, 0xEF, 0xEF, 0xEE, 0xEE, 0x2C, 
	0xCB, 0x04, 0x80, 0x02, 0x03, 0x06, 0x06, 0x02, 0x04, 0x81, 0x06, 0x0A, 0x04, 0x06, 0x02, 0x04, 
	0xD1, 0x5D, 0xEC, 0xEF, 0xEF, 0xEE, 0xEE, 0x81, 0xEF, 0x80, 0xEE, 0x82, 0xEF, 0x04, 0xEE, 0xDD, 
	0xC8, 0xD1, 0x9B, 0x81, 0xEF, 0x03, 0xDD, 0xC3, 0xD4, 0x68, 0x80, 0xEF, 0x04, 0xEE, 0xE6, 0xC1, 
	0xC6, 0x00, 0x84, 0x02, 0x04, 0x04, 0x12, 0xD4, 0x2B, 0xF0, 0x88, 0xEE, 0x82, 0xEF, 0x02, 0xDD, 
	0xC4, 0x62, 0x83, 0x02, 0x00, 0x06, 0x81, 0x04, 0x80, 0x02, 0x11, 0x00, 0x01, 0x89, 0x78, 0x08, 
	0x34, 0x77, 0x32, 0x04, 0x06, 0x02, 0x02, 0x06, 0x02, 0x3B, 0x83, 0x79, 0x03, 0x8B, 0x02, 0x08, 
	0x00, 0x00, 0x03, 0x05, 0x05, 0x13, 0x1F, 0x13, 0x0C, 0x05, 0x13, 0x13, 0x2F, 0x13, 0x0E, 0x05, 
	0x81, 0x00, 0x88, 0x02, 0x81, 0x04, 0x23, 0x02, 0x02, 0x10, 0x04, 0x00, 0x02, 0x04, 0x0B, 0x0B, 
	0x04, 0x0B, 0x02, 0x0B, 0x11, 0x02, 0x28, 0x0B, 0x11, 0x2B, 0x06, 0x2C, 0x28, 0x0B, 0x5D, 0x04, 
	0x2C, 0x59, 0x04, 0x04, 0x02, 0x02, 0xCB, 0x2B, 0x63, 0xDD, 0xED, 0x83, 0xEE, 0x80, 0xEF, 0x81, 
	0xEE, 0x05, 0x68, 0xC2, 0x60, 0xD4, 0x2D, 0xF0, 0x80, 0xEF, 0x06, 0xEB, 0x64, 0xC9, 0x02, 0x5B, 
	0xCB, 0x9B, 0x80, 0xEE, 0x04, 0xEF, 0xDD, 0xC8, 0xD1, 0x6A, 0x81, 0xEF, 0x0B, 0xDD, 0xC6, 0xC1, 
	0x28, 0xCC, 0xCB, 0xCB, 0xC9, 0x28, 0x5B, 0xC9, 0x6A, 0x81, 0xEF, 0x05, 0xEB, 0x65, 0xD5, 0x2C, 
	0xF0, 0xEE, 0x84, 0xED, 0x80, 0xEE, 0x81, 0xEF, 0x03, 0x69, 0xCB, 0x5B, 0x06, 0x81, 0x02, 0x06, 
	0x00, 0xC4, 0xC1, 0xC1, 0x65, 0xCD, 0xEF, 0x81, 0xEE, 0x84, 0xED, 0x0E, 0xEE, 0xDD, 0x65, 0xCA, 
	0x5B, 0xD5, 0x2B, 0xF0, 0xEF, 0xEF, 0xEE, 0xF0, 0x2C, 0xCB, 0x04, 0x85, 0x02, 0x09, 0x06, 0x02, 
	0x04, 0x04, 0x06, 0x04, 0x04, 0xCB, 0x5B, 0xEC, 0x80, 0xEE, 0x83, 0xEF, 0x03, 0xEE, 0xEE, 0xEF, 
	0xEE, 0x80, 0xEF, 0x04, 0xEE, 0xDD, 0xC6, 0xCB, 0x69, 0x81, 0xEF, 0x0A, 0xE0, 0xC2, 0xD4, 0x68, 
	0xEF, 0xEF, 0xEE, 0xEE, 0xE6, 0xC6, 0xC6, 0x80, 0x02, 0x81, 0x06, 0x09, 0x02, 0x02, 0x11, 0xD4, 
	0x2C, 0xEF, 0xEF, 0xEE, 0xEF, 0xEF, 0x86, 0xEE, 0x80, 0xEF, 0x29, 0xDD, 0xC4, 0x62, 0x04, 0x02, 
	0x06, 0x38, 0x39, 0x02, 0x56, 0x25, 0x24, 0x55, 0x03, 0x52, 0x26, 0x03, 0x4F, 0x01, 0x80, 0x80, 
	0x07, 0x3B, 0x6E, 0x32, 0x19, 0x06, 0x08, 0x03, 0x01, 0x01, 0x3B, 0x83, 0x79, 0x03, 0x03, 0x06, 
	0x03, 0x02, 0x06, 0x02, 0x06, 0x84, 0x02, 0x08, 0x00, 0x00, 0x06, 0x13, 0x17, 0x13, 0x2F, 0x13, 
	0x0C, 0x05, 0x0E, 0x13, 0x2F, 0x13, 0x05, 0x0C, 0x81, 0x00, 0x84, 0x02, 0x23, 0xC2, 0x12, 0x5B, 
	0x65, 0x02, 0xC2, 0x28, 0x5B, 0xC2, 0x02, 0x64, 0x2C, 0x0B, 0xC5, 0x02, 0x65, 0x65, 0x0B, 0xCF, 
	0x11, 0x66, 0xC2, 0x00, 0xC7, 0x59, 0x59, 0xC5, 0x02, 0xC5, 0x63, 0x28, 0xCF, 0x0B, 0x65, 0x97, 
	0x04, 0x80, 0x02, 0x04, 0xCB, 0x2C, 0xCA, 0x63, 0xE6, 0x81, 0xEF, 0x81, 0xF0, 0x81, 0xEC, 0x06, 
	0xCD, 0xC5, 0xC1, 0x64, 0xD4, 0x28, 0xF1, 0x80, 0xEB, 0x06, 0xDD, 0x62, 0xC9, 0x00, 0x5B, 0xCB, 
	0x6A, 0x81, 0xE6, 0x13, 0x9B, 0xC8, 0xD1, 0x68, 0xE6, 0xE6, 0xDD, 0xDD, 0x9B, 0xC1, 0x65, 0x02, 
	0x04, 0x0B, 0x0B, 0x02, 0x02, 0x5B, 0xC4, 0x68, 0x81, 0xDD, 0x03, 0xCD, 0x65, 0xD4, 0x2A, 0x8D, 
	0xCD, 0x04, 0x5F, 0xCB, 0x5C, 0x04, 0x04, 0x80, 0x02, 0x05, 0x00, 0xC4, 0xC4, 0x5B, 0xCB, 0xC1, 
	0x8A, 0xCD, 0x05, 0x66, 0xCB, 0x67, 0xC1, 0xD4, 0x2B, 0x82, 0xCD, 0x03, 0x2D, 0xCA, 0x04, 0x00, 
	0x80, 0x06, 0x80, 0x02, 0x01, 0x06, 0x06, 0x80, 0x02, 0x06, 0x04, 0x02, 0x04, 0xCB, 0x5B, 0xCD, 
	0xCD, 0x8D, 0xDD, 0x03, 0xCD, 0xC6, 0xCB, 0x6A, 0x81, 0xE6, 0x03, 0xDC, 0xC1, 0xD1, 0x5F, 0x80, 
	0xE6, 0x04, 0xF1, 0xDD, 0xC6, 0xCC, 0x04, 0x81, 0x02, 0x09, 0x06, 0x06, 0x02, 0x06, 0x10, 0xD4, 
	0x2B, 0xEB, 0xEC, 0xEC, 0x82, 0xF0, 0x03, 0xEE, 0xEE, 0xF0, 0xEE, 0x80, 0xF0, 0x2A, 0xEF, 0xF8, 
	0xDD, 0xC4, 0x62, 0x04, 0x04, 0x06, 0x39, 0x4D, 0x00, 0xA4, 0x38, 0x38, 0xA3, 0x03, 0xA0, 0x56, 
	0x0F, 0xB5, 0x01, 0x7B, 0x7B, 0x07, 0x6D, 0x18, 0x3E, 0x6E, 0x07, 0x7B, 0x36, 0x3D, 0x6D, 0x3B, 
	0x83, 0x77, 0x37, 0x76, 0x03, 0x7A, 0x37, 0x39, 0x7A, 0x85, 0x02, 0x80, 0x00, 0x05, 0x05, 0x05, 
	0x13, 0x2F, 0x13, 0x0C, 0x05, 0x13, 0x13, 0x2F, 0x0E, 0x0C, 0x0E, 0x81, 0x00, 0x84, 0x02, 0x2B, 
	0x66, 0x10, 0x59, 0x63, 0x02, 0x64, 0x12, 0x2C, 0x63, 0x02, 0x5A, 0x29, 0x02, 0x5E, 0x02, 0x2C, 
	0x2C, 0x0A, 0x59, 0x0B, 0x28, 0x28, 0x00, 0x28, 0x04, 0x02, 0x10, 0x02, 0x10, 0x0B, 0x0A, 0x0B, 
	0x04, 0x0A, 0x0A, 0x06, 0x06, 0x00, 0x02, 0xCB, 0xC1, 0x63, 0xCB, 0x59, 0x80, 0x2A, 0x04, 0x2B, 
	0x2B, 0x44, 0x59, 0x5A, 0x80, 0x5E, 0x07, 0x63, 0xC3, 0xCA, 0x5A, 0xCB, 0xD4, 0x28, 0x64, 0x80, 
	0x65, 0x06, 0x66, 0x65, 0xC9, 0x00, 0x5B, 0xCB, 0x59, 0x81, 0xC1, 0x0D, 0x5E, 0xC8, 0xD1, 0x2C, 
	0xC4, 0xC4, 0xC6, 0xC6, 0x63, 0xC1, 0x65, 0x00, 0x02, 0x04, 0x80, 0x02, 0x0C, 0x5B, 0xC9, 0x59, 
	0xC4, 0xC4, 0xC8, 0xC8, 0xC2, 0x97, 0xD5, 0x2D, 0xC5, 0xC8, 0x81, 0xCA, 0x00, 0xC8, 0x81, 0xCA, 
	0x01, 0xCB, 0xCB, 0x80, 0xCA, 0x02, 0x5D, 0xDB, 0x5C, 0x80, 0x06, 0x07, 0x02, 0x02, 0x06, 0x64, 
	0xCB, 0xCC, 0x67, 0xD4, 0x8B, 0xCB, 0x05, 0x62, 0xC0, 0xC9, 0xD4, 0x2D, 0xCF, 0x80, 0xCB, 0x03, 
	0xCA, 0x2C, 0xCB, 0x04, 0x80, 0x06, 0x05, 0x02, 0x06, 0x02, 0x02, 0x06, 0x06, 0x82, 0x02, 0x05, 
	0x04, 0xCB, 0x5C, 0xC5, 0xCA, 0xCA, 0x84, 0xC8, 0x03, 0xC7, 0xC7, 0xC5, 0xC5, 0x81, 0xC4, 0x0B, 
	0x64, 0xC6, 0xCB, 0x59, 0xC3, 0xC3, 0xC4, 0xC6, 0x66, 0x97, 0xD1, 0x2C, 0x80, 0x97, 0x05, 0xC1, 
	0x64, 0xC1, 0xCC, 0x04, 0x06, 0x84, 0x02, 0x0A, 0x0B, 0xCB, 0x2B, 0x5E, 0x5E, 0x5D, 0x59, 0x44, 
	0x2B, 0x2B, 0x2D, 0x80, 0x28, 0x0C, 0x29, 0x29, 0x31, 0x31, 0x30, 0x47, 0x31, 0xC4, 0x62, 0x04, 
	0x04, 0x02, 0x02, 0x81, 0x00, 0x11, 0x02, 0x03, 0x04, 0x04, 0x02, 0x02, 0x00, 0x00, 0x08, 0x08, 
	0x00, 0x01, 0x00, 0x07, 0x08, 0x02, 0x19, 0x07, 0x80, 0x19, 0x08, 0x3B, 0x3A, 0x19, 0x36, 0x02, 
	0x39, 0x1A, 0x36, 0x3D, 0x85, 0x02, 0x80, 0x00, 0x05, 0x05, 0x05, 0x13, 0x2F, 0x13, 0x05, 0x05, 
	0x13, 0x13, 0x2E, 0x13, 0x0C, 0x05, 0x81, 0x00, 0x86, 0x02, 0x80, 0x00, 0x80, 0x02, 0x00, 0x04, 
	0x85, 0x02, 0x01, 0x04, 0x04, 0x80, 0x02, 0x82, 0x00, 0x01, 0x02, 0x02, 0x80, 0x04, 0x0B, 0x02, 
	0x04, 0x06, 0x02, 0x02, 0x00, 0x00, 0x59, 0xCB, 0x65, 0xC6, 0xD8, 0x89, 0xD9, 0x06, 0xD3, 0x63, 
	0xC9, 0xC0, 0xCB, 0x1E, 0xD8, 0x80, 0xD6, 0x06, 0xDA, 0x65, 0xC9, 0x02, 0x5B, 0xC9, 0xC1, 0x81, 
	0xD6, 0x03, 0xC7, 0xC8, 0xD4, 0x63, 0x81, 0xD6, 0x16, 0xCA, 0xCC, 0x65, 0x02, 0x06, 0x06, 0x02, 
	0x02, 0x04, 0x63, 0xC9, 0x66, 0xD6, 0xD5, 0xD6, 0xD6, 0xD3, 0xC1, 0xD5, 0x2B, 0xD8, 0xD5, 0xD5, 
	0x80, 0xD9, 0x00, 0xD5, 0x83, 0xD9, 0x07, 0xD6, 0xD6, 0xD9, 0x63, 0xDB, 0x5C, 0x06, 0x06, 0x80, 
	0x02, 0x05, 0x06, 0x04, 0x63, 0xCB, 0x65, 0x65, 0x81, 0xD9, 0x04, 0xD8, 0xD8, 0xD9, 0xD8, 0xD8, 
	0x80, 0xD9, 0x07, 0xD8, 0x65, 0x65, 0xC9, 0x5C, 0xCB, 0x2B, 0xDA, 0x80, 0xD9, 0x06, 0xD8, 0x59, 
	0xCB, 0x04, 0x06, 0x02, 0x06, 0x83, 0x02, 0x00, 0x06, 0x82, 0x02, 0x04, 0xCB, 0x5B, 0xDA, 0xD9, 
	0xD6, 0x80, 0xD5, 0x01, 0xD6, 0xD6, 0x83, 0xD9, 0x81, 0xD6, 0x04, 0xCF, 0xC6, 0xCB, 0x63, 0xD6, 
	0x80, 0xD9, 0x04, 0xCF, 0xC1, 0xD4, 0x5E, 0xD5, 0x80, 0xD6, 0x04, 0xD3, 0xC6, 0xC4, 0x04, 0x06, 
	0x83, 0x02, 0x04, 0x06, 0x0B, 0xCB, 0x2B, 0xD8, 0x88, 0xD9, 0x82, 0xD8, 0x02, 0xCF, 0xC4, 0x65, 
	0x80, 0x04, 0x84, 0x02, 0x01, 0x04, 0x02, 0x80, 0x06, 0x04, 0x03, 0x78, 0x89, 0x07, 0x00, 0x84, 
	0x02, 0x04, 0x25, 0xA4, 0xA4, 0x7D, 0x00, 0x8A, 0x02, 0x81, 0x00, 0x05, 0x13, 0x05, 0x13, 0x2F, 
	0x13, 0x0C, 0x05, 0x13, 0x13, 0x2F, 0x0E, 0x05, 0x05, 0x81, 0x00, 0x86, 0x02, 0x81, 0x00, 0x88, 
	0x02, 0x01, 0x04, 0x04, 0x81, 0x02, 0x81, 0x00, 0x07, 0x02, 0x02, 0x04, 0x04, 0x0A, 0x0A, 0x04, 
	0x06, 0x81, 0x00, 0x07, 0x06, 0x5C, 0xCB, 0x62, 0xCE, 0xD3, 0xCF, 0xCB, 0x81, 0xCF, 0x00, 0xCA, 
	0x81, 0xCF, 0x06, 0x98, 0xCB, 0xC4, 0x04, 0xCB, 0x28, 0xC3, 0x80, 0xC5, 0x1F, 0xC2, 0xC0, 0xC9, 
	0x04, 0x67, 0xCB, 0x5E, 0xC2, 0xC1, 0x97, 0x97, 0x5E, 0xC9, 0xD4, 0x5C, 0x97, 0x97, 0x65, 0x65, 
	0x5E, 0xC9, 0x65, 0x02, 0x02, 0x06, 0x02, 0x04, 0x02, 0x67, 0xCB, 0x59, 0x60, 0x80, 0x5B, 0x04, 
	0x5D, 0xC4, 0xD4, 0x5C, 0x5D, 0x81, 0x5A, 0x88, 0x59, 0x03, 0x5B, 0xDB, 0x59, 0x06, 0x82, 0x02, 
	0x05, 0x04, 0x0C, 0x63, 0xC9, 0x65, 0x2C, 0x89, 0x2B, 0x05, 0x62, 0xC9, 0x67, 0x02, 0xC9, 0x62, 
	0x81, 0x2C, 0x04, 0x44, 0x62, 0xCB, 0x04, 0x06, 0x8B, 0x02, 0x01, 0xCB, 0xC0, 0x84, 0x5A, 0x04, 
	0x5B, 0x5B, 0x67, 0x60, 0x60, 0x82, 0x63, 0x0C, 0x64, 0x5E, 0xC8, 0xCB, 0x59, 0x97, 0x98, 0x98, 
	0xC2, 0x63, 0xC1, 0xD4, 0x2C, 0x81, 0xC2, 0x02, 0x66, 0xCC, 0xC4, 0x80, 0x06, 0x80, 0x02, 0x06, 
	0x04, 0x02, 0x02, 0x0B, 0xDB, 0x5C, 0xCE, 0x86, 0xCF, 0x84, 0xD3, 0x06, 0xCF, 0xC4, 0x65, 0x04, 
	0x06, 0x04, 0x06, 0x82, 0x02, 0x02, 0x06, 0x02, 0x06, 0x80, 0x04, 0x03, 0x03, 0x89, 0x83, 0x07, 
	0x81, 0x00, 0x09, 0x02, 0x02, 0x06, 0x03, 0x36, 0xAA, 0xAA, 0x7F, 0x00, 0x00, 0x89, 0x02, 0x81, 
	0x00, 0x05, 0x05, 0x05, 0x13, 0x2F, 0x13, 0x0E, 0x05, 0x13, 0x13, 0x2E, 0x0E, 0x05, 0x05, 0x81, 
	0x00, 0x84, 0x02, 0x2C, 0x11, 0x02, 0x10, 0x11, 0x00, 0x28, 0x02, 0x28, 0x2C, 0x04, 0x59, 0x1E, 
	0x1E, 0x5E, 0x02, 0x5A, 0x2C, 0x0B, 0x64, 0x02, 0x5B, 0x5B, 0x02, 0x65, 0x2D, 0x59, 0x64, 0x02, 
	0x65, 0x59, 0x2D, 0xC2, 0x0B, 0x64, 0x63, 0x02, 0xC2, 0x10, 0x00, 0x02, 0x04, 0x62, 0xC9, 0xC0, 
	0x65, 0x86, 0xC0, 0x07, 0xCC, 0xCC, 0xC9, 0xCB, 0x1E, 0x04, 0xC4, 0xCC, 0x80, 0xC0, 0x07, 0xCC, 
	0xCC, 0xC9, 0xC0, 0x04, 0x59, 0xC9, 0xC9, 0x82, 0xCC, 0x01, 0xC9, 0xCB, 0x80, 0xC9, 0x00, 0xCC, 
	0x80, 0xC9, 0x00, 0x5B, 0x81, 0x02, 0x02, 0x04, 0x04, 0x59, 0x85, 0xC9, 0x00, 0xC6, 0x8F, 0xC9, 
	0x01, 0xC0, 0x28, 0x84, 0x02, 0x02, 0x04, 0x04, 0x63, 0x83, 0xC9, 0x81, 0xCB, 0x81, 0xC9, 0x04, 
	0xCB, 0x62, 0x0B, 0x04, 0x63, 0x82, 0xC9, 0x02, 0xDB, 0xDB, 0xC0, 0x83, 0x02, 0x01, 0x06, 0x06, 
	0x81, 0x02, 0x06, 0x06, 0x06, 0x02, 0x04, 0x63, 0xCB, 0xCB, 0x8F, 0xC9, 0x01, 0xCB, 0xCB, 0x83, 
	0xC9, 0x01, 0xCB, 0xCB, 0x83, 0xCC, 0x02, 0xCB, 0x65, 0x06, 0x85, 0x02, 0x03, 0x04, 0xC4, 0xC9, 
	0xCC, 0x86, 0xC0, 0x80, 0x65, 0x82, 0x62, 0x01, 0xCB, 0x65, 0x80, 0x02, 0x22, 0x55, 0xA1, 0x02, 
	0xA3, 0x50, 0x23, 0xA1, 0x00, 0x7C, 0x55, 0x03, 0xA3, 0x08, 0x89, 0x89, 0x08, 0x6D, 0x1A, 0x19, 
	0x1A, 0x00, 0x37, 0x1A, 0x7B, 0x78, 0xAF, 0xAA, 0xA4, 0x19, 0x36, 0x00, 0x25, 0x19, 0x0F, 0x25, 
	0x85, 0x02, 0x80, 0x00, 0x05, 0x05, 0x05, 0x13, 0x2F, 0x13, 0x0E, 0x05, 0x13, 0x13, 0x2E, 0x0E, 
	0x0C, 0x0C, 0x81, 0x00, 0x83, 0x02, 0x2D, 0x0B, 0xCF, 0x10, 0x66, 0xC2, 0x00, 0xCE, 0x11, 0x63, 
	0xC3, 0x04, 0xC7, 0x59, 0x2C, 0xCA, 0x02, 0x97, 0x67, 0x0B, 0xC5, 0x02, 0x63, 0x64, 0x02, 0xC2, 
	0x2B, 0x59, 0x65, 0x02, 0x65, 0x59, 0x28, 0x97, 0x06, 0x60, 0x5B, 0x02, 0x64, 0x0B, 0x02, 0x02, 
	0x04, 0x04, 0xC1, 0xC9, 0xC9, 0x89, 0xCC, 0x03, 0x2C, 0x04, 0x04, 0x2C, 0x84, 0xC0, 0x03, 0x10, 
	0x04, 0x04, 0x5B, 0x83, 0x62, 0x03, 0x5C, 0x59, 0x62, 0x62, 0x81, 0x67, 0x00, 0x5C, 0x81, 0x02, 
	0x00, 0x06, 0x80, 0x04, 0x01, 0x2C, 0x5B, 0x82, 0x5C, 0x01, 0x59, 0x12, 0x87, 0x5C, 0x00, 0x59, 
	0x81, 0x6B, 0x04, 0x2B, 0x6B, 0x2B, 0x12, 0x00, 0x86, 0x02, 0x00, 0x10, 0x8C, 0x2B, 0x03, 0x10, 
	0x04, 0x02, 0x04, 0x82, 0x2B, 0x07, 0x6B, 0x2B, 0x12, 0x02, 0x06, 0x06, 0x02, 0x06, 0x83, 0x02, 
	0x81, 0x06, 0x05, 0x04, 0x04, 0x59, 0x5C, 0x5C, 0x59, 0x86, 0x5C, 0x84, 0x5B, 0x03, 0x5C, 0x59, 
	0x67, 0x67, 0x81, 0x62, 0x01, 0x67, 0x2C, 0x83, 0x62, 0x04, 0x63, 0x02, 0x02, 0x06, 0x06, 0x81, 
	0x02, 0x05, 0x04, 0x04, 0x06, 0x28, 0xC1, 0xC1, 0x84, 0xCC, 0x01, 0xC4, 0xCC, 0x84, 0xC9, 0x28, 
	0xCB, 0xC1, 0x28, 0x02, 0x04, 0x02, 0x4B, 0x55, 0x06, 0x56, 0x38, 0x0F, 0x7C, 0x00, 0x56, 0x52, 
	0x03, 0xA0, 0x07, 0x6E, 0x77, 0x08, 0x76, 0x36, 0x19, 0x1A, 0x00, 0x3B, 0x33, 0x80, 0x81, 0x3F, 
	0x87, 0x7F, 0x39, 0x7A, 0x00, 0x7D, 0x4D, 0x4F, 0xA4, 0x85, 0x02, 0x80, 0x00, 0x05, 0x05, 0x05, 
	0x0E, 0x2F, 0x13, 0x0C, 0x05, 0x13, 0x13, 0x2E, 0x0E, 0x05, 0x0C, 0x81, 0x00, 0x84, 0x02, 0x0B, 
	0x2C, 0x02, 0x12, 0x1E, 0x00, 0x12, 0x02, 0x02, 0x04, 0x02, 0x04, 0x04, 0x81, 0x02, 0x81, 0x00, 
	0x89, 0x02, 0x82, 0x00, 0x82, 0x02, 0x00, 0x06, 0x85, 0x02, 0x00, 0x00, 0x81, 0x02, 0x80, 0x04, 
	0x80, 0x02, 0x81, 0x00, 0x80, 0x02, 0x00, 0x06, 0x86, 0x02, 0x00, 0x06, 0x90, 0x02, 0x82, 0x00, 
	0x00, 0x02, 0x80, 0x04, 0x06, 0x02, 0x04, 0x02, 0x04, 0x04, 0x02, 0x02, 0x82, 0x00, 0x00, 0x02, 
	0x80, 0x00, 0x81, 0x02, 0x04, 0x04, 0x02, 0x02, 0x06, 0x02, 0x82, 0x00, 0x03, 0x02, 0x06, 0x04, 
	0x06, 0x80, 0x02, 0x06, 0x04, 0x02, 0x04, 0x04, 0x02, 0x06, 0x02, 0x80, 0x00, 0x81, 0x02, 0x81, 
	0x04, 0x88, 0x02, 0x0B, 0x04, 0x04, 0x06, 0x06, 0x02, 0x06, 0x04, 0x04, 0x06, 0x04, 0x04, 0x06, 
	0x82, 0x00, 0x00, 0x02, 0x81, 0x04, 0x8B, 0x02, 0x80, 0x00, 0x89, 0x02, 0x04, 0x06, 0x02, 0x02, 
	0x00, 0x00, 0x8F, 0x02, 0x01, 0x06, 0x02, 0x81, 0x04, 0x03, 0x06, 0x06, 0x02, 0x00, 0x81, 0x02, 
	0x10, 0x04, 0x02, 0x04, 0x06, 0x06, 0x02, 0x00, 0x3E, 0x6D, 0x1A, 0x3E, 0x3A, 0x80, 0x81, 0x37, 
	0x07, 0x03, 0x81, 0x00, 0x02, 0x02, 0x02, 0x07, 0x85, 0x02, 0x80, 0x00, 0x05, 0x0C, 0x05, 0x13, 
	0x2F, 0x13, 0x0E, 0x05, 0x0E, 0x13, 0x2F, 0x0C, 0x05, 0x05, 0x82, 0x00, 0x8A, 0x02, 0x00, 0x00, 
	0x8B, 0x02, 0x00, 0x04, 0x80, 0x02, 0x00, 0x04, 0x80, 0x02, 0x83, 0x00, 0xB4, 0x02, 0x08, 0x06, 
	0x02, 0x02, 0x00, 0x00, 0x02, 0x02, 0x04, 0x02, 0x81, 0x00, 0x02, 0x06, 0x04, 0x0A, 0x80, 0x04, 
	0x03, 0x0A, 0x04, 0x04, 0x02, 0x82, 0x00, 0x80, 0x02, 0x04, 0x00, 0x00, 0x02, 0x02, 0x04, 0x80, 
	0x0A, 0x02, 0x04, 0x04, 0x06, 0x82, 0x00, 0x04, 0x02, 0x04, 0x06, 0x00, 0x00, 0x80, 0x02, 0x02, 
	0x0A, 0x0A, 0x02, 0x81, 0x00, 0x84, 0x02, 0x80, 0x0A, 0x80, 0x04, 0x81, 0x02, 0x08, 0x00, 0x00, 
	0x02, 0x04, 0x04, 0x02, 0x02, 0x00, 0x02, 0x80, 0x04, 0x03, 0x02, 0x04, 0x04, 0x06, 0x82, 0x00, 
	0x04, 0x02, 0x04, 0x0A, 0x04, 0x04, 0x86, 0x02, 0x80, 0x06, 0x9D, 0x02, 0x00, 0x06, 0x85, 0x02, 
	0x81, 0x04, 0x04, 0x02, 0x04, 0x02, 0x06, 0x06, 0x81, 0x02, 0x00, 0x06, 0x80, 0x02, 0x0B, 0x06, 
	0x06, 0x03, 0x78, 0x80, 0x3F, 0x80, 0x6E, 0x75, 0x79, 0x36, 0x04, 0x8D, 0x02, 0x80, 0x00, 0x05, 
	0x05, 0x05, 0x13, 0x2F, 0x13, 0x0E, 0x05, 0x13, 0x13, 0x2E, 0x0C, 0x0C, 0x0E, 0x82, 0x00, 0x8E, 
	0x02, 0x06, 0x06, 0x06, 0x02, 0x00, 0x02, 0x00, 0x00, 0x80, 0x02, 0x10, 0x04, 0x04, 0x12, 0x0B, 
	0x10, 0x1E, 0x04, 0x28, 0x0B, 0x04, 0x28, 0x00, 0x2D, 0x28, 0x02, 0x44, 0x0B, 0x80, 0x04, 0x8F, 
	0x02, 0x03, 0x06, 0x02, 0x04, 0x04, 0x97, 0x02, 0x24, 0x06, 0x06, 0x02, 0x02, 0x69, 0xDC, 0x00, 
	0x00, 0x02, 0x02, 0x00, 0x31, 0xE1, 0xE1, 0x68, 0x6A, 0xE1, 0xE1, 0x69, 0x69, 0x68, 0x04, 0xDC, 
	0x68, 0x9B, 0x00, 0x6A, 0x69, 0xDC, 0x0C, 0x02, 0x02, 0x00, 0x69, 0xDC, 0x31, 0x30, 0x80, 0xDE, 
	0x22, 0x68, 0xE1, 0xDE, 0xDE, 0x31, 0x69, 0xDE, 0xDC, 0x00, 0xDC, 0x2F, 0x2F, 0xDC, 0x00, 0x02, 
	0x02, 0x04, 0xDC, 0xE0, 0xDE, 0x6A, 0x69, 0x6A, 0x02, 0xDC, 0x68, 0x04, 0x04, 0x02, 0x02, 0x0C, 
	0xDE, 0xDE, 0xB8, 0x04, 0x82, 0x02, 0x1B, 0xDC, 0xE1, 0x69, 0x00, 0x69, 0xE1, 0xDC, 0x00, 0xDC, 
	0x04, 0x68, 0xDC, 0x69, 0x68, 0x0A, 0xDC, 0x15, 0x68, 0xDC, 0x6A, 0x06, 0xDC, 0x00, 0x68, 0x69, 
	0x0A, 0x04, 0x04, 0x82, 0x02, 0x0A, 0x06, 0x02, 0x02, 0x06, 0x04, 0x06, 0x02, 0x02, 0x06, 0x02, 
	0x06, 0x81, 0x02, 0x04, 0x04, 0x06, 0x02, 0x04, 0x04, 0x97, 0x02, 0x20, 0x00, 0x4F, 0x0F, 0x23, 
	0x4B, 0x04, 0x4B, 0x24, 0x04, 0x27, 0x06, 0x0F, 0x0F, 0x02, 0x0F, 0x02, 0x03, 0x07, 0x04, 0x07, 
	0x07, 0x80, 0x81, 0x3C, 0x81, 0x77, 0x00, 0x00, 0x02, 0x02, 0x06, 0x04, 0x04, 0x8A, 0x02, 0x80, 
	0x00, 0x05, 0x05, 0x05, 0x0C, 0x2F, 0x13, 0x05, 0x05, 0x13, 0x13, 0x2E, 0x0C, 0x05, 0x0C, 0x80, 
	0x00, 0x84, 0x02, 0x26, 0x10, 0xC2, 0x02, 0x63, 0x63, 0x02, 0xC2, 0x0B, 0x60, 0x65, 0x02, 0xC6, 
	0x2B, 0x59, 0xC5, 0x02, 0xC1, 0x5B, 0x28, 0xC7, 0x00, 0x65, 0x65, 0x0B, 0xCF, 0x28, 0x64, 0xC5, 
	0x0A, 0xC7, 0x59, 0x44, 0xC7, 0x00, 0xC1, 0x66, 0x0B, 0xCF, 0x1E, 0x80, 0x04, 0x8B, 0x02, 0x02, 
	0x04, 0x02, 0x06, 0x80, 0x02, 0x03, 0x04, 0x04, 0x02, 0x06, 0x98, 0x02, 0x67, 0x31, 0xF4, 0xF3, 
	0x69, 0x00, 0x02, 0x00, 0x00, 0xDE, 0xDF, 0xE0, 0xF2, 0x6A, 0xF2, 0xF3, 0xDC, 0xDF, 0xF2, 0x69, 
	0xFE, 0x69, 0xF4, 0x00, 0xE1, 0xDE, 0xF9, 0x16, 0x04, 0x02, 0x68, 0xF4, 0xF2, 0xDC, 0x30, 0xDE, 
	0xFE, 0xDE, 0x68, 0xDC, 0xF9, 0xDE, 0x68, 0xF4, 0xDE, 0xDF, 0xDC, 0xF9, 0xE1, 0x30, 0xF3, 0x00, 
	0x02, 0x04, 0x0A, 0xF4, 0xDF, 0xE1, 0xF2, 0xDE, 0xDC, 0x02, 0xF2, 0x69, 0x0A, 0x04, 0x02, 0x02, 
	0x03, 0xDE, 0xFE, 0x9B, 0x04, 0x02, 0x04, 0x02, 0x02, 0xDC, 0xE8, 0xDE, 0xF4, 0x6A, 0xF2, 0xE0, 
	0xF2, 0xDC, 0xF9, 0xDC, 0x69, 0xF3, 0xF2, 0x69, 0x04, 0xF9, 0x31, 0xDF, 0xDF, 0xF2, 0x2E, 0xFF, 
	0x00, 0x69, 0xF2, 0x04, 0x04, 0x82, 0x02, 0x00, 0x04, 0x81, 0x02, 0x05, 0x06, 0x06, 0x02, 0x02, 
	0x06, 0x04, 0x83, 0x02, 0x08, 0x06, 0x04, 0x02, 0x06, 0x02, 0x04, 0x04, 0x02, 0x04, 0x87, 0x02, 
	0x05, 0x04, 0x04, 0x02, 0x02, 0x06, 0x06, 0x82, 0x02, 0x25, 0x00, 0xB9, 0x27, 0x50, 0xB6, 0x04, 
	0xB6, 0x57, 0x03, 0xB9, 0x06, 0xB5, 0xA0, 0x00, 0xB9, 0x23, 0x7D, 0x7D, 0x03, 0x7B, 0x36, 0x78, 
	0x81, 0x3C, 0x81, 0x77, 0x1A, 0x3B, 0x00, 0x53, 0x3D, 0x1A, 0x7A, 0x03, 0x53, 0x39, 0x19, 0x7D, 
	0x85, 0x02, 0x80, 0x00, 0x05, 0x0C, 0x05, 0x0E, 0x2F, 0x13, 0x0C, 0x05, 0x13, 0x13, 0x2F, 0x05, 
	0x05, 0x0C, 0x80, 0x00, 0x84, 0x02, 0x29, 0x10, 0x65, 0x02, 0x5A, 0x5B, 0x02, 0x63, 0x04, 0x59, 
	0x5A, 0x02, 0x5E, 0x1E, 0x28, 0x5B, 0x02, 0x59, 0x28, 0x0B, 0x59, 0x00, 0x2D, 0x2D, 0x04, 0x2B, 
	0x0B, 0x12, 0x28, 0x02, 0x11, 0x02, 0x02, 0x0B, 0x00, 0x02, 0x02, 0x04, 0x0B, 0x0A, 0x04, 0x04, 
	0x06, 0x91, 0x02, 0x80, 0x04, 0x00, 0x06, 0x96, 0x02, 0x06, 0x00, 0x00, 0xF2, 0x69, 0x68, 0xF3, 
	0x02, 0x80, 0x00, 0x2A, 0xF2, 0x6A, 0x2E, 0x9B, 0x00, 0xDC, 0xDF, 0x04, 0xDF, 0xF3, 0xF3, 0xFE, 
	0x69, 0xF4, 0x00, 0xE1, 0xDE, 0xF9, 0x16, 0x04, 0x02, 0xF2, 0xDC, 0x31, 0xF3, 0x31, 0x00, 0xF9, 
	0x13, 0x0A, 0x0A, 0xF3, 0x30, 0x68, 0xF4, 0x00, 0xE1, 0xDE, 0xFF, 0xF2, 0xDC, 0xF3, 0x06, 0x80, 
	0x04, 0x11, 0xF4, 0xDC, 0x68, 0xF3, 0x69, 0xF2, 0x69, 0xF2, 0x68, 0x04, 0x04, 0x02, 0x02, 0x06, 
	0x0C, 0xF9, 0x04, 0x04, 0x81, 0x02, 0x21, 0xDE, 0xDE, 0x00, 0x6A, 0x6A, 0xF4, 0x00, 0xE1, 0xE1, 
	0xF9, 0xF2, 0xE1, 0xF3, 0xF2, 0x9B, 0x02, 0xFF, 0xDC, 0xF2, 0x0C, 0xE8, 0x69, 0xF4, 0x69, 0xE0, 
	0xE0, 0x02, 0x02, 0x06, 0x04, 0x04, 0x02, 0x02, 0x04, 0x83, 0x02, 0x80, 0x04, 0x89, 0x02, 0x03, 
	0x04, 0x02, 0x02, 0x04, 0x80, 0x02, 0x0A, 0x50, 0x57, 0x43, 0x58, 0x55, 0x4B, 0x55, 0x4B, 0x06, 
	0x02, 0x04, 0x85, 0x02, 0x02, 0x00, 0x02, 0x06, 0x82, 0x02, 0x1C, 0x03, 0x02, 0x0F, 0x0F, 0x06, 
	0x23, 0x04, 0x19, 0x23, 0x02, 0x1A, 0x08, 0x37, 0x3B, 0x1A, 0x3B, 0x3A, 0x08, 0x1A, 0x06, 0x36, 
	0x36, 0x19, 0x3D, 0x02, 0x39, 0x36, 0x19, 0x53, 0x85, 0x02, 0x80, 0x00, 0x05, 0x13, 0x05, 0x0E, 
	0x2F, 0x13, 0x0E, 0x02, 0x13, 0x13, 0x2F, 0x80, 0x05, 0x80, 0x00, 0x97, 0x02, 0x01, 0x00, 0x00, 
	0x81, 0x02, 0x01, 0x04, 0x04, 0x80, 0x02, 0x82, 0x00, 0x00, 0x02, 0x82, 0x04, 0x00, 0x06, 0x92, 
	0x02, 0x04, 0x04, 0x04, 0x02, 0x02, 0x04, 0x8E, 0x02, 0x02, 0x06, 0x04, 0x04, 0x80, 0x02, 0x33, 
	0x00, 0x00, 0xF2, 0xF3, 0xF4, 0xF9, 0x02, 0x02, 0x00, 0x00, 0x68, 0xF9, 0xF9, 0xE0, 0x00, 0xDC, 
	0xDF, 0x0A, 0xDF, 0xDC, 0xDC, 0xF3, 0x69, 0xF4, 0x00, 0xE1, 0xDE, 0xF9, 0x16, 0x04, 0x04, 0xF2, 
	0xF3, 0xF2, 0xF9, 0x2E, 0x00, 0xF9, 0x13, 0x0A, 0x0A, 0xF3, 0x47, 0x68, 0xF3, 0x02, 0xE1, 0xDE, 
	0xF3, 0x69, 0xF4, 0xFF, 0x81, 0x04, 0x07, 0xF4, 0xF9, 0xF3, 0xE0, 0x02, 0xDC, 0xF3, 0x69, 0x80, 
	0x06, 0x24, 0x02, 0x02, 0x00, 0x04, 0xF9, 0x04, 0x02, 0x02, 0x06, 0x02, 0x04, 0xDE, 0xDE, 0x02, 
	0x00, 0x6A, 0xF4, 0x00, 0xE1, 0xE1, 0xF9, 0xDC, 0xF4, 0xF3, 0xF2, 0xDC, 0xDC, 0xF9, 0xDC, 0xF9, 
	0xF2, 0xF9, 0x69, 0x6A, 0xF2, 0xE0, 0x06, 0x80, 0x02, 0x80, 0x04, 0x0E, 0x02, 0x04, 0x06, 0x02, 
	0x04, 0x02, 0x04, 0x02, 0x04, 0x55, 0x58, 0x04, 0x92, 0x50, 0x00, 0x80, 0x02, 0x00, 0x06, 0x80, 
	0x02, 0x82, 0x04, 0x80, 0x02, 0x07, 0xA5, 0xB4, 0x92, 0xB1, 0xB1, 0xA2, 0xB4, 0xA5, 0x85, 0x02, 
	0x01, 0x04, 0x04, 0x80, 0x02, 0x00, 0x06, 0x89, 0x02, 0x00, 0x06, 0x83, 0x02, 0x0C, 0x33, 0x89, 
	0x6E, 0x03, 0x02, 0x02, 0x06, 0x02, 0x02, 0x06, 0x06, 0x02, 0x06, 0x87, 0x02, 0x80, 0x00, 0x05, 
	0x17, 0x05, 0x0C, 0x2F, 0x13, 0x0C, 0x05, 0x13, 0x13, 0x2F, 0x0C, 0x05, 0x05, 0x80, 0x00, 0x93, 
	0x02, 0x00, 0x06, 0x81, 0x02, 0x01, 0x00, 0x00, 0x82, 0x02, 0x02, 0x04, 0x04, 0x06, 0x81, 0x00, 
	0x00, 0x06, 0x83, 0x04, 0x85, 0x02, 0x00, 0x06, 0x82, 0x04, 0x85, 0x02, 0x19, 0x0A, 0x0A, 0x04, 
	0x0D, 0x04, 0x02, 0x0A, 0x02, 0x0A, 0x02, 0x02, 0x0D, 0x02, 0x0A, 0x0D, 0x06, 0x0D, 0x0D, 0x00, 
	0x0D, 0x02, 0x02, 0x1C, 0x04, 0x0D, 0x0D, 0x81, 0x02, 0x03, 0xF2, 0xDC, 0x69, 0xF9, 0x80, 0x04, 
	0x5E, 0x02, 0x69, 0x31, 0x13, 0xFE, 0x00, 0xDC, 0xDF, 0x04, 0xDF, 0xDC, 0x0A, 0xF3, 0x69, 0xF3, 
	0x00, 0xDE, 0xDE, 0xF9, 0x16, 0x0A, 0x0A, 0xF2, 0xE1, 0x69, 0xF9, 0x2F, 0x00, 0xF9, 0x13, 0x04, 
	0x04, 0xF3, 0x47, 0x68, 0xF3, 0x04, 0xE1, 0xDE, 0xF3, 0x31, 0xDE, 0xF3, 0x02, 0x04, 0x04, 0x0A, 
	0xF4, 0xB8, 0x0C, 0xF9, 0x04, 0x0C, 0xFF, 0x00, 0x00, 0x02, 0x02, 0x00, 0x68, 0x68, 0x06, 0xF9, 
	0x0C, 0x04, 0x04, 0x02, 0x02, 0x0A, 0xDE, 0xDE, 0x02, 0xDC, 0x69, 0xF4, 0x00, 0xE1, 0xE1, 0xF9, 
	0x0E, 0xF2, 0xF4, 0xF2, 0xF3, 0xF2, 0xFE, 0xDC, 0xF4, 0x69, 0xF2, 0x69, 0x00, 0xE8, 0x69, 0x00, 
	0x81, 0x02, 0x1C, 0x0D, 0x20, 0x04, 0x1D, 0x1D, 0x02, 0x1D, 0x0D, 0x0A, 0x1C, 0x1D, 0xB1, 0xB3, 
	0xA2, 0xB3, 0xA5, 0x00, 0x0D, 0x02, 0x0A, 0x03, 0x02, 0x03, 0x0A, 0x04, 0x03, 0x04, 0x04, 0x0A, 
	0x80, 0x02, 0x0A, 0xA5, 0xB4, 0xA2, 0xB4, 0xB4, 0xA2, 0xB4, 0xA5, 0x02, 0x00, 0x00, 0x80, 0x02, 
	0x03, 0x04, 0x0A, 0x04, 0x0A, 0x83, 0x02, 0x02, 0x06, 0x02, 0x06, 0x84, 0x04, 0x03, 0x06, 0x06, 
	0x02, 0x02, 0x80, 0x06, 0x06, 0x32, 0x80, 0x79, 0x03, 0x06, 0x06, 0x02, 0x80, 0x06, 0x02, 0x02, 
	0x04, 0x06, 0x87, 0x02, 0x80, 0x00, 0x80, 0x05, 0x02, 0x2F, 0x13, 0x0E, 0x02, 0x13, 0x13, 0x2F, 
	0x80, 0x05, 0x80, 0x00, 0x84, 0x02, 0x59, 0x0B, 0x44, 0x02, 0x2B, 0x2B, 0x02, 0x5D, 0x04, 0x2C, 
	0x59, 0x02, 0x5B, 0x10, 0x2D, 0x5B, 0x06, 0x5B, 0x2B, 0x28, 0x64, 0x02, 0x5B, 0x59, 0x00, 0x65, 
	0x10, 0x59, 0x63, 0x04, 0x65, 0x2C, 0x44, 0x97, 0x02, 0x65, 0x60, 0x10, 0xC5, 0x1E, 0x63, 0x65, 
	0x02, 0xC1, 0x5A, 0x2D, 0xC5, 0x02, 0x65, 0x97, 0x04, 0xC7, 0x44, 0x5A, 0xC7, 0x06, 0xC2, 0x63, 
	0x00, 0xCE, 0x1E, 0x5D, 0x98, 0x02, 0x96, 0x96, 0x1C, 0x9C, 0x41, 0x49, 0x99, 0x02, 0x96, 0x49, 
	0x02, 0x9A, 0x21, 0x48, 0x9A, 0x0A, 0x8D, 0x49, 0x02, 0x9A, 0x21, 0x21, 0x9A, 0x02, 0x49, 0x8D, 
	0x04, 0x80, 0x02, 0x03, 0xF2, 0x69, 0x02, 0xF9, 0x80, 0x04, 0x2A, 0x0A, 0xE0, 0xDF, 0xDF, 0xF4, 
	0x6A, 0xF2, 0xF3, 0xDC, 0xE8, 0xDC, 0x0A, 0xF3, 0x69, 0xF2, 0xDF, 0xF2, 0xDC, 0xF9, 0xDF, 0xDF, 
	0xE1, 0xF2, 0xDC, 0x00, 0xF9, 0x2F, 0x00, 0xFF, 0x17, 0x02, 0xDE, 0xFE, 0xE8, 0x68, 0xF4, 0xF2, 
	0xF2, 0x69, 0xF3, 0x31, 0x68, 0xF3, 0x80, 0x02, 0x30, 0x04, 0xF4, 0xF3, 0xF2, 0xF2, 0x0A, 0x0C, 
	0xF9, 0x00, 0x00, 0x02, 0x06, 0x00, 0x69, 0xF4, 0xE8, 0xF2, 0x0C, 0xDF, 0x0C, 0x02, 0x02, 0x0A, 
	0xB8, 0xF4, 0xE8, 0xF2, 0x6A, 0xF2, 0xE8, 0xF2, 0x69, 0xF9, 0x0C, 0x6A, 0xF4, 0xF2, 0xDF, 0x69, 
	0xFE, 0xDC, 0xF2, 0x04, 0xE8, 0x69, 0x00, 0xE8, 0x69, 0x00, 0x81, 0x02, 0x57, 0x49, 0x93, 0x02, 
	0xA6, 0xA2, 0x02, 0xBF, 0x51, 0x43, 0x9D, 0x0D, 0xA6, 0xA6, 0x27, 0xA5, 0x92, 0x1C, 0x9A, 0x0A, 
	0x57, 0xB6, 0x02, 0xA6, 0x57, 0x23, 0xBC, 0x03, 0xA2, 0xA6, 0x02, 0xA5, 0x58, 0xA5, 0xB4, 0xA2, 
	0xB4, 0xB4, 0xA2, 0xB4, 0xA6, 0x50, 0xA3, 0x00, 0xA2, 0x57, 0x23, 0xBC, 0x1D, 0x58, 0xA1, 0x04, 
	0xA3, 0x51, 0x26, 0xA1, 0x00, 0xA0, 0x55, 0x03, 0xB5, 0x0A, 0x7C, 0x57, 0x02, 0xA0, 0x23, 0x52, 
	0x56, 0x00, 0x4D, 0x25, 0x1A, 0x3D, 0x32, 0x81, 0x79, 0x19, 0x39, 0x02, 0x37, 0x38, 0x08, 0x39, 
	0x02, 0x36, 0x25, 0x03, 0x39, 0x85, 0x02, 0x80, 0x00, 0x05, 0x05, 0x05, 0x0C, 0x2F, 0x13, 0x0C, 
	0x02, 0x0E, 0x13, 0x2F, 0x80, 0x05, 0x81, 0x00, 0x83, 0x02, 0x60, 0x2D, 0xCA, 0x02, 0x65, 0x64, 
	0x10, 0xC5, 0x04, 0x63, 0x64, 0x02, 0xC1, 0x28, 0x59, 0x65, 0x06, 0x65, 0x59, 0x2A, 0xC1, 0x04, 
	0x63, 0x5B, 0x00, 0x65, 0x10, 0x59, 0x63, 0x04, 0x64, 0x2C, 0x2C, 0x65, 0x04, 0x60, 0x5A, 0x0B, 
	0x64, 0x11, 0x59, 0x5B, 0x00, 0x5E, 0x2A, 0x12, 0x60, 0x06, 0x59, 0x5A, 0x04, 0x60, 0x28, 0x29, 
	0x5D, 0x02, 0x44, 0x2A, 0x02, 0x5D, 0x04, 0x1E, 0x45, 0x02, 0x2A, 0x21, 0x0D, 0x46, 0x0D, 0x20, 
	0x21, 0x02, 0x22, 0x1C, 0x02, 0x22, 0x0A, 0x0D, 0x22, 0x04, 0x1C, 0x0D, 0x00, 0x0D, 0x02, 0x02, 
	0x0D, 0x00, 0x0D, 0x0A, 0x02, 0x04, 0x02, 0x04, 0xB8, 0x68, 0x04, 0xDC, 0x81, 0x04, 0x29, 0x31, 
	0xDC, 0xDC, 0x68, 0x68, 0xDC, 0xDC, 0x69, 0x69, 0x68, 0x0A, 0x8A, 0x30, 0x6A, 0xDC, 0x69, 0x00, 
	0x69, 0xDC, 0xDC, 0x69, 0x69, 0x68, 0x02, 0xB8, 0x13, 0x00, 0x69, 0x06, 0x00, 0x69, 0xDC, 0xDC, 
	0x15, 0x6A, 0xDC, 0x69, 0x04, 0x69, 0x14, 0x2F, 0x69, 0x80, 0x02, 0x07, 0x04, 0x69, 0xDC, 0xDC, 
	0x68, 0x04, 0x0C, 0x69, 0x80, 0x00, 0x08, 0x02, 0x00, 0x00, 0x69, 0xDC, 0x68, 0x02, 0x69, 0x0A, 
	0x80, 0x02, 0x19, 0x04, 0x69, 0xDC, 0x6A, 0x00, 0x6A, 0xDC, 0x69, 0x00, 0xDC, 0x06, 0x30, 0xB8, 
	0x69, 0x68, 0x06, 0xDC, 0x6A, 0x69, 0x0A, 0x69, 0x68, 0x02, 0x69, 0x68, 0x00, 0x80, 0x02, 0x0A, 
	0x00, 0x0A, 0x0D, 0x04, 0x1D, 0x1D, 0x02, 0x1D, 0x0D, 0x0D, 0x20, 0x80, 0x0A, 0x4B, 0x02, 0x04, 
	0x02, 0x02, 0x20, 0x0A, 0x1D, 0x27, 0x02, 0x26, 0x24, 0x0A, 0x51, 0x02, 0x26, 0x4B, 0x02, 0x51, 
	0x26, 0x50, 0x57, 0x4B, 0x57, 0x57, 0x51, 0xA2, 0x50, 0x26, 0x55, 0x00, 0x50, 0x4F, 0x0F, 0x9F, 
	0x0F, 0x51, 0x58, 0x04, 0x57, 0x26, 0x27, 0x57, 0x00, 0x58, 0x4F, 0x03, 0x9F, 0x03, 0x56, 0x56, 
	0x02, 0x9F, 0x23, 0x4F, 0x56, 0x00, 0x53, 0x38, 0x36, 0x3E, 0x1A, 0x79, 0x6D, 0x1A, 0x3E, 0x02, 
	0x4D, 0x4D, 0x19, 0x7A, 0x03, 0x53, 0x4D, 0x07, 0x7E, 0x03, 0x84, 0x02, 0x80, 0x00, 0x05, 0x05, 
	0x05, 0x0C, 0x2F, 0x13, 0x0C, 0x02, 0x13, 0x13, 0x2F, 0x80, 0x05, 0x81, 0x00, 0x84, 0x02, 0x00, 
	0x04, 0x86, 0x02, 0x0A, 0x06, 0x02, 0x00, 0x02, 0x02, 0x06, 0x06, 0x02, 0x04, 0x04, 0x02, 0x83, 
	0x00, 0x82, 0x02, 0x05, 0x00, 0x02, 0x0A, 0x0A, 0x04, 0x02, 0x82, 0x00, 0x80, 0x02, 0x00, 0x04, 
	0x8C, 0x02, 0x05, 0x8E, 0x8F, 0x48, 0x8E, 0x46, 0x00, 0x85, 0x02, 0x00, 0x04, 0x83, 0x02, 0x82, 
	0x00, 0x07, 0x02, 0x02, 0x04, 0x04, 0x0A, 0x02, 0x04, 0x0A, 0x80, 0x04, 0x02, 0x02, 0x04, 0x02, 
	0x84, 0x00, 0x08, 0x02, 0x02, 0x04, 0x0A, 0x04, 0x06, 0x00, 0x02, 0x02, 0x80, 0x04, 0x02, 0x0A, 
	0x0A, 0x02, 0x84, 0x00, 0x02, 0x06, 0x04, 0x04, 0x80, 0x0A, 0x03, 0x04, 0x02, 0x00, 0x00, 0x81, 
	0x02, 0x00, 0x06, 0x81, 0x04, 0x02, 0x02, 0x04, 0x04, 0x83, 0x02, 0x01, 0x00, 0x00, 0x84, 0x02, 
	0x81, 0x04, 0x00, 0x02, 0x80, 0x00, 0x00, 0x02, 0x83, 0x00, 0x01, 0x02, 0x04, 0x82, 0x0A, 0x00, 
	0x06, 0x85, 0x00, 0x83, 0x02, 0x0B, 0x04, 0x92, 0xB0, 0x57, 0x21, 0x46, 0x02, 0x00, 0x02, 0x92, 
	0xB0, 0x58, 0x81, 0x02, 0x03, 0x06, 0x02, 0x00, 0x00, 0x81, 0x02, 0x08, 0x0A, 0xA1, 0xB1, 0x57, 
	0xB1, 0xAE, 0x58, 0xA5, 0x92, 0x82, 0x00, 0x02, 0x02, 0x02, 0x0A, 0x80, 0x04, 0x8C, 0x02, 0x03, 
	0x00, 0x02, 0x02, 0x06, 0x80, 0x02, 0x02, 0x06, 0x02, 0x02, 0x81, 0x06, 0x8D, 0x02, 0x80, 0x00, 
	0x05, 0x05, 0x0C, 0x0E, 0x2F, 0x13, 0x0E, 0x02, 0x13, 0x13, 0x2F, 0x80, 0x05, 0x81, 0x00, 0x8B, 
	0x02, 0x00, 0x00, 0x82, 0x02, 0x00, 0x00, 0x82, 0x02, 0x0A, 0x04, 0x02, 0x02, 0x00, 0x00, 0x02, 
	0xDF, 0xE0, 0x2A, 0xC3, 0xF4, 0x80, 0xFE, 0x04, 0xCD, 0x5A, 0x04, 0x02, 0x02, 0x82, 0x00, 0x04, 
	0x02, 0x04, 0x02, 0x04, 0x04, 0x81, 0x02, 0x01, 0x06, 0x02, 0x80, 0x00, 0x80, 0x02, 0x0C, 0x04, 
	0x0A, 0x9C, 0x90, 0x8F, 0x95, 0x94, 0x90, 0x8E, 0x00, 0x00, 0x02, 0x02, 0x80, 0x04, 0x81, 0x02, 
	0x02, 0x04, 0x04, 0x06, 0x83, 0x00, 0x03, 0x06, 0x04, 0x04, 0x0A, 0x86, 0x04, 0x01, 0x02, 0x02, 
	0x84, 0x00, 0x00, 0x02, 0x80, 0x04, 0x03, 0x02, 0x04, 0x04, 0x0A, 0x80, 0x04, 0x02, 0x0A, 0x04, 
	0x02, 0x83, 0x00, 0x01, 0x02, 0x02, 0x81, 0x0A, 0x01, 0x04, 0x02, 0x83, 0x00, 0x09, 0x02, 0x02, 
	0x0A, 0x0A, 0x04, 0x02, 0x02, 0x04, 0x02, 0x06, 0x82, 0x02, 0x80, 0x00, 0x80, 0x02, 0x08, 0x04, 
	0x03, 0x04, 0x02, 0x04, 0x04, 0x03, 0x04, 0x02, 0x86, 0x00, 0x00, 0x02, 0x80, 0x04, 0x02, 0x03, 
	0x04, 0x04, 0x81, 0x02, 0x82, 0x00, 0x10, 0x02, 0x04, 0x04, 0x02, 0x0A, 0x0A, 0xA2, 0xB3, 0xA2, 
	0x91, 0x9C, 0x1C, 0x00, 0x02, 0xA6, 0xB3, 0xA2, 0x80, 0x0A, 0x01, 0x02, 0x02, 0x82, 0x00, 0x14, 
	0x02, 0x02, 0x0A, 0xA5, 0xB4, 0xA2, 0xB4, 0xB4, 0xA2, 0xB4, 0xA5, 0x00, 0x02, 0x02, 0x00, 0x00, 
	0x02, 0x04, 0x0A, 0x0A, 0x04, 0x85, 0x02, 0x00, 0x06, 0x91, 0x02, 0x00, 0x06, 0x8D, 0x02, 0x80, 
	0x00, 0x80, 0x05, 0x02, 0x2F, 0x13, 0x05, 0x02, 0x13, 0x13, 0x2F, 0x80, 0x05, 0x80, 0x00, 0x8C, 
	0x02, 0x00, 0x00, 0x86, 0x02, 0x0C, 0x04, 0x0B, 0x04, 0x0B, 0x04, 0x00, 0x0B, 0x1F, 0xF4, 0xEB, 
	0x44, 0xC8, 0xF8, 0x80, 0xFD, 0x7F, 0xE6, 0x66, 0x0B, 0x28, 0x00, 0x02, 0x02, 0x00, 0x59, 0x29, 
	0x1E, 0x60, 0x0A, 0x59, 0x59, 0x04, 0x60, 0x1E, 0x2A, 0x60, 0x00, 0x5A, 0x44, 0x00, 0x61, 0x0B, 
	0x41, 0x49, 0x04, 0x9E, 0x90, 0x8F, 0x95, 0x8F, 0x8F, 0x90, 0x02, 0x46, 0x41, 0x0A, 0x49, 0x1C, 
	0x41, 0x49, 0x02, 0x48, 0x46, 0x0D, 0x8D, 0x22, 0x21, 0x49, 0x00, 0x46, 0x48, 0x00, 0x8D, 0x41, 
	0x0D, 0x8E, 0x0A, 0x46, 0x8D, 0x0A, 0x49, 0x49, 0x0A, 0x8D, 0x41, 0x0D, 0x8D, 0x0A, 0x46, 0x49, 
	0x00, 0x48, 0x46, 0x00, 0x8D, 0x21, 0x22, 0x8E, 0x0D, 0x46, 0x8F, 0x0A, 0x8F, 0x48, 0x0A, 0x8E, 
	0x41, 0x41, 0x8D, 0x00, 0x48, 0x49, 0x00, 0x49, 0x46, 0x0A, 0x8E, 0x41, 0x41, 0x8E, 0x0A, 0x46, 
	0x8D, 0x02, 0x00, 0x00, 0x02, 0x8E, 0x21, 0x22, 0x8E, 0x0D, 0x46, 0x8F, 0x02, 0x49, 0x48, 0x04, 
	0x04, 0x02, 0x20, 0x93, 0x0A, 0x55, 0x70, 0x92, 0x00, 0x92, 0x54, 0x0A, 0xA6, 0x43, 0x43, 0x92, 
	0x0A, 0x49, 0x91, 0x04, 0x92, 0x51, 0x00, 0x93, 0x1D, 0x46, 0x91, 0x00, 0x48, 0x49, 0x00, 0x91, 
	0x43, 0x0D, 0x91, 0x0D, 0x54, 0x92, 0x04, 0x54, 0x54, 0x02, 0x92, 0x27, 0x26, 0x91, 0x02, 0x58, 
	0x57, 0x0A, 0x92, 0x43, 0xA2, 0xB3, 0xA2, 0x91, 0x94, 0x1C, 0x54, 0x43, 0xA6, 0xB4, 0xA2, 0x43, 
	0x54, 0x0A, 0x92, 0x50, 0x06, 0x92, 0x0A, 0x50, 0x58, 0x02, 0x58, 0x4E, 0xA5, 0xB4, 0xA2, 0xB4, 
	0xB3, 0xA2, 0xB4, 0xA5, 0x26, 0x56, 0x02, 0x50, 0x4C, 0x02, 0x55, 0x0D, 0x26, 0x50, 0x0A, 0x4F, 
	0x27, 0x0F, 0x4B, 0x04, 0x27, 0x23, 0x02, 0x26, 0x06, 0x23, 0x23, 0x02, 0x23, 0x0A, 0x0F, 0x0F, 
	0x02, 0x07, 0x03, 0x03, 0x07, 0x06, 0x03, 0x03, 0x80, 0x02, 0x03, 0x06, 0x02, 0x02, 0x00, 0x8A, 
	0x02, 0x80, 0x00, 0x80, 0x05, 0x02, 0x2F, 0x13, 0x0E, 0x02, 0x13, 0x13, 0x2F, 0x80, 0x05, 0x80, 
	0x00, 0x84, 0x02, 0x7F, 0x2B, 0xC2, 0x02, 0x64, 0x63, 0x11, 0xC2, 0x02, 0x63, 0x64, 0x02, 0xC5, 
	0x28, 0x5A, 0xC1, 0x02, 0xC1, 0x59, 0x59, 0xC5, 0x04, 0x64, 0x5B, 0x44, 0xD3, 0xF8, 0xF7, 0xEC, 
	0xC8, 0x28, 0x0B, 0xE1, 0xFD, 0xFC, 0xFB, 0xDE, 0x44, 0xCF, 0x00, 0x10, 0x12, 0x00, 0xC4, 0x5B, 
	0x2C, 0xCA, 0x0B, 0x97, 0x97, 0x04, 0xC7, 0x2C, 0x5A, 0xC3, 0x00, 0x97, 0x60, 0x00, 0xC3, 0x11, 
	0x46, 0x96, 0x02, 0x9A, 0x8E, 0x48, 0x90, 0x48, 0x49, 0x8E, 0x02, 0x49, 0x46, 0x02, 0x8E, 0x20, 
	0x46, 0x8D, 0x04, 0x49, 0x48, 0x0A, 0x8D, 0x22, 0x21, 0x8D, 0x02, 0x48, 0x48, 0x00, 0x8D, 0x41, 
	0x0A, 0x8D, 0x0D, 0x46, 0x8D, 0x0A, 0x48, 0x48, 0x04, 0x49, 0x21, 0x0D, 0x49, 0x0A, 0x41, 0x48, 
	0x00, 0x46, 0x45, 0x00, 0x48, 0x22, 0x1C, 0x49, 0x0D, 0x41, 0x48, 0x0A, 0x48, 0x41, 0x0A, 0x49, 
	0x20, 0x21, 0x48, 0x00, 0x1A, 0x41, 0x46, 0x00, 0x46, 0x41, 0x02, 0x49, 0x22, 0x22, 0x49, 0x0A, 
	0x41, 0x48, 0x02, 0x02, 0x00, 0x00, 0x49, 0x20, 0x0D, 0x49, 0x0A, 0x41, 0x48, 0x02, 0x46, 0x41, 
	0x80, 0x04, 0x7F, 0x1D, 0x54, 0x0A, 0x51, 0x55, 0x00, 0x54, 0x51, 0x06, 0x92, 0x27, 0x27, 0x91, 
	0x0A, 0x46, 0x49, 0x04, 0x54, 0x43, 0x00, 0x54, 0x0D, 0x43, 0x54, 0x00, 0x46, 0x48, 0x00, 0x54, 
	0x43, 0x0D, 0x91, 0x0D, 0x51, 0x92, 0x0A, 0x54, 0x54, 0x04, 0x92, 0x27, 0x26, 0x54, 0x02, 0x58, 
	0x57, 0x0A, 0x92, 0x43, 0x92, 0xB0, 0x58, 0x91, 0x93, 0x0D, 0x91, 0x46, 0xA2, 0xB1, 0x57, 0x51, 
	0x92, 0x0A, 0xA1, 0x58, 0x03, 0xA1, 0x0F, 0x58, 0xA2, 0x02, 0xA1, 0x55, 0xA2, 0xB1, 0x57, 0xAE, 
	0xAE, 0x57, 0xB1, 0xA1, 0x50, 0xA5, 0x04, 0xA2, 0x9F, 0x07, 0xB6, 0x0F, 0x58, 0xA3, 0x04, 0xB6, 
	0x55, 0x43, 0xB6, 0x04, 0xA3, 0x9F, 0x02, 0xBC, 0x0F, 0x9F, 0xA1, 0x00, 0xB6, 0x50, 0x57, 0xB5, 
	0x06, 0x7E, 0x56, 0x39, 0x7E, 0x02, 0x7A, 0x53, 0x19, 0x7E, 0x02, 0x53, 0x53, 0x08, 0x7E, 0x01, 
	0x53, 0x53, 0x03, 0x01, 0x7D, 0x07, 0x84, 0x02, 0x80, 0x00, 0x80, 0x05, 0x02, 0x2F, 0x14, 0x0E, 
	0x02, 0x13, 0x13, 0x2F, 0x80, 0x05, 0x80, 0x00, 0x84, 0x02, 0x29, 0x28, 0x63, 0x06, 0x59, 0x2C, 
	0x04, 0x5D, 0x06, 0x2B, 0x2C, 0x02, 0x59, 0x0B, 0x28, 0x2C, 0x02, 0x2B, 0x12, 0x10, 0x2B, 0x02, 
	0x28, 0x1E, 0x68, 0xF8, 0xFB, 0xDE, 0x69, 0x5D, 0x10, 0x04, 0x68, 0xE1, 0xFB, 0xFB, 0xE1, 0x00, 
	0x10, 0x00, 0x00, 0x02, 0x02, 0x80, 0x04, 0x03, 0x0A, 0x04, 0x0A, 0x04, 0x80, 0x02, 0x80, 0x00, 
	0x00, 0x06, 0x86, 0x02, 0x00, 0x06, 0x83, 0x02, 0x01, 0x00, 0x00, 0x80, 0x02, 0x81, 0x04, 0x04, 
	0x02, 0x04, 0x02, 0x04, 0x04, 0x81, 0x02, 0x00, 0x00, 0x80, 0x02, 0x01, 0x04, 0x04, 0x81, 0x02, 
	0x80, 0x04, 0x03, 0x02, 0x04, 0x02, 0x02, 0x83, 0x00, 0x80, 0x02, 0x03, 0x04, 0x04, 0x0A, 0x0A, 
	0x80, 0x04, 0x82, 0x02, 0x82, 0x00, 0x80, 0x02, 0x83, 0x04, 0x01, 0x06, 0x02, 0x82, 0x00, 0x84, 
	0x02, 0x04, 0x04, 0x04, 0x0A, 0x0A, 0x02, 0x83, 0x00, 0x01, 0x02, 0x02, 0x82, 0x0A, 0x01, 0x02, 
	0x02, 0x84, 0x00, 0x80, 0x02, 0x80, 0x00, 0x08, 0x06, 0x04, 0x49, 0x49, 0x0D, 0x0A, 0x02, 0x02, 
	0x04, 0x81, 0x02, 0x01, 0x06, 0x04, 0x80, 0x02, 0x02, 0x26, 0x50, 0x43, 0x82, 0x00, 0x03, 0x26, 
	0x4C, 0x27, 0x0A, 0x80, 0x04, 0x00, 0x06, 0x80, 0x00, 0x8B, 0x02, 0x03, 0x04, 0x04, 0x06, 0x02, 
	0x80, 0x00, 0x28, 0x02, 0x0A, 0x02, 0x1C, 0x0D, 0x0D, 0x1C, 0x0D, 0x0D, 0x0A, 0x02, 0x0C, 0x00, 
	0x03, 0x03, 0x00, 0x0F, 0x03, 0x0F, 0x0F, 0x06, 0x19, 0x0F, 0x07, 0x19, 0x06, 0x19, 0x19, 0x03, 
	0x1A, 0x06, 0x23, 0x1A, 0x03, 0x36, 0x02, 0x25, 0x25, 0x02, 0x4F, 0x03, 0x84, 0x02, 0x80, 0x00, 
	0x80, 0x05, 0x02, 0x2F, 0x13, 0x0C, 0x02, 0x0E, 0x13, 0x2F, 0x80, 0x05, 0x80, 0x00, 0x02, 0x02, 
	0x00, 0x00, 0x94, 0x02, 0x00, 0x00, 0x80, 0x02, 0x03, 0x6A, 0xFD, 0xFD, 0xDC, 0x81, 0x04, 0x09, 
	0x02, 0x30, 0xE0, 0xF9, 0xEB, 0x9B, 0x2A, 0xE0, 0x69, 0x02, 0x80, 0x04, 0x84, 0x02, 0x00, 0x00, 
	0x81, 0x02, 0x80, 0x04, 0x00, 0x02, 0x80, 0x00, 0x02, 0x90, 0x90, 0x04, 0x81, 0x02, 0x02, 0x26, 
	0xA5, 0x92, 0x80, 0x00, 0x03, 0xA6, 0xB0, 0x26, 0x0A, 0x80, 0x02, 0x02, 0x04, 0x02, 0x04, 0x81, 
	0x02, 0x80, 0x00, 0x83, 0x02, 0x00, 0x04, 0x81, 0x02, 0x01, 0x04, 0x02, 0x83, 0x00, 0x82, 0x02, 
	0x01, 0x04, 0x04, 0x80, 0x02, 0x02, 0x00, 0x02, 0x02, 0x80, 0x04, 0x02, 0x02, 0x04, 0x02, 0x80, 
	0x00, 0x82, 0x02, 0x05, 0x04, 0x04, 0x02, 0x02, 0x06, 0x02, 0x83, 0x00, 0x01, 0x02, 0x02, 0x85, 
	0x04, 0x84, 0x00, 0x02, 0x02, 0x04, 0x04, 0x80, 0x0A, 0x00, 0x04, 0x80, 0x02, 0x82, 0x00, 0x0C, 
	0x02, 0x02, 0x1C, 0x8F, 0x41, 0x22, 0x8D, 0x1C, 0x9C, 0x9C, 0x0D, 0x04, 0x04, 0x81, 0x02, 0x01, 
	0x06, 0x06, 0x81, 0x02, 0x03, 0x00, 0x92, 0xB3, 0xA2, 0x82, 0x02, 0x02, 0xA6, 0xB3, 0x92, 0x81, 
	0x02, 0x00, 0x06, 0x8B, 0x02, 0x81, 0x04, 0x0F, 0x02, 0x02, 0x04, 0x02, 0x02, 0x00, 0x48, 0x8E, 
	0x22, 0x9C, 0x8E, 0x90, 0x9E, 0x49, 0x8E, 0x8D, 0x88, 0x02, 0x02, 0x06, 0x02, 0x06, 0x89, 0x02, 
	0x04, 0x06, 0x02, 0x02, 0x00, 0x00, 0x84, 0x02, 0x80, 0x00, 0x05, 0x05, 0x05, 0x0C, 0x2F, 0x13, 
	0x0C, 0x05, 0x13, 0x13, 0x2F, 0x05, 0x0C, 0x05, 0x81, 0x00, 0x86, 0x02, 0x00, 0x00, 0x8B, 0x02, 
	0x81, 0x00, 0x08, 0x02, 0x6A, 0xFD, 0xFD, 0xDC, 0x02, 0x02, 0x04, 0x02, 0x80, 0x00, 0x06, 0xFF, 
	0xFB, 0xEB, 0x28, 0xFE, 0xE1, 0x0A, 0x81, 0x04, 0x01, 0x02, 0x02, 0x83, 0x00, 0x02, 0x02, 0x02, 
	0x0A, 0x80, 0x04, 0x00, 0x02, 0x80, 0x00, 0x46, 0x90, 0x90, 0x0A, 0x0A, 0x02, 0x02, 0x04, 0x58, 
	0xB3, 0xB0, 0x00, 0x02, 0x00, 0xB0, 0xB3, 0x43, 0x0D, 0x0A, 0x02, 0x0D, 0x0A, 0x0D, 0x0D, 0x0A, 
	0x0D, 0x0D, 0x00, 0x0D, 0x0A, 0x02, 0x1C, 0x00, 0x0D, 0x1C, 0x00, 0x1C, 0x1C, 0x0A, 0x21, 0x0D, 
	0x0A, 0x21, 0x02, 0x0D, 0x1C, 0x00, 0x1C, 0x1C, 0x02, 0x22, 0x0D, 0x0B, 0x21, 0x04, 0x1C, 0x22, 
	0x00, 0x20, 0x1C, 0x00, 0x21, 0x0D, 0x0D, 0x41, 0x0A, 0x21, 0x21, 0x02, 0x21, 0x0D, 0x00, 0x80, 
	0x02, 0x00, 0x06, 0x80, 0x04, 0x33, 0x02, 0x02, 0x04, 0x04, 0x21, 0x0D, 0x02, 0x21, 0x00, 0x1C, 
	0x21, 0x04, 0x21, 0x20, 0x0A, 0x41, 0x0D, 0x0D, 0x21, 0x04, 0x27, 0x26, 0x00, 0x27, 0x24, 0x00, 
	0x43, 0x0F, 0x0F, 0x43, 0x0A, 0x24, 0x26, 0x04, 0x21, 0x20, 0x02, 0x21, 0x02, 0x0D, 0x20, 0x00, 
	0x0D, 0x1C, 0x49, 0x94, 0x8E, 0x8F, 0x94, 0x8F, 0x9C, 0x9C, 0x80, 0x0D, 0x0F, 0x04, 0x1C, 0x0A, 
	0x0A, 0x0D, 0x02, 0x0A, 0x03, 0x00, 0x02, 0x00, 0x92, 0xB3, 0xA2, 0x02, 0x0A, 0x80, 0x02, 0x03, 
	0xA6, 0xB3, 0x92, 0x00, 0x80, 0x02, 0x80, 0x04, 0x02, 0x02, 0x02, 0x0A, 0x81, 0x02, 0x81, 0x00, 
	0x80, 0x02, 0x11, 0x04, 0x04, 0x0A, 0x04, 0x02, 0x04, 0x02, 0x00, 0x48, 0x8F, 0x21, 0x94, 0x90, 
	0x90, 0x94, 0x49, 0x90, 0x8F, 0x83, 0x02, 0x00, 0x04, 0x84, 0x02, 0x00, 0x06, 0x94, 0x02, 0x80, 
	0x00, 0x05, 0x05, 0x05, 0x0C, 0x2F, 0x13, 0x0C, 0x02, 0x13, 0x13, 0x2F, 0x80, 0x05, 0x80, 0x00, 
	0x84, 0x02, 0x1E, 0x28, 0x59, 0x02, 0x59, 0x2C, 0x0B, 0x5E, 0x02, 0x59, 0x59, 0x02, 0x63, 0x0B, 
	0x44, 0x5B, 0x06, 0x63, 0x2D, 0x2B, 0x63, 0x00, 0x60, 0x5A, 0x5F, 0xE6, 0xDC, 0xDE, 0xDE, 0x00, 
	0xDE, 0x47, 0x80, 0x00, 0x21, 0xF9, 0xE0, 0x69, 0x0B, 0x69, 0x9B, 0x96, 0x0A, 0xC3, 0x59, 0x44, 
	0xC3, 0x00, 0x64, 0x64, 0x00, 0xC5, 0x28, 0x5A, 0xC3, 0x04, 0x98, 0x60, 0x0A, 0x99, 0x0A, 0x48, 
	0x96, 0x00, 0x90, 0x90, 0x0D, 0x49, 0x0A, 0x80, 0x02, 0x3E, 0xA2, 0x50, 0x02, 0x9A, 0x00, 0x49, 
	0x93, 0x02, 0x8D, 0x49, 0x0D, 0x9A, 0x22, 0x46, 0x8E, 0x0A, 0x8D, 0x8D, 0x02, 0x9A, 0x46, 0x0D, 
	0x9A, 0x02, 0x49, 0x96, 0x00, 0x8D, 0x49, 0x0D, 0x9A, 0x45, 0x1C, 0x9A, 0x0A, 0x49, 0x8E, 0x02, 
	0x8D, 0x49, 0x02, 0x8E, 0x21, 0x21, 0x8E, 0x0D, 0x48, 0x8D, 0x00, 0x49, 0x48, 0x00, 0x8E, 0x21, 
	0x41, 0x8E, 0x0A, 0x49, 0x8E, 0x02, 0x8D, 0x46, 0x00, 0x81, 0x02, 0x01, 0x04, 0x19, 0x81, 0x7D, 
	0x43, 0x03, 0x91, 0x21, 0x1C, 0x8D, 0x02, 0x46, 0x8D, 0x02, 0x8D, 0x49, 0x0D, 0x9A, 0x41, 0x1C, 
	0x93, 0x0A, 0x92, 0xA2, 0x00, 0xA2, 0x58, 0x02, 0xB6, 0x43, 0x43, 0xA6, 0x02, 0x58, 0xA6, 0x0A, 
	0x93, 0x49, 0x0A, 0x9A, 0x20, 0x46, 0x91, 0x00, 0x48, 0x8D, 0x0A, 0x8E, 0x41, 0x0D, 0x90, 0x02, 
	0x9C, 0x9C, 0x0D, 0x49, 0x49, 0x0A, 0x93, 0x43, 0x43, 0x93, 0x02, 0x92, 0x92, 0x00, 0x91, 0x43, 
	0x92, 0xB3, 0xA1, 0x49, 0x91, 0x80, 0x04, 0x48, 0xA6, 0xB3, 0x92, 0x50, 0xA2, 0x00, 0xB6, 0x9F, 
	0x0F, 0xBC, 0x27, 0x57, 0xA3, 0x04, 0xA5, 0x58, 0x0F, 0xB6, 0x0F, 0x57, 0xA1, 0x00, 0xA5, 0x50, 
	0x4F, 0xA5, 0x0A, 0x56, 0x56, 0x04, 0x02, 0x00, 0x48, 0x8E, 0x21, 0x94, 0x90, 0x90, 0x94, 0x49, 
	0x8E, 0x8F, 0x02, 0xA1, 0x0F, 0x58, 0x7C, 0x04, 0xA2, 0x4F, 0x50, 0x7C, 0x02, 0x52, 0x4F, 0x23, 
	0x7A, 0x02, 0x4D, 0x4D, 0x07, 0x53, 0x02, 0x39, 0x39, 0x03, 0x4D, 0x02, 0x38, 0x39, 0x02, 0x4D, 
	0x03, 0x84, 0x02, 0x80, 0x00, 0x80, 0x05, 0x02, 0x2F, 0x13, 0x05, 0x02, 0x0E, 0x13, 0x2F, 0x80, 
	0x05, 0x80, 0x00, 0x84, 0x02, 0x69, 0x59, 0xC5, 0x06, 0x65, 0x63, 0x1E, 0xC3, 0x02, 0x63, 0x64, 
	0x02, 0xC3, 0x11, 0x5B, 0x65, 0x06, 0xC1, 0x2C, 0x44, 0x65, 0x00, 0x64, 0x5B, 0x1E, 0x98, 0x10, 
	0xE1, 0xDE, 0x00, 0xDC, 0x30, 0x00, 0x12, 0x59, 0xF2, 0xCD, 0x5A, 0x97, 0xDC, 0xE6, 0xDD, 0x04, 
	0x60, 0x29, 0x28, 0x60, 0x00, 0x59, 0x44, 0x00, 0x5E, 0x10, 0x2A, 0x5A, 0x04, 0x44, 0x2A, 0x0A, 
	0x46, 0x0A, 0x20, 0x21, 0x00, 0x22, 0x22, 0x0A, 0x22, 0x0A, 0x04, 0x02, 0x02, 0x06, 0x00, 0x00, 
	0x21, 0x00, 0x1D, 0x21, 0x00, 0x0D, 0x0D, 0x0A, 0x1C, 0x0A, 0x0A, 0x0D, 0x04, 0x0D, 0x0D, 0x04, 
	0x0D, 0x0A, 0x02, 0x02, 0x00, 0x00, 0x02, 0x00, 0x02, 0x02, 0x04, 0x0A, 0x02, 0x02, 0x0A, 0x04, 
	0x82, 0x02, 0x00, 0x04, 0x81, 0x0A, 0x02, 0x04, 0x02, 0x02, 0x82, 0x00, 0x01, 0x02, 0x04, 0x81, 
	0x0A, 0x01, 0x04, 0x04, 0x80, 0x02, 0x0C, 0x00, 0x00, 0x08, 0x53, 0x7E, 0x87, 0x82, 0x84, 0xAD, 
	0x08, 0x0A, 0x04, 0x02, 0x81, 0x00, 0x00, 0x02, 0x81, 0x0A, 0x03, 0x02, 0x04, 0x02, 0x04, 0x80, 
	0x02, 0x86, 0x00, 0x01, 0x02, 0x04, 0x81, 0x0A, 0x00, 0x04, 0x81, 0x00, 0x80, 0x02, 0x81, 0x00, 
	0x14, 0x22, 0x21, 0x0A, 0x0D, 0x0D, 0x0A, 0x0D, 0x03, 0x0D, 0x0D, 0x02, 0x0D, 0x0D, 0x00, 0x0D, 
	0x04, 0x26, 0x50, 0x26, 0x1D, 0x20, 0x80, 0x04, 0x48, 0x4E, 0x55, 0x26, 0x1D, 0x27, 0x00, 0x4B, 
	0x27, 0x0A, 0x51, 0x0F, 0x27, 0x4B, 0x04, 0x4C, 0x27, 0x03, 0x50, 0x02, 0x26, 0x4C, 0x00, 0x50, 
	0x27, 0x27, 0x55, 0x04, 0x4B, 0x4B, 0x04, 0x04, 0x02, 0x48, 0x90, 0x1C, 0x8D, 0x48, 0x48, 0x8F, 
	0x41, 0x8E, 0x8F, 0x02, 0x9F, 0x0F, 0x50, 0x58, 0x04, 0x7C, 0x4E, 0x4F, 0x57, 0x02, 0x56, 0x4F, 
	0x25, 0x7D, 0x02, 0x53, 0x53, 0x08, 0x7D, 0x03, 0x53, 0x53, 0x07, 0x7D, 0x03, 0x4D, 0x53, 0x02, 
	0x7D, 0x0F, 0x84, 0x02, 0x80, 0x00, 0x80, 0x05, 0x02, 0x2F, 0x13, 0x05, 0x02, 0x0E, 0x13, 0x2F, 
	0x80, 0x05, 0x80, 0x00, 0x87, 0x02, 0x00, 0x00, 0x90, 0x02, 0x03, 0x04, 0x02, 0x04, 0x02, 0x82, 
	0x00, 0x08, 0x64, 0xD9, 0x2B, 0x0B, 0xC1, 0xD5, 0xFB, 0xFD, 0xF3, 0x82, 0x02, 0x82, 0x00, 0x02, 
	0x02, 0x02, 0x04, 0x82, 0x02, 0x10, 0x0A, 0x04, 0x02, 0x02, 0x00, 0x00, 0x46, 0x90, 0x46, 0x27, 
	0x50, 0x02, 0x50, 0x27, 0x58, 0xB1, 0x92, 0x80, 0x00, 0x04, 0x02, 0x02, 0x04, 0x0A, 0x0A, 0x81, 
	0x02, 0x04, 0x04, 0x04, 0x0A, 0x04, 0x02, 0x85, 0x00, 0x80, 0x02, 0x01, 0x04, 0x04, 0x84, 0x02, 
	0x04, 0x04, 0x02, 0x04, 0x02, 0x02, 0x84, 0x00, 0x06, 0x02, 0x04, 0x04, 0x02, 0x04, 0x02, 0x04, 
	0x80, 0x02, 0x0D, 0x08, 0x08, 0x7A, 0x7E, 0x87, 0x7B, 0x7B, 0x87, 0xAD, 0x08, 0x04, 0x04, 0x02, 
	0x02, 0x80, 0x00, 0x86, 0x02, 0x00, 0x04, 0x82, 0x02, 0x84, 0x00, 0x03, 0x02, 0x02, 0x04, 0x04, 
	0x80, 0x02, 0x06, 0x00, 0x00, 0x9A, 0x9A, 0x02, 0x00, 0x00, 0x80, 0x02, 0x05, 0x48, 0x8F, 0x1C, 
	0x90, 0x90, 0x0A, 0x80, 0x04, 0x10, 0x02, 0x02, 0x00, 0x00, 0x02, 0x00, 0x02, 0x02, 0x00, 0x00, 
	0xA6, 0xB0, 0x4B, 0x92, 0x50, 0x02, 0x02, 0x80, 0x00, 0x85, 0x02, 0x06, 0x04, 0x02, 0x02, 0x00, 
	0x00, 0x02, 0x00, 0x87, 0x02, 0x0C, 0x46, 0x0D, 0x4A, 0x90, 0x21, 0x8E, 0x8F, 0x22, 0x8D, 0x02, 
	0x8E, 0x8F, 0x02, 0x80, 0x04, 0x9F, 0x02, 0x80, 0x00, 0x80, 0x05, 0x02, 0x2F, 0x13, 0x05, 0x02, 
	0x0E, 0x13, 0x2F, 0x80, 0x05, 0x80, 0x00, 0x9F, 0x02, 0x10, 0x00, 0x00, 0xF2, 0x68, 0x64, 0xD4, 
	0xD6, 0x2B, 0x0A, 0xC6, 0xD5, 0xFB, 0xFD, 0xF3, 0x02, 0x02, 0x04, 0x80, 0x02, 0x81, 0x00, 0x05, 
	0x02, 0x0A, 0x04, 0x02, 0x02, 0x00, 0x80, 0x02, 0x0F, 0x04, 0x04, 0x02, 0x00, 0x00, 0x49, 0x94, 
	0x8F, 0xA6, 0xB3, 0x57, 0xB1, 0xA5, 0xA2, 0xB4, 0xA2, 0x81, 0x00, 0x03, 0x02, 0x02, 0x0A, 0x0A, 
	0x81, 0x02, 0x03, 0x04, 0x04, 0x0A, 0x04, 0x81, 0x02, 0x04, 0x00, 0x02, 0x02, 0x00, 0x00, 0x80, 
	0x02, 0x01, 0x03, 0x03, 0x83, 0x02, 0x80, 0x04, 0x80, 0x02, 0x00, 0x00, 0x81, 0x02, 0x80, 0x00, 
	0x02, 0x02, 0x04, 0x02, 0x80, 0x04, 0x0C, 0x03, 0x1A, 0x1A, 0x36, 0x3D, 0x87, 0x7E, 0x8B, 0x8C, 
	0x8C, 0xAF, 0xAD, 0x08, 0x80, 0x03, 0x00, 0x00, 0x89, 0x02, 0x01, 0x04, 0x04, 0x80, 0x03, 0x80, 
	0x02, 0x82, 0x00, 0x01, 0x02, 0x02, 0x80, 0x0A, 0x07, 0x04, 0x04, 0x02, 0x02, 0x94, 0x94, 0x0A, 
	0x00, 0x80, 0x02, 0x05, 0x04, 0x49, 0x90, 0x1C, 0x9E, 0x94, 0x83, 0x02, 0x00, 0x04, 0x80, 0x02, 
	0x81, 0x00, 0x07, 0xB0, 0xB3, 0x58, 0xB0, 0xB0, 0x8E, 0x90, 0x41, 0x80, 0x00, 0x02, 0x02, 0x02, 
	0x06, 0x81, 0x02, 0x00, 0x04, 0x87, 0x02, 0x12, 0x04, 0x02, 0x04, 0x02, 0x06, 0x48, 0x94, 0x8F, 
	0x4A, 0x90, 0x41, 0x94, 0x90, 0x21, 0x90, 0x02, 0x8F, 0x8F, 0x02, 0x80, 0x04, 0x00, 0x06, 0x9E, 
	0x02, 0x80, 0x00, 0x80, 0x05, 0x02, 0x2F, 0x13, 0x05, 0x02, 0x0E, 0x13, 0x2F, 0x80, 0x05, 0x81, 
	0x00, 0x93, 0x02, 0x4B, 0x04, 0x02, 0x02, 0x0B, 0x06, 0x10, 0x04, 0x00, 0x1E, 0x02, 0x0B, 0x2C, 
	0x69, 0xF2, 0x68, 0x64, 0xD1, 0xCB, 0xCD, 0x6A, 0x63, 0xC8, 0xF8, 0xF7, 0xEB, 0x04, 0x5D, 0x1E, 
	0x28, 0x5A, 0x02, 0x59, 0x44, 0x02, 0x60, 0x10, 0x2C, 0x5B, 0x04, 0x5E, 0x2C, 0x02, 0x61, 0x02, 
	0x45, 0x48, 0x04, 0x46, 0x41, 0x42, 0x9E, 0x42, 0xA6, 0xB1, 0x50, 0xB0, 0xA6, 0x92, 0xB4, 0xA2, 
	0x21, 0x46, 0x00, 0x45, 0x41, 0x02, 0x46, 0x0D, 0x21, 0x48, 0x02, 0x42, 0x42, 0x02, 0x48, 0x21, 
	0x82, 0x02, 0x80, 0x00, 0x02, 0x19, 0x37, 0x37, 0x84, 0x3B, 0x02, 0x19, 0x02, 0x06, 0x80, 0x02, 
	0x24, 0x00, 0x46, 0x48, 0x02, 0x48, 0x45, 0x02, 0x8D, 0x21, 0x41, 0x49, 0x02, 0x06, 0x02, 0x02, 
	0x19, 0x7F, 0x82, 0x76, 0x4D, 0xAB, 0x7B, 0x8B, 0xB7, 0xBA, 0xBA, 0xBB, 0xAD, 0x08, 0x7B, 0x82, 
	0x78, 0x76, 0x6D, 0x37, 0x02, 0x02, 0x80, 0x00, 0x03, 0x02, 0x02, 0x18, 0x7E, 0x81, 0x82, 0x75, 
	0x7B, 0x75, 0x75, 0x3E, 0x19, 0x27, 0x92, 0x00, 0x43, 0x48, 0x02, 0x49, 0x46, 0x0A, 0x49, 0x1C, 
	0x41, 0x49, 0x02, 0x9E, 0x9E, 0x0A, 0x46, 0x0D, 0x02, 0x04, 0x04, 0x8F, 0x90, 0x1C, 0x9E, 0x94, 
	0x02, 0x54, 0x20, 0x1C, 0x54, 0x04, 0x54, 0x54, 0x02, 0x54, 0x43, 0x0D, 0x92, 0x02, 0xB0, 0xB3, 
	0x54, 0xB0, 0xA6, 0x48, 0x49, 0x20, 0x4B, 0x58, 0x00, 0x55, 0x4E, 0x02, 0x57, 0x14, 0x51, 0x58, 
	0x0A, 0x58, 0x4B, 0x0D, 0x57, 0x0C, 0x4B, 0x55, 0x02, 0x55, 0x26, 0x24, 0x58, 0x02, 0x4E, 0x4E, 
	0x42, 0x94, 0x49, 0x49, 0x90, 0x41, 0x94, 0x90, 0x22, 0x9A, 0x02, 0x8E, 0x8F, 0x04, 0x4E, 0x0D, 
	0x24, 0x27, 0x04, 0x27, 0x0F, 0x0F, 0x23, 0x02, 0x0F, 0x0F, 0x02, 0x0F, 0x02, 0x03, 0x03, 0x02, 
	0x07, 0x06, 0x03, 0x03, 0x06, 0x03, 0x81, 0x02, 0x00, 0x03, 0x85, 0x02, 0x80, 0x00, 0x80, 0x05, 
	0x02, 0x2F, 0x13, 0x05, 0x02, 0x0E, 0x13, 0x2F, 0x80, 0x05, 0x80, 0x00, 0x84, 0x02, 0x5B, 0x59, 
	0xC6, 0x02, 0xC0, 0x5E, 0x28, 0xC5, 0x02, 0x65, 0x64, 0x0B, 0xC5, 0x0B, 0x63, 0xC1, 0x02, 0xC5, 
	0x2C, 0x5B, 0xC7, 0x02, 0xC3, 0x63, 0x0B, 0xCF, 0x04, 0x2D, 0x66, 0xFB, 0x68, 0x0A, 0x02, 0x02, 
	0x00, 0xF9, 0xE0, 0x00, 0x00, 0xDA, 0xED, 0xF1, 0x02, 0xC7, 0x2C, 0x59, 0xC8, 0x0A, 0x98, 0x65, 
	0x0B, 0xC7, 0x28, 0x5B, 0xC3, 0x02, 0x98, 0x60, 0x0A, 0x99, 0x02, 0x48, 0x96, 0x04, 0x49, 0x48, 
	0x1C, 0x8E, 0x1C, 0x26, 0x54, 0x02, 0x43, 0x27, 0x55, 0xA5, 0x58, 0x41, 0x49, 0x00, 0x48, 0x45, 
	0x00, 0x46, 0x0D, 0x21, 0x49, 0x0A, 0x46, 0x46, 0x02, 0x48, 0x21, 0x81, 0x02, 0x05, 0x19, 0x37, 
	0x3A, 0x3A, 0x3B, 0x3E, 0x85, 0x6D, 0x2B, 0x37, 0x33, 0x36, 0x02, 0x02, 0x00, 0x00, 0x41, 0x48, 
	0x04, 0x48, 0x42, 0x0A, 0x49, 0x21, 0x21, 0x49, 0x00, 0x02, 0x02, 0x37, 0x76, 0x85, 0x82, 0x76, 
	0x7B, 0x88, 0x8B, 0x8C, 0xB7, 0xBA, 0xE4, 0xBB, 0xAF, 0x08, 0x79, 0x80, 0x78, 0x78, 0x77, 0x3E, 
	0x3D, 0x3B, 0x76, 0x80, 0x7B, 0x02, 0x7F, 0x7F, 0x88, 0x80, 0x85, 0x7C, 0x79, 0x78, 0x88, 0x87, 
	0x3B, 0x19, 0x27, 0x92, 0x00, 0x41, 0x46, 0x00, 0x49, 0x43, 0x0A, 0x49, 0x1C, 0x41, 0x49, 0x02, 
	0x8E, 0x90, 0x02, 0x46, 0x0D, 0x02, 0x04, 0x04, 0x48, 0x8F, 0x0D, 0x8E, 0x8E, 0x02, 0x91, 0x20, 
	0x20, 0x91, 0x04, 0x49, 0x54, 0x00, 0x92, 0x43, 0x0F, 0x92, 0x0A, 0xA6, 0xA6, 0x43, 0x92, 0x51, 
	0x0A, 0x04, 0x02, 0x50, 0x92, 0x00, 0x92, 0x50, 0x02, 0xA1, 0x23, 0x55, 0xA1, 0x04, 0xA1, 0x58, 
	0x0F, 0xB6, 0x0F, 0x56, 0xA1, 0x02, 0xA1, 0x50, 0x26, 0xB6, 0x00, 0x57, 0x9F, 0x02, 0x49, 0x1C, 
	0x4A, 0x90, 0x41, 0x9C, 0x90, 0x22, 0x9A, 0x02, 0x90, 0x8E, 0x02, 0xB6, 0x27, 0x57, 0xA3, 0x02, 
	0xB6, 0x55, 0x55, 0xB6, 0x02, 0xA0, 0x7D, 0x26, 0xB6, 0x02, 0x7D, 0x7D, 0x03, 0xB5, 0x02, 0x53, 
	0x7D, 0x03, 0x7E, 0x03, 0x53, 0x7D, 0x02, 0x7E, 0x19, 0x84, 0x02, 0x80, 0x00, 0x80, 0x05, 0x02, 
	0x2F, 0x13, 0x05, 0x02, 0x0E, 0x13, 0x2F, 0x80, 0x05, 0x80, 0x00, 0x84, 0x02, 0x28, 0x2D, 0x5A, 
	0x02, 0x59, 0x2B, 0x10, 0x59, 0x02, 0x2B, 0x2B, 0x02, 0x59, 0x02, 0x28, 0x2B, 0x00, 0x2B, 0x10, 
	0x11, 0x2A, 0x02, 0x28, 0x12, 0x02, 0x1E, 0x02, 0x04, 0x10, 0x31, 0x04, 0x02, 0xDC, 0xF9, 0xF9, 
	0xFC, 0xFE, 0xF9, 0xF9, 0xF8, 0xDD, 0x31, 0x80, 0x02, 0x80, 0x04, 0x0A, 0x0A, 0x04, 0x04, 0x0A, 
	0x02, 0x00, 0x00, 0x02, 0x02, 0x04, 0x02, 0x80, 0x00, 0x01, 0x02, 0x02, 0x80, 0x0A, 0x07, 0x04, 
	0x02, 0x06, 0x02, 0x27, 0x92, 0x58, 0x04, 0x82, 0x02, 0x81, 0x00, 0x00, 0x02, 0x81, 0x04, 0x81, 
	0x02, 0x04, 0x04, 0x03, 0x25, 0x33, 0x37, 0x83, 0x6D, 0x84, 0x6E, 0x06, 0x6D, 0x6D, 0x3E, 0x3A, 
	0x1A, 0x00, 0x00, 0x81, 0x02, 0x00, 0x04, 0x80, 0x02, 0x81, 0x00, 0x09, 0x02, 0x76, 0x85, 0x78, 
	0x3B, 0x7B, 0x88, 0x7E, 0x7B, 0xB7, 0x80, 0xE5, 0x07, 0xBA, 0xAF, 0x07, 0x7F, 0x78, 0x75, 0xA7, 
	0x82, 0x80, 0x6E, 0x03, 0x82, 0x86, 0x83, 0x83, 0x80, 0x85, 0x09, 0x82, 0x77, 0x7A, 0xB7, 0xBA, 
	0xBB, 0x7E, 0x08, 0x04, 0x06, 0x83, 0x00, 0x00, 0x02, 0x81, 0x04, 0x81, 0x0A, 0x00, 0x02, 0x80, 
	0x00, 0x0C, 0x02, 0x04, 0x42, 0x46, 0x02, 0x00, 0x02, 0x02, 0x04, 0x04, 0x02, 0x04, 0x02, 0x80, 
	0x00, 0x85, 0x02, 0x01, 0x04, 0x04, 0x86, 0x02, 0x80, 0x00, 0x05, 0x02, 0x02, 0x06, 0x02, 0x02, 
	0x04, 0x8A, 0x02, 0x02, 0x04, 0x48, 0x90, 0x80, 0x0A, 0x04, 0x06, 0x00, 0x02, 0x8F, 0x8F, 0x83, 
	0x02, 0x18, 0x0F, 0x03, 0x03, 0x0F, 0x02, 0x0F, 0x0F, 0x03, 0x19, 0x02, 0x0F, 0x0F, 0x02, 0x23, 
	0x02, 0x19, 0x19, 0x06, 0x25, 0x06, 0x19, 0x25, 0x06, 0x25, 0x03, 0x84, 0x02, 0x80, 0x00, 0x80, 
	0x05, 0x02, 0x2F, 0x13, 0x0E, 0x02, 0x0E, 0x13, 0x2F, 0x80, 0x05, 0x80, 0x00, 0x87, 0x02, 0x00, 
	0x00, 0x8F, 0x02, 0x02, 0x04, 0x06, 0x04, 0x80, 0x02, 0x03, 0x00, 0x5D, 0xCD, 0xF4, 0x80, 0xFD, 
	0x0F, 0xFF, 0xDE, 0xDE, 0xDC, 0x6A, 0x00, 0x00, 0x02, 0x02, 0x04, 0x0A, 0x02, 0x02, 0x04, 0x02, 
	0x0A, 0x84, 0x02, 0x81, 0x00, 0x83, 0x02, 0x04, 0x21, 0x54, 0x4C, 0xB3, 0xB1, 0x80, 0x02, 0x03, 
	0x04, 0x0A, 0x02, 0x02, 0x81, 0x00, 0x01, 0x02, 0x02, 0x80, 0x04, 0x04, 0x02, 0x04, 0x02, 0x1A, 
	0x3B, 0x80, 0x75, 0x80, 0x6E, 0x03, 0x75, 0x6E, 0x6E, 0x78, 0x80, 0x82, 0x02, 0x79, 0x75, 0x75, 
	0x80, 0x6E, 0x04, 0x6D, 0x3D, 0x36, 0x36, 0x03, 0x86, 0x02, 0x27, 0x00, 0x19, 0x37, 0x77, 0x83, 
	0x3F, 0x7A, 0x87, 0x87, 0x7E, 0xBA, 0xE5, 0xEA, 0xE9, 0xE9, 0xE5, 0xAF, 0x07, 0x87, 0x83, 0x82, 
	0x83, 0x83, 0x78, 0x75, 0x6E, 0x78, 0x82, 0x78, 0x79, 0x79, 0x78, 0x78, 0x7B, 0x8B, 0xB7, 0xEA, 
	0xBA, 0x6A, 0x03, 0x80, 0x04, 0x01, 0x02, 0x06, 0x83, 0x00, 0x80, 0x02, 0x10, 0x04, 0x0A, 0x8E, 
	0x90, 0x22, 0x8E, 0x42, 0x22, 0x8E, 0x22, 0x90, 0x94, 0x02, 0x00, 0x00, 0x04, 0x0A, 0x80, 0x04, 
	0x00, 0x02, 0x80, 0x00, 0x01, 0x02, 0x04, 0x83, 0x02, 0x03, 0x04, 0x04, 0x02, 0x04, 0x84, 0x02, 
	0x80, 0x00, 0x91, 0x02, 0x04, 0x48, 0x90, 0x0D, 0x8D, 0x46, 0x80, 0x02, 0x01, 0x8E, 0x8F, 0xA3, 
	0x02, 0x80, 0x00, 0x80, 0x05, 0x02, 0x2F, 0x13, 0x05, 0x02, 0x0E, 0x13, 0x2F, 0x80, 0x05, 0x80, 
	0x00, 0x93, 0x02, 0x00, 0x00, 0x82, 0x02, 0x0E, 0x06, 0x04, 0x04, 0x06, 0x02, 0x02, 0x04, 0x02, 
	0x64, 0xEB, 0xFC, 0xFC, 0xFD, 0xFD, 0xF2, 0x84, 0x00, 0x01, 0x02, 0x02, 0x82, 0x04, 0x04, 0x0A, 
	0x0A, 0x04, 0x04, 0x02, 0x84, 0x00, 0x83, 0x02, 0x04, 0xA6, 0xB0, 0x92, 0xB3, 0xB1, 0x81, 0x02, 
	0x02, 0x0A, 0x02, 0x02, 0x81, 0x00, 0x80, 0x02, 0x0B, 0x04, 0x02, 0x03, 0x03, 0x37, 0x6D, 0x77, 
	0x83, 0x83, 0x78, 0x6E, 0x75, 0x80, 0x6E, 0x07, 0x84, 0x85, 0xA8, 0x85, 0xAB, 0x82, 0x75, 0x75, 
	0x83, 0x6E, 0x04, 0x76, 0x19, 0x0F, 0x04, 0x04, 0x83, 0x02, 0x0B, 0x07, 0x3D, 0x78, 0x79, 0x77, 
	0x32, 0xAF, 0xAB, 0x7B, 0x7A, 0x8C, 0xE5, 0x80, 0xE9, 0x23, 0xE5, 0xAF, 0x07, 0x77, 0x84, 0xA9, 
	0x79, 0x88, 0x88, 0x75, 0x6E, 0x6E, 0x77, 0x78, 0x6E, 0x3F, 0x37, 0xB7, 0xBA, 0xE5, 0xEA, 0xB7, 
	0x56, 0x00, 0x02, 0x04, 0x02, 0x0A, 0x0A, 0x04, 0x0A, 0x0A, 0x00, 0x02, 0x02, 0x00, 0x80, 0x02, 
	0x20, 0x0A, 0x0A, 0x9A, 0x9E, 0x8D, 0x94, 0x90, 0x8E, 0x94, 0x8D, 0x8E, 0x94, 0x02, 0x00, 0x00, 
	0x04, 0x02, 0x0A, 0x04, 0x02, 0x02, 0x00, 0x00, 0x02, 0x02, 0x04, 0x0A, 0x04, 0x04, 0x00, 0x00, 
	0x02, 0x04, 0x81, 0x0A, 0x00, 0x04, 0x81, 0x02, 0x01, 0x00, 0x00, 0x81, 0x02, 0x01, 0x06, 0x02, 
	0x80, 0x04, 0x18, 0x0A, 0x0A, 0x04, 0x02, 0x00, 0x00, 0x02, 0x02, 0x04, 0x06, 0x02, 0x02, 0x06, 
	0x48, 0x90, 0x46, 0x9E, 0x9C, 0x0A, 0x02, 0x02, 0x8F, 0x8F, 0x04, 0x04, 0x84, 0x02, 0x02, 0x06, 
	0x04, 0x06, 0x97, 0x02, 0x80, 0x00, 0x80, 0x05, 0x02, 0x2F, 0x13, 0x05, 0x02, 0x0E, 0x13, 0x2F, 
	0x80, 0x05, 0x81, 0x00, 0x83, 0x02, 0x60, 0x2B, 0x5B, 0x02, 0x5B, 0x2C, 0x28, 0x63, 0x02, 0x5B, 
	0x5A, 0x04, 0x63, 0x02, 0x59, 0x5B, 0x02, 0x64, 0x28, 0x2C, 0x64, 0x02, 0x62, 0x59, 0x11, 0x97, 
	0x02, 0x67, 0x67, 0x04, 0x10, 0x29, 0x98, 0xCE, 0x31, 0x31, 0x2E, 0x28, 0x98, 0x02, 0x63, 0x64, 
	0x00, 0xC6, 0x2B, 0x44, 0xC6, 0x0A, 0x97, 0x64, 0x0A, 0xC8, 0x1E, 0x5A, 0x98, 0x00, 0x98, 0x5E, 
	0x0A, 0x99, 0x0A, 0x48, 0x96, 0x00, 0x8D, 0x48, 0x0A, 0x96, 0x0D, 0x54, 0x93, 0x50, 0xB3, 0xB0, 
	0x0A, 0x8D, 0x0D, 0x46, 0x49, 0x02, 0x49, 0x46, 0x02, 0x49, 0x0D, 0x00, 0x02, 0x02, 0x04, 0x1A, 
	0x3B, 0x6D, 0x75, 0x78, 0x84, 0x85, 0x78, 0x75, 0x80, 0x6E, 0x05, 0x77, 0x82, 0x85, 0x85, 0x83, 
	0x6E, 0x80, 0x75, 0x84, 0x6E, 0x03, 0x75, 0x6D, 0x3B, 0x36, 0x84, 0x02, 0x0A, 0x3D, 0x79, 0x82, 
	0x76, 0x3A, 0x7B, 0x82, 0x7B, 0x7A, 0x8C, 0xE5, 0x81, 0xE9, 0x0A, 0xE5, 0xAF, 0x07, 0x6D, 0x82, 
	0xA9, 0x82, 0x78, 0x82, 0x88, 0x75, 0x80, 0x6E, 0x06, 0x3F, 0xB7, 0xE2, 0xE9, 0xEA, 0xE5, 0xB7, 
	0x80, 0x00, 0x80, 0x02, 0x76, 0x43, 0x9A, 0x0D, 0x49, 0x91, 0x02, 0x8E, 0x48, 0x00, 0x9A, 0x21, 
	0x1D, 0x43, 0x0A, 0x8F, 0x90, 0x0A, 0x8E, 0x46, 0x0D, 0x90, 0x0D, 0x8E, 0x90, 0x02, 0x92, 0x58, 
	0x02, 0xA6, 0x43, 0x43, 0xA5, 0x02, 0x58, 0x92, 0x06, 0xA1, 0x50, 0x23, 0xB6, 0x0D, 0x58, 0xA1, 
	0x06, 0xA2, 0x57, 0x0D, 0xB6, 0x26, 0x50, 0xA3, 0x02, 0xA1, 0x58, 0x03, 0xB6, 0x26, 0x50, 0xA1, 
	0x00, 0xA1, 0x57, 0x0D, 0xB6, 0x1D, 0x58, 0xA1, 0x04, 0xA1, 0x50, 0x27, 0xA3, 0x02, 0x57, 0x92, 
	0x02, 0x21, 0x0D, 0x48, 0x90, 0x1C, 0x90, 0x8D, 0x0D, 0x49, 0x0A, 0x8F, 0x8F, 0x02, 0xA0, 0x24, 
	0x50, 0x58, 0x02, 0x7D, 0x4B, 0x38, 0x7D, 0x06, 0x53, 0x4F, 0x0F, 0x7D, 0x02, 0x4F, 0x52, 0x02, 
	0x56, 0x02, 0x4C, 0x52, 0x02, 0x56, 0x03, 0x38, 0x4F, 0x02, 0x52, 0x19, 0x84, 0x02, 0x80, 0x00, 
	0x05, 0x05, 0x0C, 0x05, 0x2F, 0x13, 0x05, 0x02, 0x0E, 0x13, 0x2F, 0x80, 0x05, 0x80, 0x00, 0x84, 
	0x02, 0x5F, 0x5B, 0xC1, 0x02, 0x65, 0x5A, 0x2D, 0xC1, 0x02, 0x62, 0x67, 0x0B, 0xC1, 0x04, 0x5B, 
	0x62, 0x02, 0x65, 0x28, 0x44, 0x64, 0x02, 0x67, 0x59, 0x10, 0x65, 0x02, 0x67, 0x5B, 0x04, 0x02, 
	0x02, 0x44, 0x60, 0x02, 0x04, 0x02, 0x10, 0x5A, 0x00, 0x59, 0x5B, 0x02, 0x63, 0x28, 0x28, 0x60, 
	0x0A, 0x5B, 0x5A, 0x0A, 0x60, 0x10, 0x2A, 0x5A, 0x00, 0x5A, 0x2C, 0x0A, 0x48, 0x0A, 0x21, 0x45, 
	0x00, 0x41, 0x21, 0x02, 0x45, 0x02, 0x1D, 0x45, 0x24, 0x58, 0x50, 0x0A, 0x41, 0x0D, 0x1D, 0x21, 
	0x02, 0x21, 0x1D, 0x02, 0x21, 0x02, 0x00, 0x00, 0x1A, 0x33, 0x37, 0x3E, 0x77, 0x82, 0x84, 0x85, 
	0x82, 0x79, 0x80, 0x75, 0x08, 0x78, 0x83, 0xA7, 0xA7, 0x84, 0x78, 0x6E, 0x6E, 0x75, 0x85, 0x6E, 
	0x80, 0x6D, 0x03, 0x3E, 0x33, 0x19, 0x03, 0x80, 0x02, 0x24, 0x04, 0x3E, 0x78, 0x83, 0x76, 0x3A, 
	0x82, 0xBB, 0x8C, 0x7A, 0x8B, 0xE2, 0xE8, 0xE9, 0xE9, 0xE5, 0xBA, 0xAF, 0x18, 0x79, 0x82, 0x83, 
	0xA7, 0x78, 0x78, 0xA7, 0x78, 0x77, 0x75, 0x75, 0xBA, 0xE9, 0xF6, 0xE9, 0xEA, 0xBA, 0x3E, 0x80, 
	0x00, 0x80, 0x02, 0x76, 0x0D, 0x21, 0x0A, 0x1D, 0x21, 0x04, 0x21, 0x1C, 0x00, 0x21, 0x02, 0x0A, 
	0x0D, 0x04, 0x20, 0x21, 0x0A, 0x0D, 0x0A, 0x02, 0x02, 0x00, 0x21, 0x41, 0x00, 0x26, 0x27, 0x02, 
	0x4E, 0x0F, 0x0F, 0x51, 0x04, 0x27, 0x26, 0x04, 0x4F, 0x27, 0x0D, 0x50, 0x04, 0x26, 0x4F, 0x04, 
	0x4B, 0x43, 0x02, 0x55, 0x1D, 0x27, 0x50, 0x02, 0x50, 0x4B, 0x04, 0x58, 0x1D, 0x26, 0x50, 0x00, 
	0x55, 0x4E, 0x0A, 0x57, 0x0F, 0x4B, 0x55, 0x04, 0x55, 0x26, 0x23, 0x58, 0x00, 0x4F, 0x50, 0x02, 
	0x20, 0x0D, 0x41, 0x48, 0x02, 0x46, 0x41, 0x0D, 0x49, 0x0A, 0x46, 0x46, 0x00, 0x57, 0x1D, 0x4E, 
	0x55, 0x06, 0x56, 0x38, 0x38, 0x56, 0x06, 0x52, 0x4F, 0x19, 0x7D, 0x02, 0x53, 0x53, 0x02, 0x7D, 
	0x03, 0x4F, 0x53, 0x02, 0x7D, 0x07, 0x4C, 0x56, 0x02, 0x7D, 0x25, 0x84, 0x02, 0x80, 0x00, 0x80, 
	0x05, 0x02, 0x2F, 0x13, 0x0E, 0x02, 0x0E, 0x13, 0x2F, 0x80, 0x05, 0x80, 0x00, 0x94, 0x02, 0x01, 
	0x06, 0x06, 0x81, 0x02, 0x02, 0x00, 0x02, 0x04, 0x89, 0x02, 0x04, 0x00, 0x00, 0x02, 0x02, 0x04, 
	0x80, 0x00, 0x08, 0x02, 0x28, 0xCB, 0xC4, 0x0A, 0x02, 0x02, 0x00, 0x00, 0x80, 0x02, 0x80, 0x04, 
	0x0A, 0x02, 0x00, 0x02, 0x8E, 0x8E, 0x49, 0x90, 0x46, 0x00, 0x02, 0x04, 0x81, 0x0A, 0x84, 0x02, 
	0x0B, 0x00, 0x08, 0x19, 0x19, 0x3D, 0x3E, 0x3E, 0x6D, 0x79, 0x85, 0xA8, 0x85, 0x81, 0x75, 0x06, 
	0x79, 0x84, 0xA9, 0xA9, 0xA8, 0x78, 0x6E, 0x81, 0x75, 0x80, 0x77, 0x81, 0x75, 0x01, 0x6E, 0x3F, 
	0x80, 0x6D, 0x10, 0x3A, 0x19, 0x08, 0x08, 0x03, 0x19, 0x76, 0x82, 0x85, 0x76, 0x3A, 0x83, 0xEA, 
	0xE2, 0x53, 0x8B, 0x8B, 0x80, 0xE9, 0x18, 0xBA, 0xBB, 0xAB, 0x37, 0x82, 0x83, 0x79, 0xA9, 0x82, 
	0x78, 0x85, 0x83, 0x79, 0x77, 0x77, 0xE5, 0xEA, 0xF6, 0xE9, 0xEA, 0xB7, 0x08, 0x02, 0x00, 0x00, 
	0x80, 0x02, 0x00, 0x04, 0x80, 0x0A, 0x02, 0x04, 0x04, 0x02, 0x81, 0x00, 0x80, 0x02, 0x82, 0x04, 
	0x87, 0x02, 0x02, 0x00, 0x02, 0x02, 0x80, 0x04, 0x81, 0x02, 0x04, 0x06, 0x02, 0x02, 0x04, 0x04, 
	0x83, 0x02, 0x03, 0x04, 0x0F, 0xA5, 0xA2, 0x82, 0x02, 0x03, 0x4E, 0xA5, 0x92, 0x02, 0x82, 0x04, 
	0x81, 0x02, 0x0C, 0x00, 0x02, 0x02, 0x04, 0x0A, 0x04, 0x04, 0x02, 0x02, 0x00, 0x02, 0x02, 0x04, 
	0x85, 0x02, 0x00, 0x06, 0x80, 0x02, 0x02, 0x06, 0x02, 0x06, 0x80, 0x02, 0x02, 0x06, 0x02, 0x06, 
	0x91, 0x02, 0x80, 0x00, 0x80, 0x05, 0x02, 0x2F, 0x13, 0x0C, 0x02, 0x0E, 0x13, 0x2F, 0x80, 0x05, 
	0x80, 0x00, 0x9A, 0x02, 0x00, 0x00, 0x80, 0x02, 0x02, 0x06, 0x02, 0x02, 0x80, 0x00, 0x01, 0x02, 
	0x04, 0x89, 0x02, 0x02, 0x2B, 0xD6, 0xD4, 0x85, 0x02, 0x0D, 0x04, 0x02, 0x04, 0x02, 0x00, 0x02, 
	0x9C, 0x90, 0x8F, 0x94, 0x49, 0x00, 0x02, 0x02, 0x82, 0x04, 0x01, 0x0A, 0x0A, 0x81, 0x02, 0x01, 
	0x01, 0x3D, 0x82, 0x6D, 0x04, 0x75, 0x85, 0x85, 0x82, 0x77, 0x80, 0x75, 0x01, 0x77, 0xA9, 0x80, 
	0xA8, 0x01, 0x77, 0x75, 0x81, 0x6E, 0x03, 0x78, 0xAB, 0xAC, 0x83, 0x80, 0x75, 0x83, 0x6E, 0x28, 
	0x6D, 0x3E, 0x3B, 0x37, 0x1A, 0x76, 0x82, 0x85, 0x85, 0x78, 0x3B, 0x83, 0xE5, 0xE2, 0x3E, 0x7A, 
	0xE5, 0xEA, 0xE5, 0xAD, 0xAB, 0xA7, 0x85, 0x84, 0x84, 0x82, 0x77, 0xA9, 0x85, 0x84, 0x79, 0xA7, 
	0x78, 0x78, 0x85, 0xAB, 0xE5, 0xF6, 0xE9, 0xBA, 0x53, 0x81, 0x02, 0x01, 0x00, 0x00, 0x80, 0x02, 
	0x00, 0x0A, 0x80, 0x04, 0x00, 0x02, 0x82, 0x00, 0x01, 0x02, 0x02, 0x83, 0x04, 0x01, 0x02, 0x02, 
	0x80, 0x00, 0x80, 0x02, 0x00, 0x00, 0x80, 0x02, 0x82, 0x04, 0x83, 0x02, 0x00, 0x06, 0x82, 0x02, 
	0x0D, 0x04, 0x0A, 0x1D, 0xB3, 0xB0, 0x04, 0x02, 0x04, 0x06, 0x02, 0x50, 0xB3, 0xA5, 0x00, 0x86, 
	0x02, 0x03, 0x00, 0x02, 0x02, 0x04, 0x80, 0x0A, 0x06, 0x02, 0x02, 0x00, 0x02, 0x02, 0x0A, 0x0A, 
	0x85, 0x02, 0x00, 0x04, 0x81, 0x02, 0x01, 0x06, 0x04, 0x80, 0x02, 0x01, 0x06, 0x06, 0x91, 0x02, 
	0x80, 0x00, 0x80, 0x05, 0x02, 0x2F, 0x13, 0x05, 0x02, 0x0E, 0x13, 0x2F, 0x80, 0x05, 0x80, 0x00, 
	0x84, 0x02, 0x52, 0x04, 0x10, 0x02, 0x11, 0x0B, 0x04, 0x12, 0x02, 0x12, 0x11, 0x02, 0x28, 0x06, 
	0x11, 0x1E, 0x02, 0x28, 0x0B, 0x12, 0x28, 0x02, 0x28, 0x11, 0x02, 0x2B, 0x02, 0x28, 0x28, 0x02, 
	0x2B, 0x10, 0x28, 0x2B, 0x04, 0x44, 0x2D, 0x10, 0x59, 0x02, 0x2B, 0x2C, 0x00, 0x5A, 0x12, 0x28, 
	0x5B, 0x2B, 0xD6, 0xD4, 0x02, 0x5A, 0x0B, 0x2A, 0x5A, 0x04, 0x5A, 0x2C, 0x0B, 0x61, 0x0A, 0x21, 
	0x46, 0x00, 0x94, 0x90, 0x8F, 0x94, 0x49, 0x21, 0x46, 0x02, 0x02, 0x04, 0x0A, 0x46, 0x0D, 0x21, 
	0x45, 0x0A, 0x04, 0x0F, 0x1A, 0x3E, 0x82, 0x6D, 0x04, 0x75, 0x80, 0x85, 0x83, 0x78, 0x80, 0x75, 
	0x07, 0x78, 0x85, 0xA8, 0xA8, 0x85, 0x82, 0x84, 0x78, 0x80, 0x6E, 0x04, 0x78, 0x84, 0xA8, 0x82, 
	0x78, 0x80, 0x75, 0x01, 0x77, 0x79, 0x83, 0x3E, 0x0D, 0x3F, 0x3B, 0x3E, 0x77, 0x83, 0xA7, 0x85, 
	0x82, 0x75, 0x82, 0xB7, 0x8B, 0x76, 0x83, 0x80, 0xBB, 0x15, 0xAC, 0xA8, 0xA8, 0x85, 0xA7, 0xA7, 
	0x85, 0x82, 0x82, 0x85, 0x85, 0x79, 0xA7, 0x84, 0x82, 0x79, 0x84, 0xBB, 0xBB, 0xB7, 0x6A, 0x07, 
	0x82, 0x02, 0x77, 0x48, 0x20, 0x20, 0x49, 0x0A, 0x41, 0x46, 0x04, 0x48, 0x43, 0x00, 0x48, 0x1C, 
	0x26, 0x52, 0x02, 0x4F, 0x52, 0x0A, 0x52, 0x26, 0x0A, 0x54, 0x0D, 0x26, 0x52, 0x00, 0x4F, 0x4F, 
	0x00, 0x55, 0x23, 0x23, 0x56, 0x04, 0x4B, 0x52, 0x0A, 0x58, 0x4B, 0x0F, 0x58, 0x03, 0x4B, 0x52, 
	0x02, 0x50, 0x4E, 0x02, 0x58, 0x0F, 0x43, 0x55, 0x0F, 0xB3, 0xB0, 0x0A, 0x58, 0x1D, 0x04, 0x04, 
	0x51, 0xB3, 0xA6, 0x00, 0x55, 0x0F, 0x4B, 0x55, 0x04, 0x55, 0x26, 0x0F, 0x55, 0x00, 0x4B, 0x4F, 
	0x04, 0x55, 0x27, 0x24, 0x50, 0x02, 0x4C, 0x26, 0x03, 0x50, 0x0A, 0x4B, 0x4B, 0x04, 0x4C, 0x23, 
	0x27, 0x4B, 0x02, 0x4B, 0x27, 0x23, 0x38, 0x02, 0x27, 0x27, 0x03, 0x26, 0x02, 0x23, 0x24, 0x02, 
	0x27, 0x04, 0x16, 0x23, 0x02, 0x19, 0x02, 0x03, 0x0F, 0x02, 0x03, 0x85, 0x02, 0x80, 0x00, 0x80, 
	0x05, 0x02, 0x2F, 0x13, 0x05, 0x02, 0x0E, 0x13, 0x2F, 0x80, 0x05, 0x81, 0x00, 0x83, 0x02, 0x52, 
	0x63, 0xC5, 0x02, 0xC5, 0x5E, 0x44, 0xCA, 0x02, 0xC1, 0x64, 0x11, 0xCA, 0x04, 0x64, 0xC1, 0x04, 
	0xCA, 0x2C, 0x5B, 0xC4, 0x02, 0xC6, 0x5B, 0x12, 0xC7, 0x00, 0x65, 0x65, 0x02, 0xC4, 0x2C, 0x5B, 
	0xC4, 0x0A, 0xC4, 0x67, 0x2D, 0xCA, 0x02, 0x64, 0x65, 0x00, 0xC5, 0x2B, 0x59, 0xC8, 0x2B, 0xD4, 
	0xCA, 0x02, 0xC7, 0x1E, 0x5B, 0xC6, 0x0A, 0x98, 0x60, 0x0D, 0x99, 0x0D, 0x48, 0x8D, 0x00, 0x8E, 
	0x8E, 0x49, 0x90, 0x48, 0x46, 0x49, 0x02, 0x02, 0x04, 0x0D, 0x8E, 0x1C, 0x46, 0x49, 0x0A, 0x19, 
	0x7B, 0x87, 0x6E, 0x81, 0x6D, 0x09, 0x75, 0x82, 0x85, 0x84, 0x79, 0x75, 0x77, 0x77, 0x78, 0x84, 
	0x80, 0xA9, 0x0A, 0x85, 0x82, 0x84, 0x78, 0x75, 0x6E, 0x79, 0x84, 0xA9, 0x85, 0x78, 0x80, 0x77, 
	0x03, 0x78, 0x82, 0x7F, 0x37, 0x80, 0x3A, 0x0F, 0x37, 0x6D, 0x3E, 0x3B, 0x77, 0x78, 0x84, 0xA8, 
	0xA9, 0xA8, 0x85, 0x75, 0x3E, 0x76, 0x82, 0xA8, 0x84, 0xA9, 0x80, 0xA8, 0x0C, 0xA7, 0x77, 0x84, 
	0xA7, 0x78, 0xA8, 0xA9, 0x85, 0x77, 0x82, 0x85, 0xAB, 0x32, 0x83, 0x02, 0x79, 0x0A, 0x8D, 0x21, 
	0x21, 0x8D, 0x0A, 0x46, 0x49, 0x02, 0x49, 0x46, 0x02, 0x49, 0x20, 0x4B, 0x7D, 0x02, 0x52, 0x56, 
	0x04, 0x56, 0x4B, 0x0A, 0x54, 0x0F, 0x4B, 0x7D, 0x00, 0x52, 0x52, 0x00, 0xA0, 0x26, 0x27, 0xA0, 
	0x03, 0x52, 0x7D, 0x0A, 0xA0, 0x50, 0x0F, 0xA3, 0x03, 0x55, 0x9F, 0x00, 0x58, 0x55, 0x02, 0xA6, 
	0x23, 0x50, 0xA1, 0x0F, 0xB0, 0xA5, 0x0A, 0xA6, 0x26, 0x04, 0x04, 0x4E, 0xB1, 0xA6, 0x02, 0xA3, 
	0x23, 0x55, 0xA1, 0x04, 0xA1, 0x55, 0x27, 0xA5, 0x02, 0x58, 0x9F, 0x02, 0xA5, 0x50, 0x4B, 0xA5, 
	0x06, 0xA1, 0x58, 0x0F, 0xB6, 0x03, 0x9F, 0x9F, 0x04, 0xB6, 0x50, 0x56, 0xA3, 0x02, 0xA3, 0x56, 
	0x4F, 0xA4, 0x06, 0x7D, 0x7C, 0x19, 0xA4, 0x02, 0x57, 0xA0, 0x02, 0xB6, 0x0F, 0x56, 0xA0, 0x02, 
	0xB6, 0x23, 0x55, 0xA1, 0x02, 0xA3, 0x4E, 0x84, 0x02, 0x80, 0x00, 0x80, 0x05, 0x02, 0x24, 0x13, 
	0x05, 0x02, 0x0E, 0x13, 0x2F, 0x80, 0x05, 0x80, 0x00, 0x84, 0x02, 0x1C, 0x1E, 0x2B, 0x02, 0x2D, 
	0x12, 0x0B, 0x28, 0x02, 0x11, 0x10, 0x02, 0x1E, 0x02, 0x11, 0x12, 0x02, 0x1E, 0x04, 0x04, 0x11, 
	0x02, 0x11, 0x0B, 0x02, 0x04, 0x00, 0x02, 0x00, 0x00, 0x80, 0x02, 0x07, 0x0B, 0x04, 0x0B, 0x04, 
	0x04, 0x0B, 0x04, 0x02, 0x80, 0x00, 0x81, 0x02, 0x0C, 0x2B, 0x28, 0x00, 0x00, 0x02, 0x04, 0x0A, 
	0x04, 0x04, 0x02, 0x02, 0x0A, 0x0A, 0x81, 0x02, 0x84, 0x00, 0x0A, 0x02, 0x04, 0x04, 0x0A, 0x0A, 
	0x02, 0x02, 0x07, 0x7B, 0x84, 0x85, 0x81, 0x6E, 0x0A, 0x6D, 0x82, 0x85, 0x85, 0x6E, 0x75, 0x75, 
	0x77, 0x77, 0x85, 0xAC, 0x81, 0xA9, 0x01, 0xAC, 0x77, 0x80, 0x6E, 0x03, 0x85, 0xA9, 0xA7, 0x75, 
	0x80, 0x77, 0x06, 0x79, 0x85, 0x82, 0x3E, 0x3F, 0x6D, 0x6D, 0x80, 0x75, 0x03, 0x6D, 0x37, 0x77, 
	0x85, 0x81, 0xA9, 0x03, 0xAB, 0x6F, 0x83, 0x85, 0x87, 0xA9, 0x12, 0xAD, 0xAD, 0xA7, 0x75, 0x84, 
	0xA9, 0xAD, 0x85, 0xAC, 0xA7, 0x79, 0xAB, 0xA9, 0xAB, 0x07, 0x02, 0x00, 0x02, 0x02, 0x81, 0x04, 
	0x00, 0x02, 0x80, 0x00, 0x03, 0x02, 0x00, 0x02, 0x02, 0x81, 0x04, 0x83, 0x02, 0x00, 0x06, 0x82, 
	0x04, 0x01, 0x06, 0x02, 0x80, 0x00, 0x80, 0x02, 0x01, 0x06, 0x02, 0x81, 0x04, 0x84, 0x02, 0x03, 
	0x00, 0x00, 0x02, 0x02, 0x81, 0x04, 0x0A, 0x23, 0x1D, 0x0D, 0x1D, 0x0F, 0x26, 0x26, 0x1D, 0x4B, 
	0x26, 0x00, 0x85, 0x02, 0x01, 0x04, 0x06, 0x81, 0x02, 0x80, 0x04, 0x81, 0x02, 0x09, 0x00, 0x00, 
	0x02, 0x02, 0x04, 0x0A, 0x04, 0x03, 0x03, 0x02, 0x80, 0x03, 0x15, 0x07, 0x02, 0x03, 0x03, 0x02, 
	0x07, 0x02, 0x02, 0x03, 0x02, 0x07, 0x06, 0x03, 0x07, 0x02, 0x0F, 0x02, 0x03, 0x0F, 0x02, 0x0F, 
	0x03, 0x84, 0x02, 0x80, 0x00, 0x80, 0x05, 0x02, 0x2F, 0x13, 0x05, 0x02, 0x0E, 0x13, 0x2F, 0x80, 
	0x05, 0x81, 0x00, 0x8B, 0x02, 0x01, 0x00, 0x00, 0x80, 0x02, 0x00, 0x06, 0x87, 0x02, 0x82, 0x00, 
	0x05, 0x02, 0x02, 0x04, 0x02, 0x02, 0x00, 0x84, 0x02, 0x81, 0x00, 0x09, 0x2D, 0xD5, 0xCB, 0x00, 
	0x00, 0x02, 0x02, 0x04, 0x02, 0x04, 0x81, 0x02, 0x80, 0x04, 0x00, 0x06, 0x80, 0x02, 0x81, 0x00, 
	0x80, 0x02, 0x0F, 0x06, 0x04, 0x02, 0x1A, 0x6D, 0x84, 0x83, 0x78, 0x6E, 0x6E, 0x6D, 0x3B, 0x6E, 
	0x83, 0x85, 0x85, 0x80, 0x6E, 0x1A, 0x75, 0xAB, 0x83, 0x78, 0x78, 0xA7, 0xA8, 0xA8, 0xAC, 0x75, 
	0x6E, 0x79, 0x85, 0xA8, 0x84, 0x79, 0x75, 0x6E, 0x6E, 0x79, 0xA8, 0xA8, 0x83, 0x6E, 0x6E, 0x82, 
	0x82, 0x80, 0x6E, 0x0A, 0x3E, 0x3A, 0x77, 0x85, 0xA8, 0xA7, 0xA7, 0xA8, 0xA8, 0xA7, 0xA7, 0x88, 
	0xA8, 0x18, 0xBB, 0xBB, 0x85, 0x75, 0x83, 0xAD, 0xEA, 0x88, 0xA9, 0xAB, 0x79, 0x85, 0xA8, 0xA7, 
	0x87, 0x3D, 0x00, 0x02, 0x02, 0x04, 0x04, 0x0A, 0x0A, 0x02, 0x02, 0x82, 0x00, 0x05, 0x02, 0x04, 
	0x04, 0x0A, 0x04, 0x04, 0x88, 0x02, 0x00, 0x04, 0x81, 0x02, 0x80, 0x06, 0x81, 0x02, 0x00, 0x04, 
	0x8A, 0x02, 0x0C, 0x04, 0x04, 0x02, 0xBC, 0xB1, 0x92, 0xB3, 0xA2, 0xB1, 0xB3, 0x55, 0xB3, 0xA5, 
	0x80, 0x02, 0x00, 0x06, 0x82, 0x02, 0x03, 0x06, 0x04, 0x04, 0x06, 0x81, 0x02, 0x81, 0x04, 0x01, 
	0x02, 0x00, 0x81, 0x02, 0x01, 0x04, 0x04, 0xA0, 0x02, 0x80, 0x00, 0x80, 0x05, 0x02, 0x2F, 0x13, 
	0x05, 0x02, 0x0E, 0x13, 0x2F, 0x80, 0x05, 0x80, 0x00, 0x89, 0x02, 0x83, 0x00, 0x8B, 0x02, 0x81, 
	0x00, 0x81, 0x02, 0x81, 0x00, 0x05, 0x02, 0x04, 0x0A, 0x0A, 0x04, 0x02, 0x80, 0x00, 0x22, 0x2D, 
	0xD7, 0xD1, 0x02, 0x0B, 0x02, 0x02, 0x0B, 0x04, 0x0B, 0x0A, 0x02, 0x0A, 0x02, 0x02, 0x0A, 0x04, 
	0x0A, 0x0A, 0x02, 0x0A, 0x00, 0x00, 0x02, 0x00, 0x02, 0x00, 0x00, 0x02, 0x02, 0x19, 0x3A, 0x77, 
	0x85, 0x82, 0x80, 0x6E, 0x2A, 0x6D, 0x3B, 0x79, 0x83, 0x85, 0x85, 0x79, 0x75, 0x75, 0x79, 0xA7, 
	0x78, 0x75, 0x75, 0xAB, 0xA9, 0xA7, 0x84, 0x75, 0x79, 0x82, 0xA8, 0xA8, 0x83, 0x6E, 0x75, 0x75, 
	0x78, 0x84, 0xA8, 0x85, 0x82, 0x75, 0x6E, 0x83, 0x83, 0x77, 0x6E, 0x6D, 0x3E, 0x36, 0x8C, 0xAB, 
	0x81, 0xA7, 0x02, 0xA9, 0xA8, 0xA9, 0x85, 0xA8, 0x6C, 0xA7, 0xA7, 0xA8, 0xBB, 0xBB, 0x85, 0x77, 
	0x83, 0xBB, 0xF6, 0xBB, 0xAD, 0xAB, 0x79, 0x85, 0xA7, 0xA9, 0x84, 0x4D, 0x00, 0x02, 0x02, 0x0D, 
	0x0D, 0x0A, 0x1C, 0x0A, 0x02, 0x0D, 0x00, 0x04, 0x0D, 0x00, 0x0D, 0x0D, 0x04, 0x1C, 0x0A, 0x0C, 
	0x0F, 0x02, 0x03, 0x0F, 0x00, 0x0F, 0x03, 0x02, 0x0F, 0x03, 0x0F, 0x0F, 0x04, 0x0F, 0x0F, 0x02, 
	0x0F, 0x03, 0x03, 0x0F, 0x02, 0x0F, 0x0F, 0x06, 0x0F, 0x0C, 0x03, 0x0F, 0x02, 0x03, 0x0F, 0x00, 
	0x0C, 0x0C, 0x02, 0x0F, 0x04, 0x0A, 0x0F, 0x0A, 0xB3, 0xB1, 0x92, 0xB3, 0xA2, 0xB0, 0xB3, 0x55, 
	0xB3, 0xA5, 0x02, 0x0F, 0x02, 0x03, 0x0C, 0x00, 0x03, 0x04, 0x02, 0x0D, 0x04, 0x0A, 0x03, 0x00, 
	0x02, 0x00, 0x02, 0x04, 0x04, 0x03, 0x80, 0x02, 0x81, 0x00, 0x00, 0x02, 0x80, 0x04, 0x09, 0x0A, 
	0x02, 0x06, 0x02, 0x02, 0x06, 0x02, 0x02, 0x00, 0x00, 0x84, 0x02, 0x02, 0x04, 0x02, 0x06, 0x8A, 
	0x02, 0x80, 0x00, 0x80, 0x05, 0x02, 0x2F, 0x13, 0x05, 0x02, 0x0E, 0x13, 0x2F, 0x80, 0x05, 0x80, 
	0x00, 0x84, 0x02, 0x50, 0x5B, 0x65, 0x02, 0xC1, 0x59, 0x2B, 0xC1, 0x00, 0x65, 0x67, 0x10, 0xC6, 
	0x02, 0x62, 0x65, 0x02, 0xC4, 0x28, 0x5A, 0xC6, 0x02, 0xC1, 0x5A, 0x11, 0xC4, 0x02, 0x65, 0x65, 
	0x02, 0xC5, 0x2B, 0x5B, 0xC4, 0x02, 0xC6, 0x67, 0x28, 0xCA, 0x04, 0x97, 0xC6, 0x0A, 0xCA, 0x2C, 
	0x59, 0xC7, 0x2B, 0xD5, 0xD1, 0x10, 0xD1, 0x2B, 0x64, 0xC8, 0x04, 0xC8, 0x64, 0x0A, 0x99, 0x0A, 
	0x49, 0x96, 0x0A, 0x96, 0x49, 0x22, 0x9A, 0x0A, 0x46, 0x96, 0x00, 0x8D, 0x48, 0x00, 0x02, 0x02, 
	0x3A, 0x75, 0x85, 0x85, 0x83, 0x80, 0x6E, 0x1E, 0x6D, 0x6D, 0xAB, 0xA8, 0xA8, 0xA7, 0xA8, 0x79, 
	0x78, 0xA8, 0xA8, 0x78, 0x77, 0x77, 0xAB, 0xA9, 0x84, 0x77, 0x77, 0x84, 0xAC, 0xA9, 0xA9, 0x83, 
	0x75, 0x77, 0x75, 0x82, 0xA8, 0xA9, 0x78, 0x80, 0x77, 0x80, 0x85, 0x05, 0x6E, 0x3B, 0x3A, 0x4F, 
	0xEA, 0xBB, 0x8C, 0xA9, 0x7F, 0x85, 0x82, 0x85, 0xBA, 0xBB, 0x85, 0xA9, 0x83, 0xBB, 0xF5, 0xE7, 
	0xBB, 0xAB, 0x80, 0x83, 0xA7, 0xAA, 0x83, 0x3E, 0x00, 0x00, 0x02, 0x91, 0x54, 0x0D, 0x9A, 0x41, 
	0x21, 0x9A, 0x02, 0x49, 0x91, 0x02, 0x93, 0x49, 0x0A, 0x9A, 0x41, 0x52, 0xA4, 0x00, 0x56, 0x7C, 
	0x00, 0xA3, 0x52, 0x03, 0xB6, 0x24, 0x52, 0xA3, 0x03, 0xA0, 0x7C, 0x02, 0xB6, 0x4B, 0x38, 0xB9, 
	0x02, 0x57, 0xA1, 0x02, 0xA5, 0x55, 0x27, 0xB9, 0x07, 0x7C, 0xB6, 0x06, 0xA3, 0x9F, 0x03, 0xBC, 
	0x27, 0x58, 0xB6, 0x02, 0xB3, 0xB3, 0x92, 0xB4, 0xA1, 0xB0, 0xB3, 0x55, 0xB3, 0xA5, 0x0C, 0xBC, 
	0x23, 0x57, 0xA5, 0x00, 0xB6, 0x58, 0x26, 0xBC, 0x0A, 0x9F, 0xA3, 0x00, 0xB6, 0x50, 0x4C, 0xB6, 
	0x03, 0xA5, 0x7C, 0x0F, 0xBC, 0x03, 0x9F, 0xA2, 0x00, 0xA5, 0x50, 0x58, 0xA5, 0x0A, 0xA3, 0x58, 
	0x4F, 0xA5, 0x04, 0x7C, 0x57, 0x11, 0x07, 0xB5, 0x02, 0x56, 0x7C, 0x02, 0xB5, 0x0F, 0x56, 0xA0, 
	0x02, 0xA3, 0x23, 0x50, 0xA0, 0x02, 0xA0, 0x38, 0x84, 0x02, 0x80, 0x00, 0x80, 0x05, 0x02, 0x2F, 
	0x13, 0x05, 0x05, 0x13, 0x13, 0x2F, 0x0C, 0x05, 0x05, 0x80, 0x00, 0x84, 0x02, 0x7F, 0x59, 0x63, 
	0x04, 0x63, 0x2B, 0x28, 0x63, 0x02, 0x5B, 0x59, 0x0B, 0x63, 0x00, 0x59, 0x5A, 0x02, 0x63, 0x12, 
	0x2B, 0x5B, 0x02, 0x5A, 0x2B, 0x0B, 0x5E, 0x04, 0x59, 0x59, 0x02, 0x5A, 0x12, 0x28, 0x59, 0x02, 
	0x2B, 0x28, 0x04, 0x2C, 0x02, 0x2D, 0x2C, 0x0A, 0x44, 0x10, 0x12, 0x2C, 0x10, 0x63, 0x5E, 0x0B, 
	0x5A, 0x12, 0x29, 0x44, 0x02, 0x44, 0x29, 0x00, 0x47, 0x02, 0x20, 0x21, 0x0A, 0x21, 0x22, 0x0D, 
	0x41, 0x02, 0x1C, 0x21, 0x00, 0x20, 0x0D, 0x00, 0x00, 0x3D, 0x6D, 0x75, 0x85, 0x85, 0x82, 0x6E, 
	0x6E, 0x3F, 0x3E, 0x6E, 0xAB, 0x83, 0x83, 0xA7, 0xA7, 0x79, 0x78, 0xA7, 0x78, 0x77, 0x75, 0x77, 
	0xA7, 0xA9, 0x84, 0x77, 0x77, 0x84, 0xAC, 0xAC, 0x78, 0x77, 0x6E, 0x6E, 0x84, 0x85, 0x85, 0x78, 
	0x77, 0x75, 0x77, 0x84, 0x88, 0x85, 0x85, 0x6E, 0x3B, 0x7D, 0xBB, 0xEA, 0xBB, 0xA9, 0x03, 0xA8, 
	0xA8, 0x85, 0x83, 0x80, 0xA9, 0x01, 0xA8, 0xA9, 0x81, 0xA8, 0x7F, 0xA9, 0xA8, 0x88, 0x79, 0xE5, 
	0xBA, 0x77, 0xA9, 0x78, 0xB7, 0xF5, 0xE7, 0xBB, 0xAB, 0xAD, 0x79, 0x82, 0xA9, 0xA8, 0x7A, 0x1A, 
	0x00, 0x02, 0x1C, 0x0D, 0x0A, 0x22, 0x0D, 0x0A, 0x20, 0x00, 0x0D, 0x1C, 0x02, 0x20, 0x1C, 0x04, 
	0x21, 0x0D, 0x0F, 0x23, 0x00, 0x0F, 0x19, 0x00, 0x24, 0x0F, 0x02, 0x27, 0x03, 0x0F, 0x27, 0x04, 
	0x23, 0x23, 0x02, 0x27, 0x0F, 0x0C, 0x26, 0x06, 0x23, 0x23, 0x00, 0x27, 0x16, 0x03, 0x38, 0x02, 
	0x24, 0x26, 0x04, 0x27, 0x23, 0x02, 0x38, 0x03, 0x16, 0x26, 0x04, 0x4B, 0x4B, 0x27, 0x50, 0x26, 
	0x4E, 0x50, 0x24, 0x50, 0x4E, 0x04, 0x4E, 0x03, 0x27, 0x4E, 0x00, 0x4E, 0x27, 0x0F, 0x50, 0x04, 
	0x4E, 0x4E, 0x02, 0x50, 0x24, 0x23, 0x50, 0x02, 0x50, 0x4E, 0x04, 0x55, 0x04, 0x4E, 0x4F, 0x00, 
	0x55, 0x27, 0x43, 0x55, 0x02, 0x55, 0x4E, 0x27, 0x58, 0x06, 0x50, 0x13, 0x4F, 0x03, 0x56, 0x06, 
	0x4F, 0x52, 0x02, 0x58, 0x03, 0x4B, 0x52, 0x02, 0x56, 0x0F, 0x38, 0x55, 0x02, 0x52, 0x27, 0x00, 
	0x83, 0x02, 0x80, 0x00, 0x80, 0x05, 0x02, 0x2F, 0x13, 0x05, 0x02, 0x0E, 0x13, 0x2F, 0x80, 0x05, 
	0x80, 0x00, 0x90, 0x02, 0x01, 0x00, 0x00, 0x84, 0x02, 0x15, 0x00, 0x00, 0x02, 0x02, 0x04, 0x04, 
	0x02, 0x02, 0x00, 0x00, 0x2B, 0x5B, 0x06, 0x67, 0x59, 0x67, 0xC9, 0x28, 0x00, 0x02, 0x02, 0x04, 
	0x88, 0x02, 0x82, 0x00, 0x80, 0x02, 0x00, 0x0A, 0x83, 0x02, 0x81, 0x00, 0x3E, 0x01, 0x33, 0x6E, 
	0x75, 0x6F, 0x78, 0x83, 0x82, 0x6F, 0x6E, 0x3F, 0x6D, 0x79, 0x85, 0x80, 0x82, 0x85, 0x85, 0x77, 
	0x78, 0x85, 0x75, 0x6E, 0x75, 0x79, 0xA7, 0x85, 0x82, 0x75, 0x78, 0x84, 0xAC, 0xAC, 0x77, 0x6E, 
	0x77, 0x79, 0x85, 0x85, 0x83, 0x6E, 0x6E, 0x77, 0x78, 0xA7, 0xA8, 0x85, 0x83, 0x6E, 0x75, 0x87, 
	0xBB, 0xE7, 0xBB, 0xA8, 0xA8, 0xA7, 0x84, 0x83, 0x84, 0x85, 0x85, 0xA8, 0x82, 0xA7, 0x15, 0xA8, 
	0xA8, 0xAB, 0x78, 0xBB, 0xBB, 0x6F, 0xAC, 0x82, 0xB7, 0xF5, 0xEA, 0xBB, 0xAB, 0xBB, 0x75, 0x82, 
	0xA8, 0xA9, 0x76, 0x1A, 0x00, 0x81, 0x02, 0x00, 0x06, 0x81, 0x02, 0x00, 0x00, 0x87, 0x02, 0x00, 
	0x00, 0x85, 0x02, 0x00, 0x06, 0x89, 0x02, 0x80, 0x00, 0x8A, 0x02, 0x01, 0x06, 0x04, 0x9A, 0x02, 
	0x11, 0x0D, 0x91, 0x0D, 0x46, 0x46, 0x26, 0xA5, 0xA2, 0xA1, 0xB0, 0x51, 0xA5, 0xA2, 0xA2, 0xA5, 
	0x4B, 0x00, 0x00, 0x96, 0x02, 0x80, 0x00, 0x80, 0x05, 0x02, 0x2F, 0x13, 0x05, 0x02, 0x0E, 0x13, 
	0x2F, 0x80, 0x05, 0x80, 0x00, 0x83, 0x02, 0x00, 0x00, 0x97, 0x02, 0x0F, 0x0A, 0x0A, 0x02, 0x02, 
	0x00, 0xC9, 0xD4, 0x65, 0xD4, 0xCB, 0xC9, 0xD7, 0x67, 0x00, 0x02, 0x02, 0x82, 0x04, 0x83, 0x02, 
	0x84, 0x00, 0x01, 0x02, 0x04, 0x81, 0x0A, 0x80, 0x04, 0x47, 0x02, 0x02, 0x00, 0x19, 0x3A, 0x3E, 
	0x78, 0x82, 0x82, 0x6D, 0x82, 0x78, 0x6D, 0x6D, 0x3F, 0x79, 0x85, 0x85, 0x80, 0x82, 0x85, 0x79, 
	0x83, 0x85, 0xA8, 0x75, 0x75, 0x78, 0xA9, 0xA9, 0x82, 0x77, 0x77, 0xAB, 0xA9, 0xAC, 0xAB, 0x79, 
	0x77, 0x78, 0xA9, 0xA8, 0x82, 0x6E, 0x75, 0x75, 0x82, 0xA9, 0xA9, 0xA8, 0x84, 0x75, 0x77, 0x84, 
	0xA7, 0xAD, 0xE5, 0xBB, 0xAC, 0xAC, 0x83, 0x85, 0x85, 0x80, 0x82, 0x83, 0xA8, 0xA9, 0xA8, 0xA8, 
	0xA9, 0xA9, 0x81, 0xAD, 0x10, 0x85, 0x82, 0x77, 0xAC, 0xAD, 0xBA, 0xFA, 0xFA, 0xEA, 0xAD, 0xBB, 
	0x7F, 0x87, 0xA9, 0xA9, 0x7F, 0x33, 0x81, 0x02, 0x80, 0x00, 0x00, 0x02, 0x82, 0x04, 0x85, 0x02, 
	0x81, 0x00, 0x08, 0x02, 0x02, 0x04, 0x06, 0x06, 0x04, 0x02, 0x04, 0x04, 0x94, 0x02, 0x00, 0x00, 
	0x81, 0x02, 0x07, 0x06, 0x02, 0x04, 0x04, 0x02, 0x04, 0x04, 0x06, 0x80, 0x00, 0x05, 0x02, 0x02, 
	0x04, 0x04, 0x06, 0x06, 0x81, 0x02, 0x00, 0x06, 0x83, 0x02, 0x12, 0x46, 0x9C, 0x49, 0x9A, 0x9A, 
	0x51, 0xB3, 0xA5, 0xA5, 0xB4, 0x52, 0xB3, 0xA5, 0xA5, 0xB4, 0x92, 0x8E, 0x49, 0x04, 0x85, 0x02, 
	0x00, 0x00, 0x8C, 0x02, 0x80, 0x00, 0x80, 0x05, 0x02, 0x2F, 0x13, 0x05, 0x02, 0x0E, 0x13, 0x2F, 
	0x80, 0x05, 0x81, 0x00, 0x83, 0x02, 0x54, 0x59, 0x64, 0x02, 0x64, 0x2C, 0x2D, 0x65, 0x06, 0x67, 
	0x5A, 0x10, 0x65, 0x02, 0x5A, 0x67, 0x02, 0x65, 0x1E, 0x59, 0x65, 0x02, 0x64, 0x59, 0x12, 0xC1, 
	0x0A, 0x64, 0x67, 0x04, 0x97, 0x2D, 0xC6, 0xDB, 0x5B, 0xCB, 0xC8, 0xCC, 0xD7, 0x67, 0x60, 0x64, 
	0x02, 0x98, 0x28, 0x44, 0x98, 0x04, 0x64, 0x60, 0x02, 0x02, 0x00, 0x03, 0x18, 0x08, 0x03, 0x02, 
	0x02, 0x96, 0x02, 0x46, 0x49, 0x02, 0x48, 0x46, 0x1C, 0x8D, 0x0A, 0x41, 0x48, 0x02, 0x02, 0x1A, 
	0x6D, 0x82, 0x83, 0x83, 0x82, 0x6D, 0x3E, 0x3E, 0x3F, 0x1A, 0x75, 0x82, 0x80, 0xA8, 0x10, 0xAC, 
	0xAB, 0x77, 0x84, 0xA8, 0xAC, 0x77, 0x75, 0x78, 0xA9, 0xA9, 0x82, 0x77, 0x75, 0xAB, 0xA9, 0xAB, 
	0x80, 0x77, 0x21, 0x78, 0xAC, 0xA9, 0x82, 0x75, 0x77, 0x77, 0x82, 0xA8, 0xA8, 0xA9, 0x84, 0x77, 
	0x80, 0x85, 0xA9, 0xAD, 0xE5, 0xBB, 0xAC, 0xAC, 0x80, 0x83, 0x83, 0xA8, 0xA7, 0x84, 0x84, 0x85, 
	0x85, 0xAC, 0xA9, 0xAC, 0xA4, 0x80, 0xB5, 0x0B, 0xAF, 0xA9, 0xAC, 0xAC, 0xE5, 0xF6, 0xFA, 0xFD, 
	0xF6, 0xEA, 0xBB, 0xAD, 0x80, 0xAC, 0x02, 0x7F, 0x33, 0x04, 0x81, 0x02, 0x1C, 0x8D, 0x21, 0x20, 
	0x91, 0x0D, 0x46, 0x49, 0x04, 0x49, 0x46, 0x00, 0x91, 0x21, 0x0D, 0x21, 0x00, 0x53, 0x53, 0x00, 
	0x7D, 0x4C, 0x07, 0x7D, 0x23, 0x4C, 0x7D, 0x03, 0x52, 0x52, 0x83, 0x02, 0x01, 0x00, 0x00, 0x83, 
	0x02, 0x01, 0x06, 0x06, 0x81, 0x02, 0x47, 0xB6, 0x1D, 0x4F, 0xA0, 0x00, 0x9F, 0x56, 0x02, 0xA3, 
	0x24, 0x55, 0xA1, 0x0A, 0xA2, 0x58, 0x02, 0xA1, 0x0F, 0x50, 0x9F, 0x06, 0xA0, 0x50, 0x23, 0xA3, 
	0x03, 0x55, 0x9F, 0x02, 0xA3, 0x4B, 0x26, 0xA1, 0x00, 0x41, 0x21, 0x45, 0x9D, 0x49, 0x9A, 0x9A, 
	0x50, 0xB4, 0xA5, 0xA5, 0xB4, 0x55, 0xB3, 0xA5, 0xA5, 0xB4, 0x91, 0x9A, 0x93, 0x03, 0x7C, 0x03, 
	0x50, 0x56, 0x00, 0x7C, 0x07, 0x4C, 0x56, 0x02, 0x7C, 0x23, 0x38, 0x55, 0x06, 0x56, 0x26, 0x84, 
	0x02, 0x80, 0x00, 0x80, 0x05, 0x02, 0x2F, 0x13, 0x05, 0x02, 0x0E, 0x13, 0x2F, 0x80, 0x05, 0x80, 
	0x00, 0x84, 0x02, 0x49, 0x5B, 0x65, 0x02, 0x65, 0x59, 0x2B, 0xC1, 0x06, 0x64, 0x5B, 0x11, 0xC2, 
	0x02, 0x5B, 0x63, 0x02, 0x97, 0x1E, 0x59, 0x65, 0x02, 0x65, 0x59, 0x12, 0xC6, 0x02, 0x63, 0x67, 
	0x04, 0x97, 0x2A, 0x28, 0x2C, 0x00, 0x2C, 0x2D, 0x5C, 0xC1, 0x2B, 0x5A, 0x5B, 0x00, 0x64, 0x1E, 
	0x2C, 0x65, 0x04, 0x60, 0x5A, 0x02, 0x00, 0x1A, 0x37, 0x76, 0x6D, 0x1A, 0x06, 0x02, 0x61, 0x02, 
	0x46, 0x49, 0x02, 0x49, 0x46, 0x1C, 0x8D, 0x0A, 0x41, 0x48, 0x04, 0x1A, 0x3B, 0x75, 0x80, 0x83, 
	0x25, 0x82, 0x6D, 0x3E, 0x37, 0x1A, 0x33, 0x78, 0x85, 0x85, 0x82, 0x85, 0xA7, 0xA7, 0x77, 0x84, 
	0xA8, 0xAC, 0x77, 0x77, 0x78, 0xA8, 0xA8, 0x82, 0x75, 0x6E, 0x85, 0xA8, 0x85, 0x6E, 0x77, 0x82, 
	0x85, 0xAC, 0x83, 0x78, 0x75, 0x77, 0x82, 0x80, 0x85, 0x0A, 0xA7, 0x84, 0x77, 0x88, 0xA7, 0xA8, 
	0xAD, 0xE7, 0xEA, 0xE5, 0x83, 0x80, 0x80, 0x11, 0xA8, 0x84, 0x78, 0x6E, 0x75, 0x75, 0x78, 0x82, 
	0x7E, 0x54, 0x54, 0x49, 0x02, 0x53, 0x7E, 0xAB, 0xBB, 0xF6, 0x80, 0xFD, 0x03, 0xFA, 0xF5, 0xBA, 
	0x7E, 0x80, 0x7F, 0x33, 0x4D, 0x1A, 0x04, 0x02, 0x02, 0x00, 0x00, 0x49, 0x20, 0x20, 0x49, 0x0D, 
	0x43, 0x48, 0x02, 0x48, 0x43, 0x00, 0x49, 0x20, 0x0D, 0x21, 0x02, 0x4C, 0x53, 0x02, 0x52, 0x38, 
	0x03, 0x7D, 0x19, 0x38, 0x56, 0x04, 0x4F, 0x4C, 0x32, 0x37, 0x1B, 0x34, 0x37, 0x18, 0x34, 0x32, 
	0x1B, 0x34, 0x1B, 0x34, 0x34, 0x19, 0x34, 0x32, 0x81, 0x02, 0x47, 0xA0, 0x0F, 0x4B, 0x56, 0x00, 
	0x58, 0x50, 0x00, 0x9F, 0x23, 0x4F, 0x57, 0x04, 0x57, 0x50, 0x02, 0x7C, 0x0F, 0x4B, 0x56, 0x02, 
	0x57, 0x4B, 0x0F, 0xA0, 0x03, 0x50, 0x56, 0x02, 0x9F, 0x26, 0x27, 0x7C, 0x00, 0x21, 0x20, 0x20, 
	0x9A, 0x0D, 0x46, 0x49, 0x43, 0xB6, 0xA2, 0x9F, 0xA5, 0x4E, 0xA5, 0x92, 0x92, 0xA5, 0x26, 0x48, 
	0x49, 0x0A, 0x7C, 0x03, 0x52, 0x56, 0x00, 0x7C, 0x07, 0x4F, 0x56, 0x06, 0x7C, 0x23, 0x38, 0x56, 
	0x02, 0x56, 0x26, 0x84, 0x02, 0x80, 0x00, 0x80, 0x05, 0x02, 0x2F, 0x13, 0x05, 0x02, 0x0E, 0x13, 
	0x2F, 0x80, 0x05, 0x80, 0x00, 0x94, 0x02, 0x05, 0x00, 0x02, 0x00, 0x02, 0x02, 0x06, 0x80, 0x02, 
	0x80, 0x00, 0x0B, 0x02, 0x02, 0x04, 0x2A, 0x5A, 0x00, 0x00, 0x02, 0x0B, 0x2D, 0x04, 0x02, 0x80, 
	0x00, 0x01, 0x02, 0x02, 0x81, 0x04, 0x02, 0x02, 0x00, 0x3E, 0x80, 0x6E, 0x01, 0x3E, 0x37, 0x83, 
	0x00, 0x0A, 0x02, 0x02, 0x04, 0x0A, 0x04, 0x04, 0x0A, 0x03, 0x3B, 0x6F, 0x79, 0x80, 0x83, 0x21, 
	0x82, 0x3F, 0x3B, 0x33, 0x01, 0x37, 0x82, 0x85, 0x85, 0x75, 0x84, 0xA7, 0x85, 0x79, 0x84, 0xA8, 
	0xAC, 0x77, 0x75, 0x78, 0xA8, 0xA8, 0x78, 0x75, 0x6E, 0x85, 0xA7, 0x85, 0x6E, 0x6E, 0x83, 0xAC, 
	0xAC, 0x79, 0x80, 0x77, 0x00, 0x84, 0x81, 0x85, 0x01, 0x83, 0x79, 0x81, 0xAD, 0x03, 0xE5, 0xF6, 
	0xE9, 0x7B, 0x81, 0x78, 0x10, 0x77, 0x6D, 0x3F, 0x3F, 0x6D, 0x76, 0x76, 0x03, 0x9A, 0x9C, 0x9A, 
	0x02, 0x0D, 0x4F, 0xAF, 0xE5, 0xF6, 0x80, 0xFD, 0x0A, 0xFA, 0xF6, 0xB7, 0x6A, 0x54, 0x08, 0x76, 
	0x36, 0x04, 0x02, 0x02, 0x82, 0x00, 0x00, 0x02, 0x81, 0x0A, 0x01, 0x02, 0x02, 0x82, 0x00, 0x82, 
	0x02, 0x03, 0x00, 0x02, 0x02, 0x06, 0x82, 0x02, 0x11, 0x03, 0x72, 0x81, 0x6C, 0x73, 0x80, 0x35, 
	0x73, 0x70, 0x72, 0x73, 0x6C, 0x73, 0x73, 0x3C, 0x81, 0x70, 0x01, 0x85, 0x02, 0x01, 0x00, 0x00, 
	0x81, 0x02, 0x08, 0x06, 0x04, 0x02, 0x06, 0x02, 0x06, 0x02, 0x02, 0x06, 0x81, 0x02, 0x00, 0x04, 
	0x85, 0x02, 0x05, 0x00, 0xA5, 0xB1, 0x0D, 0x46, 0x1D, 0x80, 0x02, 0x01, 0x0A, 0x04, 0x80, 0x02, 
	0x01, 0x00, 0x00, 0x80, 0x02, 0x06, 0xB1, 0xA5, 0x04, 0x04, 0x02, 0x02, 0x00, 0x91, 0x02, 0x80, 
	0x00, 0x80, 0x05, 0x02, 0x2F, 0x13, 0x05, 0x05, 0x0E, 0x13, 0x2F, 0x0C, 0x05, 0x05, 0x80, 0x00, 
	0x84, 0x02, 0x00, 0x06, 0x86, 0x02, 0x00, 0x00, 0x87, 0x02, 0x03, 0x04, 0x04, 0x02, 0x02, 0x81, 
	0x00, 0x0B, 0x02, 0x02, 0xC9, 0xD4, 0x5A, 0x02, 0x02, 0xC6, 0xD5, 0x67, 0x04, 0x02, 0x80, 0x00, 
	0x00, 0x02, 0x81, 0x04, 0x0A, 0x00, 0x25, 0x6D, 0x6E, 0x6E, 0x75, 0x6E, 0x3D, 0x06, 0x06, 0x02, 
	0x81, 0x00, 0x38, 0x02, 0x02, 0x04, 0x0A, 0x04, 0x19, 0x3B, 0x6D, 0x6E, 0x75, 0x86, 0x83, 0x82, 
	0x78, 0x3A, 0x19, 0x00, 0x07, 0x3B, 0x83, 0x85, 0x85, 0x75, 0x77, 0x83, 0xA9, 0xAB, 0xA9, 0xAC, 
	0xAC, 0x77, 0x77, 0x82, 0xA9, 0xA9, 0x78, 0x75, 0x75, 0xA7, 0x82, 0x75, 0x6E, 0x88, 0xA8, 0xAC, 
	0xAC, 0x79, 0x77, 0x78, 0xAB, 0xA8, 0xA8, 0x85, 0x85, 0xA8, 0xA8, 0xAD, 0x81, 0xF5, 0x03, 0xBA, 
	0xF6, 0xF5, 0xEA, 0x80, 0x6D, 0x10, 0x3E, 0x3E, 0x3F, 0x6D, 0x88, 0x85, 0xAD, 0xBB, 0x0A, 0x9C, 
	0x9C, 0x46, 0x02, 0x8E, 0x91, 0x0F, 0xFA, 0x81, 0xFD, 0x0A, 0xFA, 0xE8, 0x00, 0x91, 0xBF, 0x19, 
	0xAD, 0x7A, 0x02, 0x04, 0x02, 0x82, 0x00, 0x00, 0x02, 0x81, 0x0A, 0x02, 0x04, 0x02, 0x02, 0x80, 
	0x00, 0x80, 0x02, 0x00, 0x06, 0x88, 0x02, 0x14, 0x03, 0x70, 0x81, 0x6C, 0x73, 0x81, 0x35, 0x73, 
	0x73, 0x72, 0x81, 0x6F, 0x73, 0x81, 0x3C, 0x81, 0x73, 0x07, 0x02, 0x04, 0x02, 0x81, 0x04, 0x04, 
	0x02, 0x02, 0x00, 0x02, 0x00, 0x83, 0x02, 0x02, 0x06, 0x04, 0x04, 0x83, 0x02, 0x81, 0x04, 0x81, 
	0x02, 0x0E, 0x00, 0x00, 0xB1, 0xB3, 0x43, 0x9D, 0x49, 0x00, 0x02, 0x02, 0x0A, 0x0A, 0x04, 0x04, 
	0x02, 0x80, 0x00, 0x06, 0x02, 0x02, 0xB1, 0xB1, 0x0A, 0x02, 0x02, 0x80, 0x00, 0x80, 0x02, 0x02, 
	0x04, 0x02, 0x06, 0x8A, 0x02, 0x80, 0x00, 0x80, 0x05, 0x02, 0x2F, 0x13, 0x05, 0x02, 0x0E, 0x13, 
	0x2E, 0x80, 0x05, 0x81, 0x00, 0x83, 0x02, 0x79, 0x5B, 0x65, 0x02, 0x65, 0x59, 0x2D, 0x97, 0x00, 
	0x64, 0x5B, 0x0B, 0xC1, 0x02, 0x67, 0x62, 0x02, 0xC2, 0x28, 0x59, 0x97, 0x04, 0x65, 0x59, 0x12, 
	0xC6, 0x00, 0x63, 0x67, 0x00, 0xC1, 0x2D, 0xC9, 0xD4, 0x5A, 0x0A, 0x0A, 0xC6, 0xD5, 0x67, 0x49, 
	0x49, 0x00, 0x96, 0x20, 0x2A, 0x96, 0x04, 0x49, 0x48, 0x00, 0x25, 0x6D, 0x75, 0x77, 0x77, 0x6E, 
	0x3D, 0x02, 0x8D, 0x0D, 0x45, 0x48, 0x00, 0x48, 0x45, 0x00, 0x41, 0x0D, 0x04, 0x1A, 0x75, 0x6E, 
	0x6E, 0x75, 0x85, 0x80, 0x6E, 0x37, 0x08, 0x03, 0x00, 0x07, 0x3B, 0x83, 0xA8, 0xA7, 0x84, 0x79, 
	0x79, 0x82, 0xAC, 0xA9, 0xA9, 0xAC, 0x77, 0x77, 0x79, 0x82, 0xA8, 0x78, 0x79, 0x85, 0xA8, 0x82, 
	0x75, 0x75, 0x85, 0xA8, 0xA9, 0xAC, 0x78, 0x77, 0x78, 0xAC, 0xA9, 0xA8, 0x85, 0x82, 0x85, 0xA9, 
	0xAD, 0xF5, 0x80, 0xFA, 0x18, 0xBA, 0xF6, 0xF6, 0xEA, 0x76, 0x82, 0x84, 0x88, 0x88, 0x84, 0x84, 
	0x83, 0x83, 0xAD, 0xAD, 0xB5, 0x92, 0x9A, 0x91, 0x00, 0x91, 0x91, 0x0E, 0xF6, 0xFA, 0x80, 0xFD, 
	0x25, 0xF6, 0xB8, 0x00, 0x9A, 0xB8, 0xAF, 0x82, 0x3D, 0x04, 0x02, 0x02, 0x58, 0x50, 0x02, 0x91, 
	0x1D, 0x20, 0x91, 0x0D, 0x47, 0x91, 0x02, 0x02, 0x00, 0x00, 0x7D, 0x38, 0x02, 0x02, 0x04, 0x4D, 
	0x7A, 0x02, 0x7A, 0x39, 0x07, 0x7D, 0x25, 0x81, 0x02, 0x45, 0x03, 0x72, 0x81, 0x6C, 0x73, 0x81, 
	0x35, 0x73, 0x73, 0x72, 0x74, 0x6F, 0x73, 0x73, 0x3C, 0x74, 0x70, 0x03, 0x02, 0x02, 0x03, 0xB6, 
	0x23, 0x50, 0xA0, 0x02, 0x9F, 0x58, 0x02, 0xB5, 0x24, 0x50, 0xA1, 0x02, 0x9F, 0x55, 0x04, 0xA1, 
	0x1D, 0x0D, 0x1D, 0x04, 0x9F, 0x50, 0x23, 0xA3, 0x03, 0x55, 0xA0, 0x04, 0xA3, 0x4B, 0x26, 0xA1, 
	0x00, 0xB1, 0xB3, 0x43, 0x9D, 0x54, 0x21, 0x21, 0x02, 0xA1, 0x4F, 0x55, 0xA1, 0x04, 0x9F, 0x55, 
	0x80, 0x02, 0x13, 0xB1, 0xB1, 0x02, 0x9F, 0x00, 0x50, 0x56, 0x00, 0x7C, 0x07, 0x4F, 0x7D, 0x02, 
	0x7C, 0x23, 0x38, 0x7D, 0x06, 0x7C, 0x38, 0x84, 0x02, 0x80, 0x00, 0x80, 0x05, 0x02, 0x2F, 0x13, 
	0x05, 0x02, 0x0E, 0x13, 0x2F, 0x80, 0x05, 0x80, 0x00, 0x84, 0x02, 0x33, 0x44, 0x67, 0x02, 0x60, 
	0x2B, 0x28, 0x60, 0x00, 0x5B, 0x59, 0x04, 0x63, 0x02, 0x59, 0x5A, 0x04, 0x63, 0x12, 0x2C, 0x60, 
	0x04, 0x5E, 0x2C, 0x10, 0x63, 0x00, 0x59, 0x59, 0x00, 0x60, 0x1E, 0x28, 0x59, 0x0B, 0x11, 0x10, 
	0x12, 0x5A, 0x04, 0x45, 0x46, 0x00, 0x49, 0x1C, 0x20, 0x49, 0x02, 0x46, 0x45, 0x00, 0x1A, 0x6D, 
	0x81, 0x6E, 0x15, 0x3B, 0x02, 0x49, 0x0A, 0x21, 0x46, 0x00, 0x45, 0x21, 0x00, 0x21, 0x0A, 0x36, 
	0x76, 0x88, 0x78, 0x6E, 0x6E, 0x79, 0x79, 0x3E, 0x1A, 0x80, 0x02, 0x44, 0x07, 0x3B, 0x83, 0x85, 
	0xA7, 0x85, 0x78, 0x77, 0x80, 0xA9, 0xA8, 0xA8, 0xA9, 0x82, 0x79, 0x77, 0x77, 0x85, 0x78, 0x79, 
	0xA8, 0xA7, 0x82, 0x6E, 0x6E, 0x85, 0xA7, 0xA7, 0x88, 0x79, 0x77, 0x78, 0xAC, 0xA8, 0xA8, 0x85, 
	0x75, 0x85, 0xA7, 0xAB, 0xF6, 0xFA, 0xFD, 0xFA, 0xE7, 0xE8, 0xE9, 0xE7, 0x8B, 0x87, 0x84, 0x88, 
	0xAB, 0xA9, 0xA8, 0x85, 0x82, 0x85, 0xAC, 0xAD, 0x7E, 0x92, 0x8D, 0x00, 0x49, 0x49, 0x36, 0xE7, 
	0xF5, 0x80, 0xFD, 0x1A, 0xF6, 0x68, 0x02, 0x91, 0x7D, 0xAB, 0x6D, 0x25, 0x02, 0x02, 0x04, 0x54, 
	0x4E, 0x02, 0x54, 0x0F, 0x0D, 0x49, 0x02, 0x43, 0x54, 0x02, 0x02, 0x00, 0x00, 0x53, 0x38, 0x80, 
	0x02, 0x1D, 0x39, 0x3D, 0x04, 0x4D, 0x36, 0x03, 0x53, 0x19, 0x02, 0x02, 0x07, 0x18, 0x18, 0x34, 
	0x6C, 0x32, 0x6C, 0x72, 0x32, 0x6C, 0x3C, 0x34, 0x6C, 0x34, 0x35, 0x6C, 0x32, 0x6C, 0x3C, 0x03, 
	0x80, 0x02, 0x30, 0x9F, 0x0F, 0x26, 0x56, 0x02, 0x58, 0x50, 0x06, 0x7C, 0x1D, 0x4E, 0x58, 0x00, 
	0x55, 0x4F, 0x06, 0x58, 0x0F, 0x0D, 0x14, 0x04, 0x56, 0x4B, 0x0F, 0x7C, 0x06, 0x50, 0x56, 0x04, 
	0x7C, 0x26, 0x23, 0x57, 0x00, 0x9F, 0xA2, 0x1D, 0x9B, 0x2E, 0x20, 0x21, 0x00, 0x57, 0x4B, 0x4E, 
	0x57, 0x04, 0x56, 0x4C, 0x80, 0x02, 0x13, 0x57, 0x58, 0x00, 0x58, 0x00, 0x4B, 0x52, 0x06, 0x56, 
	0x03, 0x38, 0x52, 0x02, 0x56, 0x19, 0x26, 0x52, 0x06, 0x52, 0x27, 0x84, 0x02, 0x80, 0x00, 0x80, 
	0x05, 0x02, 0x2F, 0x0E, 0x05, 0x02, 0x0C, 0x13, 0x2F, 0x80, 0x05, 0x81, 0x00, 0x87, 0x02, 0x05, 
	0x00, 0x00, 0x02, 0x28, 0xD4, 0xCB, 0x8A, 0x02, 0x85, 0x00, 0x07, 0x02, 0x02, 0x0B, 0xD4, 0xCB, 
	0x0A, 0x02, 0x02, 0x88, 0x00, 0x01, 0x08, 0x6D, 0x81, 0x6E, 0x01, 0x3E, 0x36, 0x80, 0x04, 0x00, 
	0x02, 0x82, 0x00, 0x05, 0x19, 0x3D, 0x78, 0xA8, 0x85, 0x82, 0x80, 0x75, 0x01, 0x3E, 0x1A, 0x80, 
	0x02, 0x09, 0x07, 0x3F, 0x78, 0x84, 0xA7, 0xA7, 0x78, 0x79, 0x83, 0xA9, 0x80, 0xA8, 0x45, 0xA9, 
	0x82, 0x77, 0x79, 0x85, 0x78, 0x79, 0xA8, 0xA7, 0x78, 0x6E, 0x6E, 0x85, 0xA8, 0x85, 0x77, 0x75, 
	0x82, 0xAB, 0xA9, 0xA8, 0xA8, 0x85, 0x77, 0x85, 0xA8, 0xA9, 0xBB, 0xF6, 0xFD, 0xFA, 0xE7, 0x8A, 
	0x8B, 0xE7, 0xE7, 0x8B, 0x6D, 0x6D, 0x88, 0xAC, 0xAC, 0xA9, 0x83, 0x82, 0x84, 0xA9, 0xBC, 0xA4, 
	0x38, 0x51, 0x51, 0x55, 0x8B, 0xB7, 0xF6, 0xFD, 0xFD, 0xFA, 0xF6, 0x6A, 0x6A, 0x56, 0xAF, 0xAF, 
	0x07, 0x00, 0x02, 0x02, 0x04, 0x80, 0x02, 0x02, 0x04, 0x02, 0x02, 0x81, 0x00, 0x82, 0x02, 0x00, 
	0x06, 0x8A, 0x02, 0x13, 0x6C, 0x81, 0x79, 0x6C, 0x73, 0x3C, 0x87, 0x87, 0x32, 0x06, 0x02, 0x02, 
	0x00, 0x02, 0x00, 0x00, 0x3B, 0x80, 0x70, 0x03, 0x87, 0x02, 0x00, 0x06, 0x93, 0x02, 0x05, 0x04, 
	0x02, 0x02, 0x00, 0xA5, 0xA5, 0x80, 0x02, 0x04, 0xA2, 0xB0, 0x27, 0x00, 0x00, 0x80, 0x02, 0x00, 
	0x04, 0x80, 0x02, 0x05, 0x00, 0xA5, 0xA5, 0x92, 0xB1, 0x56, 0x85, 0x02, 0x03, 0x06, 0x02, 0x02, 
	0x06, 0x87, 0x02, 0x80, 0x00, 0x80, 0x05, 0x02, 0x2F, 0x0E, 0x05, 0x05, 0x0E, 0x13, 0x2E, 0x05, 
	0x0E, 0x05, 0x81, 0x00, 0x85, 0x02, 0x01, 0x00, 0x02, 0x80, 0x00, 0x0A, 0x28, 0xD7, 0xD4, 0x02, 
	0x02, 0x00, 0x00, 0x02, 0x06, 0x04, 0x04, 0x81, 0x02, 0x86, 0x00, 0x06, 0x02, 0x06, 0x10, 0xD7, 
	0xCB, 0x04, 0x02, 0x80, 0x00, 0x02, 0x02, 0x02, 0x06, 0x82, 0x00, 0x02, 0x02, 0x03, 0x3E, 0x81, 
	0x77, 0x03, 0x6E, 0x3E, 0x04, 0x04, 0x80, 0x02, 0x81, 0x00, 0x17, 0x3E, 0x82, 0xA8, 0xA9, 0xA9, 
	0x84, 0x78, 0x77, 0x37, 0x19, 0x03, 0x04, 0x02, 0x02, 0x07, 0x3D, 0x77, 0x83, 0xA9, 0xA9, 0x85, 
	0x83, 0x80, 0xAC, 0x81, 0xA9, 0x20, 0x82, 0x77, 0x78, 0xA7, 0x83, 0x82, 0xA9, 0xA9, 0x82, 0x79, 
	0x85, 0xA8, 0xA9, 0x85, 0x77, 0x77, 0x83, 0xAC, 0xAC, 0xA9, 0xA9, 0x85, 0x79, 0x85, 0xAC, 0xAC, 
	0xAD, 0xF6, 0xFD, 0xFA, 0xF6, 0xB7, 0x8B, 0x80, 0xE7, 0x01, 0xE2, 0x6D, 0x80, 0x77, 0x18, 0x75, 
	0xAB, 0xA9, 0xA9, 0xA8, 0xAC, 0xAD, 0xBB, 0xF5, 0xF5, 0xFA, 0xFA, 0xE4, 0xF6, 0xFD, 0xFD, 0xFA, 
	0xFA, 0xBB, 0xEA, 0xBB, 0xAF, 0x76, 0x00, 0x00, 0x83, 0x02, 0x02, 0x04, 0x02, 0x02, 0x82, 0x00, 
	0x01, 0x02, 0x02, 0x80, 0x04, 0x89, 0x02, 0x09, 0x00, 0x6C, 0x81, 0x70, 0x72, 0x74, 0x3C, 0x85, 
	0x85, 0x3A, 0x82, 0x02, 0x05, 0x00, 0x00, 0x3B, 0x81, 0x73, 0x03, 0x89, 0x02, 0x00, 0x06, 0x83, 
	0x02, 0x80, 0x06, 0x82, 0x02, 0x01, 0x00, 0x00, 0x81, 0x02, 0x80, 0x04, 0x08, 0x02, 0xB3, 0xB1, 
	0x00, 0x0A, 0x04, 0xA6, 0xB3, 0x27, 0x80, 0x00, 0x81, 0x02, 0x07, 0x0A, 0x02, 0x00, 0xB1, 0xA5, 
	0xA2, 0xB4, 0x57, 0x80, 0x04, 0x90, 0x02, 0x80, 0x00, 0x80, 0x05, 0x02, 0x2F, 0x13, 0x05, 0x02, 
	0x0E, 0x13, 0x2E, 0x80, 0x05, 0x80, 0x00, 0x84, 0x02, 0x5B, 0x5B, 0x97, 0x02, 0x97, 0x59, 0x28, 
	0x97, 0x28, 0xD7, 0xD4, 0x0B, 0xC2, 0x02, 0x67, 0x65, 0x04, 0xC4, 0x28, 0x59, 0xC1, 0x02, 0x65, 
	0x59, 0x10, 0xC4, 0x02, 0x64, 0x65, 0x02, 0xC1, 0x2D, 0x59, 0x97, 0x0B, 0xD5, 0xCB, 0x28, 0xC4, 
	0x02, 0x49, 0x49, 0x02, 0x96, 0x20, 0x45, 0x96, 0x00, 0x61, 0x49, 0x04, 0x04, 0x3E, 0x6E, 0x75, 
	0x77, 0x77, 0x7E, 0x8B, 0x00, 0x02, 0x06, 0x02, 0x04, 0x02, 0x00, 0x18, 0x37, 0x6D, 0x79, 0x82, 
	0xA8, 0xA8, 0x85, 0x83, 0x75, 0x3A, 0x19, 0x02, 0x02, 0x49, 0x48, 0x07, 0x3D, 0x77, 0x83, 0xA7, 
	0xA8, 0xA8, 0x84, 0x77, 0x84, 0x85, 0x80, 0xA8, 0x04, 0x78, 0x75, 0x79, 0x83, 0x85, 0x80, 0xA9, 
	0x08, 0x82, 0x78, 0xA9, 0xA8, 0xA8, 0x88, 0x75, 0x77, 0x83, 0x80, 0xA9, 0x15, 0xA8, 0x85, 0x79, 
	0xAB, 0xA9, 0xA9, 0xAC, 0xE9, 0xFD, 0xFA, 0xFA, 0xE2, 0xB7, 0xBA, 0xE7, 0xE7, 0xE3, 0xB7, 0xB7, 
	0x7E, 0x78, 0x79, 0x81, 0x85, 0x11, 0xAD, 0xBB, 0xEA, 0xFA, 0xFA, 0xFD, 0xFD, 0xE8, 0xF6, 0xFA, 
	0xFD, 0xFD, 0xFA, 0xE7, 0xF6, 0xE5, 0xB7, 0x3E, 0x81, 0x00, 0x13, 0x02, 0x04, 0x02, 0x0A, 0xA6, 
	0x50, 0x02, 0x02, 0x00, 0x55, 0x9F, 0x00, 0x02, 0x04, 0x03, 0x7E, 0x38, 0x39, 0x7E, 0x03, 0x80, 
	0x02, 0x02, 0x7A, 0x39, 0x00, 0x80, 0x02, 0x09, 0x00, 0x3C, 0x81, 0x70, 0x72, 0x74, 0x3C, 0x82, 
	0x87, 0x1A, 0x82, 0x02, 0x05, 0x53, 0x7E, 0x35, 0x81, 0x70, 0x03, 0x80, 0x02, 0x47, 0xB6, 0x27, 
	0x4F, 0x9F, 0x02, 0x9F, 0x58, 0x06, 0xB6, 0x24, 0x50, 0xA1, 0x04, 0x9F, 0x58, 0x02, 0xA3, 0x0F, 
	0x52, 0xA0, 0x06, 0xA0, 0x50, 0x23, 0xA3, 0x02, 0x55, 0x9F, 0x02, 0xA3, 0x4C, 0x27, 0xA3, 0x0A, 
	0xB3, 0xB3, 0x00, 0xBF, 0x21, 0xA6, 0xB3, 0x23, 0xA1, 0x4E, 0x52, 0xA2, 0x04, 0x04, 0x02, 0x4B, 
	0xA3, 0x00, 0xB1, 0xB1, 0xA2, 0xB4, 0x92, 0x55, 0x9F, 0x03, 0xA3, 0x0F, 0x50, 0x7C, 0x00, 0xA0, 
	0x23, 0x4B, 0x7D, 0x02, 0x7D, 0x38, 0x84, 0x02, 0x80, 0x00, 0x80, 0x05, 0x02, 0x2F, 0x13, 0x05, 
	0x02, 0x0E, 0x13, 0x2E, 0x80, 0x05, 0x80, 0x00, 0x43, 0x02, 0x00, 0x02, 0x02, 0x00, 0x02, 0x02, 
	0x59, 0x63, 0x02, 0x60, 0x2B, 0x1E, 0x63, 0x10, 0xC1, 0x65, 0x02, 0x60, 0x02, 0x59, 0x5B, 0x02, 
	0x64, 0x1E, 0x2B, 0x63, 0x02, 0x5E, 0x2C, 0x04, 0x64, 0x02, 0x5A, 0x5B, 0x02, 0x63, 0x28, 0x28, 
	0x59, 0x02, 0x62, 0x67, 0x10, 0x5B, 0x02, 0x46, 0x46, 0x0A, 0x49, 0x0D, 0x29, 0x61, 0x00, 0x48, 
	0x46, 0x04, 0x04, 0x3D, 0x6D, 0x6E, 0x75, 0x7B, 0xBA, 0xE8, 0xB8, 0x4F, 0x25, 0x80, 0x19, 0x05, 
	0x36, 0x3E, 0x75, 0x6D, 0x6E, 0x77, 0x80, 0x85, 0x02, 0x82, 0x3E, 0x1A, 0x80, 0x02, 0x26, 0x46, 
	0x46, 0x07, 0x3D, 0x77, 0x82, 0x85, 0xA7, 0xA8, 0x84, 0x75, 0x6E, 0x83, 0x85, 0xA7, 0xA8, 0x78, 
	0x6E, 0x6E, 0x77, 0x80, 0x83, 0xA9, 0xA9, 0x82, 0x78, 0xA9, 0xA7, 0xA7, 0x84, 0x6E, 0x75, 0x82, 
	0xA8, 0xA8, 0xA7, 0x85, 0x83, 0xAB, 0x80, 0xA9, 0x01, 0xA8, 0xE9, 0x80, 0xFA, 0x02, 0xF6, 0xE2, 
	0x8A, 0x81, 0xE3, 0x09, 0xE2, 0xE4, 0xBA, 0x82, 0x82, 0x84, 0xAB, 0xAB, 0xE9, 0xF5, 0x82, 0xFD, 
	0x22, 0xFA, 0xF6, 0xF6, 0xFD, 0xFD, 0xFA, 0xF6, 0xFA, 0xE9, 0xE1, 0x0F, 0x05, 0x05, 0x03, 0x03, 
	0x0E, 0x03, 0x04, 0x0A, 0x92, 0x43, 0x02, 0x02, 0x00, 0x4F, 0x55, 0x00, 0x02, 0x02, 0x04, 0x7A, 
	0x36, 0x38, 0x7A, 0x03, 0x80, 0x02, 0x01, 0x76, 0x38, 0x82, 0x00, 0x05, 0x34, 0x79, 0x6E, 0x35, 
	0x70, 0x34, 0x80, 0x00, 0x01, 0x02, 0x06, 0x80, 0x02, 0x05, 0x19, 0x25, 0x1B, 0x3C, 0x35, 0x00, 
	0x80, 0x02, 0x2D, 0xA0, 0x23, 0x4B, 0x57, 0x02, 0x58, 0x50, 0x02, 0x9F, 0x1D, 0x4E, 0x57, 0x04, 
	0x58, 0x50, 0x02, 0x7C, 0x0F, 0x4E, 0x58, 0x02, 0x58, 0x4E, 0x0F, 0x7C, 0x02, 0x50, 0x55, 0x02, 
	0x7C, 0x26, 0x23, 0x7C, 0x0A, 0xA1, 0xA1, 0x02, 0x91, 0x1C, 0x57, 0xA6, 0x0F, 0x57, 0x26, 0x4F, 
	0x57, 0x80, 0x02, 0x16, 0x26, 0x9F, 0x02, 0x9F, 0x57, 0x55, 0xA1, 0x50, 0x4F, 0x56, 0x04, 0x7C, 
	0x0F, 0x4B, 0x55, 0x02, 0x57, 0x23, 0x26, 0x52, 0x02, 0x55, 0x26, 0x80, 0x02, 0x00, 0x00, 0x80, 
	0x02, 0x80, 0x00, 0x80, 0x05, 0x02, 0x2F, 0x13, 0x05, 0x02, 0x0E, 0x13, 0x2F, 0x80, 0x05, 0x80, 
	0x00, 0x84, 0x02, 0x80, 0x00, 0x81, 0x02, 0x02, 0x04, 0xCA, 0xC4, 0x84, 0x02, 0x82, 0x00, 0x82, 
	0x02, 0x0F, 0x04, 0x02, 0x02, 0x04, 0x65, 0xC4, 0x2C, 0xC4, 0x65, 0x62, 0xC9, 0x5A, 0x02, 0x0A, 
	0x04, 0x02, 0x80, 0x00, 0x01, 0x02, 0x04, 0x80, 0x02, 0x08, 0x1A, 0x3B, 0x77, 0x77, 0xE5, 0xE9, 
	0xE9, 0xEA, 0x8B, 0x80, 0x3E, 0x04, 0x3B, 0x6D, 0x78, 0xAB, 0x75, 0x80, 0x6E, 0x2D, 0x85, 0x84, 
	0x82, 0x3F, 0x19, 0x04, 0x02, 0x04, 0x02, 0x04, 0x08, 0x3E, 0xBA, 0xB7, 0x6E, 0xAB, 0xA9, 0xA9, 
	0x88, 0x6E, 0x6E, 0x78, 0x85, 0xA9, 0xAC, 0x87, 0x6D, 0x79, 0x82, 0x85, 0xAC, 0xAC, 0x82, 0x78, 
	0xAC, 0xA9, 0xA9, 0x88, 0x6E, 0x88, 0xA7, 0xA8, 0xA9, 0xA8, 0x83, 0x77, 0x80, 0xAC, 0x03, 0xA9, 
	0xA9, 0xBB, 0xEA, 0x80, 0xFA, 0x0E, 0xF6, 0xE2, 0x3D, 0xE2, 0xE7, 0xE7, 0xE3, 0xE3, 0xE4, 0xE2, 
	0xBA, 0xE9, 0xF5, 0xF5, 0xFA, 0x84, 0xFD, 0x08, 0xF6, 0xF6, 0xFD, 0xFA, 0xFA, 0xF5, 0xFA, 0x8B, 
	0xE3, 0x80, 0xFA, 0x80, 0xF5, 0x08, 0x69, 0x04, 0x0A, 0x0A, 0x04, 0x02, 0x02, 0x00, 0x00, 0x80, 
	0x02, 0x00, 0x04, 0x81, 0x02, 0x00, 0x06, 0x83, 0x02, 0x1D, 0x00, 0x00, 0x18, 0x6E, 0x6F, 0x34, 
	0x70, 0x3C, 0x6C, 0x70, 0x34, 0x00, 0x00, 0x34, 0x70, 0x72, 0x3C, 0x70, 0x35, 0x72, 0x72, 0x34, 
	0x70, 0x6C, 0x00, 0x00, 0x02, 0x02, 0x04, 0x04, 0x85, 0x02, 0x03, 0x06, 0x02, 0x02, 0x04, 0x8A, 
	0x02, 0x00, 0x04, 0x81, 0x02, 0x08, 0x04, 0x02, 0xA1, 0xA1, 0x02, 0x46, 0x02, 0x00, 0x00, 0x86, 
	0x02, 0x06, 0x04, 0x02, 0xA1, 0xA2, 0x55, 0xA3, 0x4F, 0x82, 0x02, 0x03, 0x06, 0x02, 0x02, 0x00, 
	0x8A, 0x02, 0x80, 0x00, 0x80, 0x05, 0x02, 0x2F, 0x13, 0x05, 0x05, 0x0E, 0x13, 0x2E, 0x0C, 0x05, 
	0x05, 0x80, 0x00, 0x84, 0x02, 0x01, 0x00, 0x00, 0x80, 0x02, 0x05, 0x04, 0x04, 0x10, 0xD7, 0xD4, 
	0x02, 0x81, 0x04, 0x00, 0x02, 0x82, 0x00, 0x80, 0x02, 0x02, 0x04, 0x06, 0x02, 0x80, 0x04, 0x0F, 
	0x0A, 0xCB, 0xD7, 0x5B, 0xD7, 0xCB, 0xC9, 0xD7, 0x65, 0x0A, 0x04, 0x04, 0x02, 0x00, 0x02, 0x02, 
	0x80, 0x04, 0x44, 0x02, 0x00, 0x0F, 0x37, 0x75, 0xBB, 0xEA, 0xE9, 0xEA, 0x8B, 0x7A, 0x77, 0x88, 
	0xAB, 0x88, 0x82, 0x78, 0xA9, 0x83, 0x79, 0x6E, 0x6E, 0x75, 0x75, 0x76, 0x33, 0x08, 0x0A, 0x02, 
	0x02, 0x04, 0x02, 0x08, 0x3E, 0xBA, 0xB7, 0x77, 0xAC, 0xA9, 0xA9, 0xA7, 0x77, 0x75, 0x79, 0x82, 
	0xAC, 0xA9, 0x87, 0x6D, 0x79, 0x84, 0xA9, 0xA9, 0xAC, 0xAB, 0x88, 0xAC, 0xAC, 0xA9, 0x88, 0x6E, 
	0x85, 0xA8, 0xA8, 0xA7, 0xA8, 0x84, 0x79, 0xAC, 0x82, 0xA9, 0x08, 0xE5, 0xFA, 0xFD, 0xFD, 0xF6, 
	0xE4, 0xBA, 0xB7, 0xB7, 0x83, 0xE3, 0x04, 0xE8, 0xE9, 0xE9, 0xF6, 0xFA, 0x83, 0xFD, 0x00, 0xE5, 
	0x81, 0xBB, 0x03, 0xF5, 0xFA, 0xB7, 0x57, 0x80, 0x6A, 0x80, 0x68, 0x09, 0xE3, 0xE8, 0xE8, 0x02, 
	0x04, 0x02, 0x00, 0x00, 0x02, 0x02, 0x80, 0x04, 0x83, 0x02, 0x01, 0x00, 0x00, 0x81, 0x02, 0x17, 
	0x00, 0x1B, 0x80, 0x73, 0x35, 0x74, 0x70, 0x70, 0x74, 0x3C, 0x02, 0x02, 0x35, 0x73, 0x70, 0x72, 
	0x74, 0x6C, 0x73, 0x74, 0x35, 0x73, 0x70, 0x00, 0x9D, 0x02, 0x11, 0x00, 0x00, 0x02, 0x02, 0x04, 
	0xB3, 0xB1, 0x02, 0x8D, 0x02, 0x00, 0x00, 0x02, 0x02, 0x0A, 0x0A, 0x02, 0x02, 0x80, 0x00, 0x0B, 
	0x02, 0x02, 0xB1, 0xB1, 0xA2, 0xB4, 0x58, 0x00, 0x02, 0x06, 0x02, 0x06, 0x80, 0x02, 0x00, 0x00, 
	0x8A, 0x02, 0x80, 0x00, 0x80, 0x05, 0x02, 0x2F, 0x13, 0x05, 0x02, 0x0C, 0x13, 0x2F, 0x80, 0x05, 
	0x81, 0x00, 0x83, 0x02, 0x30, 0x2C, 0x5B, 0x02, 0x60, 0x2C, 0x1E, 0x63, 0x11, 0xD7, 0xD4, 0x0B, 
	0x60, 0x0A, 0x59, 0x5A, 0x02, 0x5E, 0x10, 0x28, 0x5A, 0x00, 0x5A, 0x2B, 0x0B, 0x63, 0x02, 0x59, 
	0x59, 0x04, 0x60, 0x12, 0xCB, 0xD7, 0x5B, 0xD7, 0xCB, 0xC9, 0xD7, 0x65, 0x45, 0x46, 0x02, 0x46, 
	0x0D, 0x20, 0x46, 0x04, 0x45, 0x41, 0x80, 0x02, 0x2F, 0x25, 0x7A, 0xBA, 0xE9, 0xEA, 0xE5, 0x77, 
	0x75, 0x78, 0x85, 0xA8, 0xA8, 0x84, 0x78, 0x85, 0x85, 0x82, 0x6E, 0x6E, 0x3E, 0x3A, 0x19, 0x02, 
	0x02, 0x21, 0x45, 0x0A, 0x04, 0x02, 0x08, 0x3E, 0xBA, 0xB7, 0x75, 0x88, 0xA7, 0xA7, 0x85, 0x75, 
	0x6E, 0x77, 0x78, 0xA7, 0xA7, 0x82, 0x6D, 0x77, 0x84, 0x84, 0xA9, 0x0B, 0xA8, 0x84, 0x6E, 0x85, 
	0xA7, 0x85, 0x79, 0x85, 0x83, 0x79, 0xAC, 0xA9, 0x81, 0xA8, 0x06, 0xBB, 0xF6, 0xFD, 0xFD, 0xF6, 
	0xE7, 0xE3, 0x80, 0xB7, 0x10, 0xE2, 0xE4, 0xE2, 0xE3, 0xE3, 0xF6, 0xFA, 0xF5, 0xF5, 0xFA, 0xFD, 
	0xFD, 0xF6, 0xF5, 0xFD, 0xFD, 0xE5, 0x80, 0x81, 0x04, 0x89, 0xE9, 0xF6, 0x8A, 0xE3, 0x80, 0xF6, 
	0x09, 0x8A, 0x05, 0x04, 0x14, 0x69, 0xE1, 0x02, 0x02, 0x0F, 0x55, 0x80, 0x02, 0x02, 0x04, 0x3D, 
	0x38, 0x80, 0x02, 0x05, 0x25, 0x4D, 0x02, 0x36, 0x39, 0x00, 0x81, 0x02, 0x61, 0x1B, 0x73, 0x73, 
	0x35, 0x74, 0x70, 0x70, 0x74, 0x35, 0x02, 0x02, 0x35, 0x73, 0x70, 0x72, 0x73, 0x6C, 0x73, 0x74, 
	0x35, 0x73, 0x70, 0x00, 0x02, 0x02, 0x00, 0x58, 0x0F, 0x26, 0x52, 0x02, 0x50, 0x4B, 0x02, 0x58, 
	0x0F, 0x4B, 0x55, 0x04, 0x52, 0x4B, 0x06, 0x58, 0x0F, 0x26, 0x52, 0x00, 0x52, 0x26, 0x0C, 0x58, 
	0x04, 0x4B, 0x52, 0x02, 0x55, 0x27, 0x0F, 0x55, 0x02, 0xB1, 0xB1, 0x00, 0x9B, 0x02, 0x4C, 0x50, 
	0x02, 0x55, 0x27, 0x4E, 0x55, 0x02, 0x50, 0x26, 0x23, 0x55, 0x02, 0xB1, 0xB1, 0xA2, 0xB4, 0x58, 
	0x38, 0x4C, 0x02, 0x55, 0x04, 0x26, 0x52, 0x02, 0x52, 0x0F, 0x27, 0x4F, 0x02, 0x52, 0x24, 0x82, 
	0x02, 0x01, 0x00, 0x02, 0x80, 0x00, 0x80, 0x05, 0x02, 0x2F, 0x0E, 0x05, 0x02, 0x0E, 0x13, 0x2F, 
	0x80, 0x05, 0x80, 0x00, 0x84, 0x02, 0x30, 0x5E, 0xC6, 0x02, 0xC6, 0x5B, 0x2D, 0xC5, 0x11, 0xD4, 
	0xCB, 0x0B, 0xC5, 0x0B, 0x64, 0xC1, 0x02, 0xC5, 0x28, 0x59, 0xC1, 0x00, 0xC1, 0x5E, 0x0B, 0xCA, 
	0x02, 0x65, 0x65, 0x02, 0xC5, 0x28, 0xC4, 0xD4, 0x5A, 0xD4, 0xC8, 0xC6, 0xD4, 0x63, 0x49, 0x49, 
	0x02, 0x96, 0x21, 0x41, 0x96, 0x04, 0x49, 0x49, 0x81, 0x02, 0x2E, 0x1A, 0x3E, 0xE8, 0xE5, 0xAB, 
	0x79, 0x77, 0x78, 0xA7, 0xA7, 0xA8, 0x84, 0x78, 0xA8, 0x85, 0x85, 0x82, 0x6D, 0x33, 0x00, 0x00, 
	0x02, 0x02, 0x46, 0x8E, 0x02, 0x04, 0x02, 0x08, 0x3E, 0xBA, 0xBA, 0x75, 0x75, 0x84, 0x85, 0x85, 
	0x75, 0x6E, 0x6E, 0x75, 0xA7, 0xA8, 0x83, 0x6D, 0x3F, 0x82, 0x82, 0xA9, 0x80, 0xA8, 0x0A, 0x84, 
	0x6E, 0x85, 0xA7, 0x85, 0x6E, 0x88, 0x83, 0x79, 0xAC, 0xA9, 0x81, 0xA8, 0x13, 0xA9, 0xAD, 0xFA, 
	0xFD, 0xFD, 0xFA, 0xE3, 0xE2, 0xE2, 0x8A, 0x53, 0x53, 0xB7, 0xFA, 0xFA, 0xE8, 0xE7, 0xE3, 0xB7, 
	0xE8, 0x81, 0xFA, 0x10, 0xFD, 0xFD, 0xFA, 0xE9, 0x80, 0x78, 0xE8, 0xF6, 0xE2, 0xE9, 0xE1, 0x00, 
	0x06, 0xE8, 0xF5, 0xF6, 0x0E, 0x81, 0x02, 0x03, 0x00, 0x23, 0xB6, 0x0D, 0x80, 0x02, 0x0A, 0x7B, 
	0x53, 0x00, 0x02, 0x02, 0x3D, 0x7F, 0x00, 0x3E, 0x7A, 0x00, 0x81, 0x02, 0x61, 0x1B, 0x80, 0x70, 
	0x35, 0x73, 0x6F, 0x72, 0x73, 0x3B, 0x02, 0x02, 0x3B, 0x73, 0x70, 0x6C, 0x73, 0x3C, 0x70, 0x73, 
	0x3C, 0x73, 0x72, 0x00, 0x02, 0x00, 0x00, 0xB6, 0x23, 0x52, 0xA1, 0x02, 0xA1, 0x58, 0x02, 0xB6, 
	0x23, 0x55, 0xA3, 0x04, 0xA1, 0x56, 0x02, 0xB6, 0x23, 0x52, 0xA0, 0x02, 0xA1, 0x52, 0x0F, 0xB6, 
	0x03, 0x58, 0xA1, 0x02, 0xA3, 0x4F, 0x27, 0xB5, 0x00, 0xB1, 0xB1, 0x00, 0xA6, 0x0A, 0x57, 0x9F, 
	0x00, 0xB6, 0x4E, 0x55, 0xB5, 0x06, 0xA0, 0x52, 0x26, 0xA1, 0x04, 0xAE, 0xB1, 0x9F, 0xB1, 0x55, 
	0x55, 0x7C, 0x00, 0xB5, 0x03, 0x52, 0xA0, 0x02, 0xA3, 0x23, 0x4F, 0x7C, 0x00, 0xA0, 0x4B, 0x84, 
	0x02, 0x80, 0x00, 0x80, 0x05, 0x02, 0x2E, 0x0E, 0x05, 0x02, 0x0E, 0x13, 0x2E, 0x80, 0x05, 0x80, 
	0x00, 0x8A, 0x02, 0x07, 0x04, 0x04, 0x5B, 0x5A, 0x04, 0x02, 0x04, 0x06, 0x80, 0x02, 0x81, 0x00, 
	0x02, 0x02, 0x00, 0x00, 0x80, 0x02, 0x01, 0x04, 0x04, 0x89, 0x02, 0x01, 0x06, 0x04, 0x80, 0x0A, 
	0x01, 0x02, 0x00, 0x82, 0x02, 0x07, 0x08, 0x1A, 0x8A, 0x8B, 0x79, 0x79, 0x77, 0x82, 0x80, 0xA9, 
	0x08, 0x84, 0x77, 0x78, 0x84, 0x82, 0x76, 0x1A, 0x08, 0x00, 0x80, 0x02, 0x1A, 0x04, 0x04, 0x02, 
	0x04, 0x25, 0x3D, 0xE3, 0xE5, 0xBB, 0x88, 0x77, 0x78, 0x84, 0xA9, 0x85, 0x78, 0x75, 0x75, 0x78, 
	0x85, 0xBB, 0xE5, 0x3E, 0x87, 0xAC, 0xAC, 0xA9, 0x80, 0xAC, 0x0B, 0xA9, 0xA9, 0xA7, 0x84, 0xA7, 
	0xA9, 0x88, 0x3F, 0x76, 0x79, 0x78, 0xAC, 0x80, 0xA9, 0x0E, 0xAC, 0xA9, 0xAC, 0xAD, 0xFA, 0xFD, 
	0xFD, 0xFA, 0xE9, 0xE7, 0xE3, 0xE4, 0xE8, 0xF4, 0xE8, 0x80, 0x8A, 0x19, 0x8B, 0xE3, 0xF6, 0xE9, 
	0xE7, 0xE3, 0xF5, 0xFD, 0xFD, 0xFA, 0xE9, 0xE2, 0x76, 0xE9, 0xE8, 0xE2, 0x7A, 0x7D, 0xE2, 0xE7, 
	0x00, 0x51, 0x68, 0x6A, 0xE8, 0x6A, 0x80, 0x02, 0x04, 0x00, 0x02, 0x06, 0x04, 0x04, 0x85, 0x02, 
	0x01, 0x00, 0x02, 0x80, 0x00, 0x81, 0x02, 0x03, 0x03, 0x19, 0x18, 0x08, 0x81, 0x18, 0x0D, 0x07, 
	0x02, 0x02, 0x01, 0x08, 0x07, 0x01, 0x07, 0x01, 0x08, 0x08, 0x03, 0x08, 0x07, 0x80, 0x02, 0x81, 
	0x00, 0x80, 0x02, 0x01, 0x06, 0x02, 0x81, 0x06, 0x05, 0x02, 0x02, 0x06, 0x02, 0x06, 0x02, 0x80, 
	0x06, 0x84, 0x02, 0x0E, 0x06, 0x06, 0x04, 0x06, 0x02, 0x02, 0x00, 0x00, 0x04, 0x43, 0x1D, 0x04, 
	0x06, 0x02, 0x03, 0x80, 0x02, 0x02, 0x04, 0x0D, 0x03, 0x80, 0x02, 0x03, 0x21, 0x24, 0x03, 0x03, 
	0x84, 0x02, 0x01, 0x06, 0x02, 0x82, 0x06, 0x86, 0x02, 0x80, 0x00, 0x80, 0x05, 0x02, 0x2E, 0x0E, 
	0x05, 0x02, 0x0E, 0x13, 0x2F, 0x80, 0x05, 0x80, 0x00, 0x87, 0x02, 0x80, 0x00, 0x03, 0x02, 0x10, 
	0xD5, 0xD4, 0x80, 0x02, 0x80, 0x00, 0x83, 0x02, 0x81, 0x00, 0x03, 0x02, 0x04, 0x04, 0x02, 0x80, 
	0x00, 0x82, 0x02, 0x80, 0x00, 0x06, 0x04, 0x04, 0x0A, 0x02, 0x02, 0x00, 0x00, 0x83, 0x02, 0x0F, 
	0x00, 0x1A, 0x3B, 0x6D, 0x75, 0x75, 0x82, 0xA9, 0xA8, 0xA8, 0x83, 0x6E, 0x6E, 0x75, 0x3B, 0x1A, 
	0x81, 0x00, 0x83, 0x02, 0x15, 0x36, 0x53, 0xE9, 0xE7, 0xBB, 0xA8, 0x82, 0x79, 0x82, 0xA8, 0xA7, 
	0x83, 0x79, 0x6E, 0x75, 0x83, 0xBB, 0xEA, 0x3E, 0xB5, 0xBB, 0xAC, 0x80, 0xA9, 0x00, 0xA8, 0x81, 
	0xA7, 0x0F, 0xA8, 0xA9, 0x88, 0x3F, 0x75, 0x78, 0x84, 0xA8, 0x83, 0x83, 0x85, 0xA9, 0xAC, 0xAC, 
	0xAD, 0xFA, 0x80, 0xFD, 0x12, 0xFA, 0xF6, 0xF6, 0xE9, 0xF6, 0xF6, 0xE8, 0xB7, 0xB7, 0x8A, 0x53, 
	0xE8, 0xFA, 0xF6, 0xE7, 0xE3, 0xE3, 0xE8, 0xE8, 0x80, 0xE3, 0x0E, 0xE2, 0xB7, 0xB7, 0x8B, 0x7D, 
	0x7E, 0xB7, 0xB7, 0xE1, 0x30, 0x0A, 0x1F, 0xB7, 0x51, 0x02, 0x80, 0x00, 0x87, 0x02, 0x02, 0x00, 
	0x02, 0x00, 0x85, 0x02, 0x0E, 0x36, 0xAB, 0x88, 0x3C, 0x73, 0x72, 0x72, 0x73, 0x35, 0x02, 0x02, 
	0x03, 0x78, 0x82, 0x7B, 0x88, 0x02, 0x01, 0x00, 0x00, 0x9F, 0x02, 0x13, 0x48, 0x9D, 0x91, 0x0D, 
	0x1C, 0x4B, 0xB1, 0xA5, 0xA5, 0xB1, 0x52, 0xB3, 0xA5, 0x02, 0x02, 0x04, 0x91, 0x54, 0x04, 0x04, 
	0x94, 0x02, 0x80, 0x00, 0x80, 0x05, 0x02, 0x2F, 0x0E, 0x05, 0x02, 0x0E, 0x13, 0x2F, 0x80, 0x05, 
	0x80, 0x00, 0x83, 0x02, 0x00, 0x00, 0x81, 0x02, 0x80, 0x00, 0x04, 0x10, 0xD7, 0xD4, 0x02, 0x02, 
	0x81, 0x00, 0x05, 0x02, 0x04, 0x04, 0x0A, 0x04, 0x02, 0x81, 0x00, 0x02, 0x06, 0x04, 0x02, 0x81, 
	0x00, 0x04, 0x02, 0x02, 0x04, 0x04, 0x02, 0x80, 0x00, 0x02, 0x02, 0x02, 0x04, 0x85, 0x02, 0x00, 
	0x00, 0x80, 0x02, 0x0D, 0x1A, 0x37, 0x75, 0x75, 0x78, 0xAB, 0x88, 0x85, 0x82, 0x6D, 0x37, 0x37, 
	0x1A, 0x02, 0x84, 0x00, 0x80, 0x02, 0x08, 0x36, 0x53, 0xE3, 0xE3, 0xBA, 0xA9, 0xA8, 0x82, 0x82, 
	0x80, 0xA7, 0x0B, 0x83, 0x6E, 0x6E, 0x83, 0xBB, 0xE7, 0x3E, 0xB7, 0xBA, 0xAD, 0xA7, 0xA8, 0x81, 
	0xA7, 0x13, 0xA8, 0xA8, 0xA9, 0xA9, 0x88, 0x3F, 0x78, 0x83, 0xA8, 0x85, 0x83, 0x82, 0x85, 0xA7, 
	0xAC, 0xAC, 0xAD, 0xFA, 0xFD, 0xFD, 0x81, 0xFA, 0x01, 0xF6, 0xE3, 0x81, 0xE2, 0x16, 0xB7, 0x8A, 
	0xF5, 0xFF, 0xE8, 0xE8, 0xF5, 0xE1, 0xB7, 0xE1, 0xB7, 0xE8, 0xF6, 0xE8, 0x53, 0x7A, 0x7A, 0x7E, 
	0xAB, 0x82, 0x7A, 0xE9, 0x68, 0x81, 0x02, 0x81, 0x00, 0x80, 0x02, 0x23, 0x04, 0x06, 0x02, 0x00, 
	0x00, 0x02, 0x02, 0x00, 0x1A, 0x3E, 0x3B, 0x19, 0x00, 0x02, 0x01, 0x00, 0x00, 0x02, 0x36, 0xAB, 
	0x88, 0x6C, 0x74, 0x72, 0x72, 0x73, 0x35, 0x00, 0x02, 0x01, 0x75, 0x78, 0x79, 0x34, 0x1B, 0x06, 
	0x81, 0x02, 0x02, 0x04, 0x06, 0x02, 0x81, 0x00, 0x03, 0x02, 0x02, 0x06, 0x06, 0x80, 0x04, 0x80, 
	0x06, 0x82, 0x02, 0x82, 0x06, 0x00, 0x02, 0x81, 0x00, 0x19, 0x02, 0x06, 0x04, 0x06, 0x06, 0x02, 
	0x06, 0x04, 0x91, 0x9D, 0x91, 0x9A, 0x9D, 0x4C, 0xB4, 0xA5, 0xA5, 0xB4, 0x52, 0xB4, 0xA5, 0x0A, 
	0x04, 0x04, 0x54, 0x54, 0x81, 0x04, 0x01, 0x02, 0x02, 0x81, 0x00, 0x02, 0x02, 0x02, 0x04, 0x80, 
	0x06, 0x00, 0x00, 0x85, 0x02, 0x80, 0x00, 0x80, 0x05, 0x02, 0x2F, 0x0E, 0x05, 0x02, 0x0E, 0x13, 
	0x2E, 0x80, 0x05, 0x80, 0x00, 0x84, 0x02, 0x33, 0x63, 0xC5, 0x02, 0xC5, 0x60, 0x2B, 0xCA, 0x0B, 
	0xD5, 0xD4, 0x0B, 0xCF, 0x02, 0x63, 0xC1, 0x00, 0xC5, 0x2B, 0x5A, 0xC5, 0x02, 0xC2, 0x60, 0x0B, 
	0xCA, 0x02, 0x64, 0x65, 0x02, 0xC5, 0x2A, 0x5A, 0xC6, 0x02, 0x96, 0x49, 0x1C, 0x9A, 0x02, 0x49, 
	0x49, 0x06, 0x96, 0x21, 0x45, 0x99, 0x02, 0x96, 0x61, 0x0A, 0x99, 0x1E, 0x82, 0x02, 0x00, 0x19, 
	0x80, 0x3D, 0x80, 0x3E, 0x0B, 0x3B, 0x37, 0x02, 0x02, 0x06, 0x02, 0x02, 0x49, 0x41, 0x02, 0x8D, 
	0x1C, 0x80, 0x00, 0x17, 0x1A, 0x8A, 0xBA, 0xE7, 0xE7, 0xE4, 0xBB, 0xAC, 0xAC, 0x88, 0x78, 0xAC, 
	0xA9, 0x85, 0x84, 0x75, 0xBA, 0xE5, 0xE7, 0x3E, 0xB7, 0xE3, 0xBA, 0xAD, 0x84, 0xA9, 0x05, 0xAC, 
	0x85, 0x78, 0x3F, 0x78, 0x84, 0x80, 0xA9, 0x07, 0x85, 0x78, 0x82, 0x88, 0xAC, 0xAD, 0xE5, 0xF6, 
	0x81, 0xFD, 0x03, 0xFA, 0xE8, 0xE9, 0xE7, 0x80, 0xE3, 0x06, 0xE9, 0xF6, 0xE3, 0x8A, 0x53, 0x53, 
	0xE9, 0x81, 0xF6, 0x0C, 0xE9, 0xE3, 0x53, 0xE2, 0xE2, 0xBA, 0xBB, 0x88, 0x83, 0x83, 0x4D, 0x25, 
	0x0F, 0x80, 0x02, 0x0A, 0x00, 0x00, 0x7F, 0x4D, 0x02, 0x04, 0x04, 0x53, 0x7F, 0x00, 0x00, 0x80, 
	0x02, 0x6D, 0x00, 0x3E, 0x80, 0x80, 0x33, 0x02, 0x03, 0x7E, 0x4D, 0x02, 0x02, 0x36, 0xAB, 0x88, 
	0x6C, 0x74, 0x70, 0x72, 0x73, 0x35, 0x00, 0x02, 0x02, 0x00, 0x3F, 0x81, 0x81, 0x3C, 0x04, 0x02, 
	0x02, 0x4D, 0x7F, 0x04, 0x1D, 0x0F, 0x00, 0xA4, 0x19, 0x50, 0xA0, 0x02, 0x1D, 0x14, 0x03, 0xB6, 
	0x26, 0x55, 0xA1, 0x02, 0xA0, 0x55, 0x02, 0xB6, 0x23, 0x55, 0xA3, 0x06, 0xA3, 0x55, 0x23, 0xB6, 
	0x0C, 0x58, 0xA0, 0x02, 0xA3, 0x50, 0x26, 0xB6, 0x03, 0xA1, 0x9F, 0x0A, 0x9D, 0x1C, 0x0D, 0x1C, 
	0x50, 0xB4, 0xA5, 0xA5, 0xB4, 0x52, 0xB4, 0xA5, 0x91, 0x92, 0x54, 0x91, 0x54, 0x02, 0xB6, 0x02, 
	0x56, 0xA0, 0x00, 0xB6, 0x03, 0x56, 0xA0, 0x02, 0xA5, 0x23, 0x50, 0xA1, 0x06, 0xA3, 0x4B, 0x00, 
	0x83, 0x02, 0x80, 0x00, 0x80, 0x05, 0x02, 0x2E, 0x0E, 0x05, 0x02, 0x0E, 0x0E, 0x2F, 0x80, 0x05, 
	0x80, 0x00, 0x84, 0x02, 0x33, 0x29, 0x59, 0x02, 0x44, 0x29, 0x10, 0x59, 0x02, 0x63, 0x5B, 0x02, 
	0x5F, 0x02, 0x2A, 0x2C, 0x00, 0x5A, 0x12, 0x28, 0x5A, 0x02, 0x59, 0x2B, 0x0A, 0x5E, 0x02, 0x2C, 
	0x59, 0x00, 0x5B, 0x12, 0x28, 0x5A, 0x04, 0x45, 0x2A, 0x0D, 0x48, 0x02, 0x45, 0x45, 0x00, 0x48, 
	0x1C, 0x21, 0x49, 0x02, 0x46, 0x45, 0x02, 0x61, 0x10, 0x80, 0x02, 0x06, 0x00, 0x02, 0x02, 0x06, 
	0x06, 0x02, 0x02, 0x80, 0x03, 0x00, 0x06, 0x82, 0x02, 0x09, 0x45, 0x20, 0x00, 0x46, 0x0B, 0x00, 
	0x00, 0x07, 0x36, 0x8A, 0x81, 0xE3, 0x13, 0xE5, 0xAD, 0xAC, 0xAB, 0x82, 0x84, 0xA7, 0xA9, 0xAB, 
	0x8C, 0xE2, 0xE7, 0xE3, 0x3D, 0xB7, 0xE4, 0xE4, 0xBB, 0xBB, 0xAD, 0x83, 0xA9, 0x0B, 0x82, 0x6D, 
	0x6D, 0x77, 0x82, 0x85, 0xA9, 0xA8, 0xA7, 0x84, 0x83, 0xAB, 0x80, 0xAC, 0x03, 0xEA, 0xF5, 0xFA, 
	0xFD, 0x80, 0xFA, 0x06, 0xFD, 0xE9, 0xE3, 0xE3, 0xE8, 0xF6, 0xF6, 0x80, 0xE3, 0x00, 0xE2, 0x83, 
	0x3D, 0x00, 0x8A, 0x80, 0xE2, 0x08, 0xBA, 0x84, 0x83, 0x83, 0x86, 0xAC, 0x76, 0x33, 0x03, 0x81, 
	0x00, 0x08, 0x7A, 0x39, 0x04, 0x04, 0x06, 0x39, 0x7A, 0x00, 0x00, 0x80, 0x02, 0x14, 0x00, 0x3B, 
	0x79, 0x79, 0x1B, 0x02, 0x02, 0x76, 0x39, 0x02, 0x02, 0x1A, 0x7E, 0x7F, 0x3B, 0x6F, 0x35, 0x35, 
	0x6C, 0x32, 0x00, 0x80, 0x02, 0x54, 0x37, 0x70, 0x70, 0x3B, 0x06, 0x02, 0x02, 0x38, 0x4D, 0x02, 
	0x0D, 0x0C, 0x00, 0x7D, 0x0F, 0x38, 0x55, 0x02, 0x14, 0x0D, 0x02, 0x57, 0x23, 0x38, 0x55, 0x02, 
	0x50, 0x4E, 0x02, 0x58, 0x0F, 0x26, 0x55, 0x02, 0x52, 0x26, 0x0F, 0x57, 0x03, 0x4E, 0x50, 0x00, 
	0x55, 0x26, 0x23, 0x55, 0x04, 0x50, 0x50, 0x04, 0x54, 0x0A, 0x02, 0x02, 0x27, 0xA2, 0x58, 0x58, 
	0xA2, 0x26, 0xA2, 0x58, 0x91, 0x92, 0x54, 0x47, 0x43, 0x02, 0x50, 0x02, 0x26, 0x4B, 0x02, 0x50, 
	0x02, 0x26, 0x4E, 0x06, 0x50, 0x0D, 0x24, 0x4E, 0x06, 0x4E, 0x23, 0x84, 0x02, 0x80, 0x00, 0x80, 
	0x05, 0x02, 0x2F, 0x0E, 0x05, 0x02, 0x0E, 0x0E, 0x2F, 0x80, 0x05, 0x80, 0x00, 0x02, 0x02, 0x00, 
	0x00, 0x85, 0x02, 0x01, 0x00, 0x00, 0x81, 0x02, 0x01, 0x00, 0x00, 0x82, 0x02, 0x03, 0x00, 0x00, 
	0x02, 0x02, 0x81, 0x04, 0x00, 0x02, 0x82, 0x00, 0x04, 0x02, 0x04, 0x02, 0x04, 0x04, 0x82, 0x02, 
	0x80, 0x00, 0x82, 0x02, 0x80, 0x00, 0x80, 0x02, 0x00, 0x00, 0x8C, 0x02, 0x83, 0x00, 0x02, 0x01, 
	0x37, 0xB7, 0x81, 0xE2, 0x02, 0xE4, 0xE4, 0xAD, 0x80, 0xAB, 0x09, 0x77, 0x84, 0xA7, 0xAB, 0xE9, 
	0xE8, 0xE3, 0xE4, 0x3B, 0xB7, 0x80, 0xE2, 0x03, 0xBA, 0xBA, 0xAB, 0xA8, 0x81, 0xA9, 0x01, 0x7F, 
	0x3F, 0x81, 0x6E, 0x0D, 0x88, 0xA7, 0xA9, 0xAC, 0xA9, 0x85, 0x85, 0xA9, 0xA9, 0xBB, 0xEA, 0xFA, 
	0xFD, 0xFA, 0x80, 0xFD, 0x04, 0xE9, 0xE2, 0xE2, 0xF6, 0xE8, 0x82, 0xE2, 0x01, 0xB7, 0xB7, 0x81, 
	0xB5, 0x04, 0xB7, 0xE2, 0xE2, 0xBB, 0x87, 0x80, 0x83, 0x06, 0x86, 0xAD, 0xAD, 0x87, 0x39, 0x00, 
	0x00, 0x84, 0x02, 0x80, 0x00, 0x04, 0x02, 0x00, 0x00, 0x02, 0x02, 0x80, 0x00, 0x80, 0x02, 0x00, 
	0x06, 0x80, 0x02, 0x09, 0x06, 0x00, 0x03, 0x36, 0x6D, 0x35, 0x34, 0x3C, 0x32, 0x00, 0x82, 0x02, 
	0x00, 0x06, 0x86, 0x02, 0x80, 0x00, 0x98, 0x02, 0x00, 0x00, 0x82, 0x02, 0x05, 0x06, 0x02, 0x02, 
	0x00, 0x02, 0x00, 0x81, 0x02, 0x80, 0x00, 0x81, 0x02, 0x00, 0x06, 0x94, 0x02, 0x01, 0x00, 0x02, 
	0x81, 0x00, 0x80, 0x05, 0x02, 0x2F, 0x0E, 0x05, 0x02, 0x0E, 0x13, 0x2F, 0x80, 0x05, 0x80, 0x00, 
	0x8E, 0x02, 0x01, 0x00, 0x00, 0x82, 0x02, 0x80, 0x00, 0x05, 0x02, 0x02, 0x04, 0x02, 0x04, 0x02, 
	0x82, 0x00, 0x02, 0x06, 0x04, 0x02, 0x80, 0x00, 0x8A, 0x02, 0x01, 0x00, 0x00, 0x80, 0x02, 0x0B, 
	0x06, 0x02, 0x02, 0x04, 0x02, 0x00, 0x00, 0x02, 0x06, 0x02, 0x04, 0x04, 0x80, 0x02, 0x02, 0x04, 
	0x04, 0x02, 0x81, 0x00, 0x02, 0x01, 0x37, 0xB7, 0x80, 0xE3, 0x80, 0xE7, 0x0E, 0xE5, 0xE5, 0xBB, 
	0xAC, 0xA7, 0x85, 0xBB, 0xF6, 0xE7, 0xE7, 0xB7, 0x3D, 0x3E, 0xB7, 0xE3, 0x81, 0xE4, 0x01, 0xBA, 
	0xAD, 0x81, 0xAC, 0x07, 0x7F, 0x3B, 0x6E, 0x6E, 0x75, 0x6E, 0x77, 0x88, 0x80, 0xAC, 0x06, 0xA9, 
	0xA9, 0xAC, 0xAC, 0xBB, 0xEA, 0xFA, 0x81, 0xFD, 0x02, 0xF6, 0xE8, 0xE3, 0x84, 0xE2, 0x00, 0xE3, 
	0x86, 0xE2, 0x00, 0xBB, 0x80, 0x84, 0x00, 0x88, 0x81, 0xAC, 0x05, 0xAB, 0x3E, 0x19, 0x06, 0x04, 
	0x04, 0x81, 0x02, 0x00, 0x00, 0x81, 0x02, 0x01, 0x00, 0x00, 0x82, 0x02, 0x10, 0x1A, 0x3C, 0x3C, 
	0x1A, 0x02, 0x02, 0x00, 0x02, 0x00, 0xAF, 0x86, 0x70, 0x72, 0x73, 0x3C, 0x00, 0x00, 0x8C, 0x02, 
	0x00, 0x06, 0x9D, 0x02, 0x00, 0x04, 0x81, 0x02, 0x05, 0x00, 0x02, 0x00, 0x02, 0x02, 0x04, 0x8D, 
	0x02, 0x03, 0x06, 0x02, 0x02, 0x06, 0x8C, 0x02, 0x80, 0x00, 0x80, 0x05, 0x02, 0x2F, 0x0E, 0x05, 
	0x02, 0x0E, 0x0E, 0x2E, 0x80, 0x05, 0x80, 0x00, 0x56, 0x02, 0x00, 0x02, 0x00, 0x00, 0x02, 0x02, 
	0x59, 0x64, 0x00, 0x63, 0x59, 0x12, 0x65, 0x02, 0x5E, 0x5B, 0x02, 0x66, 0x02, 0x59, 0x63, 0x02, 
	0x63, 0x28, 0x2D, 0x63, 0x02, 0x5B, 0x44, 0x0B, 0x64, 0x0B, 0x59, 0x5B, 0x00, 0x60, 0x28, 0x2B, 
	0x60, 0x06, 0x5A, 0x2C, 0x04, 0x60, 0x02, 0x45, 0x45, 0x02, 0x61, 0x1E, 0x2A, 0x60, 0x04, 0x44, 
	0x44, 0x02, 0x61, 0x0B, 0x2A, 0x48, 0x06, 0x46, 0x21, 0x02, 0x46, 0x0A, 0x21, 0x41, 0x02, 0x41, 
	0x21, 0x0A, 0x46, 0x02, 0x22, 0x41, 0x0A, 0x41, 0x22, 0x02, 0x41, 0x0B, 0x00, 0x01, 0x37, 0xB7, 
	0x86, 0xE7, 0x00, 0xE5, 0x80, 0xEA, 0x07, 0xF6, 0xE7, 0xE7, 0xB7, 0x3E, 0x3E, 0xB7, 0xE2, 0x82, 
	0xE4, 0x07, 0xBA, 0xBB, 0xAC, 0xAD, 0xBA, 0xB7, 0x3B, 0x6E, 0x80, 0x75, 0x02, 0x77, 0x78, 0x84, 
	0x82, 0xAC, 0x03, 0xA9, 0xAD, 0xE5, 0xFA, 0x81, 0xFD, 0x09, 0xFA, 0xE8, 0xE3, 0xE3, 0xE8, 0xE7, 
	0xE3, 0xE3, 0xE9, 0xE8, 0x80, 0xE3, 0x06, 0xE2, 0xB7, 0x8B, 0xBA, 0xE2, 0xB7, 0xE2, 0x81, 0xBA, 
	0x00, 0xBB, 0x80, 0xAC, 0x12, 0xAB, 0x82, 0x77, 0x7B, 0x7A, 0x1A, 0x19, 0x07, 0x00, 0x00, 0x02, 
	0x02, 0x06, 0x02, 0x02, 0x00, 0x00, 0x4D, 0x23, 0x80, 0x02, 0x05, 0x06, 0x3F, 0x81, 0x81, 0x3C, 
	0x06, 0x80, 0x02, 0x06, 0x00, 0x7E, 0x83, 0x70, 0x72, 0x73, 0x3F, 0x83, 0x02, 0x53, 0x39, 0x23, 
	0x02, 0x39, 0x03, 0x25, 0x38, 0x00, 0x25, 0x25, 0x00, 0x39, 0x0F, 0x23, 0x39, 0x06, 0x38, 0x25, 
	0x02, 0x52, 0x0F, 0x26, 0x4C, 0x02, 0x4C, 0x38, 0x02, 0x55, 0x0F, 0x26, 0x50, 0x06, 0x50, 0x26, 
	0x0F, 0x56, 0x03, 0x4B, 0x50, 0x06, 0x55, 0x27, 0x23, 0x55, 0x06, 0x50, 0x4B, 0x00, 0x55, 0x00, 
	0x4B, 0x4C, 0x02, 0x58, 0x24, 0x4B, 0x55, 0x06, 0x52, 0x26, 0x27, 0x55, 0x00, 0x50, 0x4B, 0x02, 
	0x55, 0x02, 0x4C, 0x50, 0x02, 0x56, 0x03, 0x4B, 0x52, 0x06, 0x56, 0x0F, 0x26, 0x55, 0x02, 0x55, 
	0x23, 0x02, 0x80, 0x00, 0x80, 0x02, 0x80, 0x00, 0x80, 0x05, 0x02, 0x2F, 0x0E, 0x05, 0x02, 0x0C, 
	0x0E, 0x2F, 0x80, 0x05, 0x80, 0x00, 0x81, 0x02, 0x63, 0x00, 0x02, 0x02, 0x59, 0x65, 0x02, 0x63, 
	0x5A, 0x1E, 0x97, 0x06, 0x63, 0x63, 0x02, 0xC2, 0x04, 0x5B, 0x64, 0x02, 0xC1, 0x2D, 0x2C, 0xC1, 
	0x02, 0x65, 0x5B, 0x0B, 0xC4, 0x0B, 0x5B, 0x64, 0x00, 0xC1, 0x2B, 0x59, 0xC1, 0x02, 0x64, 0x5B, 
	0x10, 0xC3, 0x0B, 0x49, 0x61, 0x06, 0x98, 0x2D, 0x44, 0xC3, 0x04, 0x64, 0x61, 0x04, 0xC3, 0x1E, 
	0x46, 0x96, 0x04, 0x96, 0x48, 0x02, 0x8D, 0x0D, 0x45, 0x48, 0x02, 0x49, 0x46, 0x0A, 0x8D, 0x0A, 
	0x45, 0x49, 0x0A, 0x49, 0x41, 0x02, 0x8D, 0x1C, 0x00, 0x01, 0x37, 0xB7, 0xE3, 0xE3, 0xE2, 0xE3, 
	0xE4, 0xE2, 0xE4, 0xE3, 0xE7, 0xE9, 0xFA, 0xF5, 0xF6, 0xE2, 0xE3, 0xE7, 0xB7, 0x80, 0x3D, 0x00, 
	0x8A, 0x83, 0xE2, 0x08, 0xBA, 0xAD, 0xAD, 0xEA, 0xE1, 0x37, 0x6D, 0x6E, 0x75, 0x80, 0x77, 0x02, 
	0x78, 0xAB, 0xAC, 0x80, 0xA9, 0x02, 0xA8, 0xA9, 0xBA, 0x82, 0xFD, 0x09, 0xFA, 0xE8, 0xE2, 0xE2, 
	0xFA, 0xE9, 0xE2, 0xE3, 0xF5, 0xE9, 0x80, 0xE2, 0x05, 0xB7, 0x3B, 0x3B, 0xB7, 0xE2, 0xB7, 0x82, 
	0xE2, 0x0D, 0xBB, 0xAD, 0xA8, 0xA8, 0x84, 0x79, 0x80, 0xAB, 0xAF, 0x8A, 0x8A, 0x39, 0x19, 0x00, 
	0x81, 0x02, 0x04, 0x00, 0x00, 0x01, 0x7E, 0x4F, 0x81, 0x02, 0x05, 0x3B, 0x73, 0x73, 0x3F, 0x02, 
	0x02, 0x80, 0x00, 0x05, 0x01, 0x78, 0x72, 0x72, 0x73, 0x35, 0x83, 0x02, 0x55, 0x7E, 0x4D, 0x07, 
	0x7E, 0x08, 0x3D, 0x7B, 0x00, 0x53, 0x53, 0x07, 0x7E, 0x25, 0x39, 0x7E, 0x06, 0x7A, 0x53, 0x02, 
	0xB6, 0x26, 0x55, 0xA1, 0x02, 0xA0, 0x56, 0x03, 0xB6, 0x23, 0x55, 0xA0, 0x06, 0xA1, 0x52, 0x23, 
	0xA5, 0x0C, 0x56, 0xA0, 0x02, 0xA3, 0x4C, 0x38, 0xA3, 0x02, 0xA0, 0x58, 0x00, 0xA3, 0x03, 0x56, 
	0x7C, 0x02, 0xA3, 0x26, 0x55, 0xA0, 0x04, 0xA2, 0x50, 0x4B, 0xA1, 0x00, 0x7C, 0x56, 0x03, 0xA1, 
	0x02, 0x56, 0x56, 0x06, 0xA1, 0x03, 0x52, 0x7C, 0x06, 0xA0, 0x19, 0x4B, 0x7C, 0x02, 0x7C, 0x26, 
	0x02, 0x02, 0x00, 0x81, 0x02, 0x80, 0x00, 0x80, 0x05, 0x02, 0x2F, 0x0E, 0x05, 0x02, 0x0E, 0x0E, 
	0x2F, 0x80, 0x05, 0x80, 0x00, 0x87, 0x02, 0x00, 0x00, 0x84, 0x02, 0x02, 0x06, 0x02, 0x02, 0x80, 
	0x00, 0x80, 0x02, 0x02, 0x0B, 0x60, 0x5B, 0x80, 0x02, 0x02, 0x5B, 0x5E, 0x0B, 0x81, 0x02, 0x00, 
	0x00, 0x81, 0x02, 0x00, 0x06, 0x87, 0x02, 0x02, 0x06, 0x02, 0x06, 0x80, 0x02, 0x07, 0x22, 0x1C, 
	0x00, 0x00, 0x02, 0x04, 0x0A, 0x04, 0x84, 0x02, 0x01, 0x04, 0x0A, 0x80, 0x02, 0x09, 0x00, 0x00, 
	0x07, 0x3B, 0xB7, 0xE3, 0xE2, 0x3B, 0xB7, 0xE2, 0x80, 0xE4, 0x80, 0xE3, 0x80, 0xE2, 0x08, 0xE3, 
	0x8A, 0x39, 0x07, 0x3D, 0x3E, 0x3D, 0x3D, 0xBA, 0x81, 0xE2, 0x0A, 0xE4, 0xE4, 0xBA, 0xE9, 0xE1, 
	0x37, 0x6E, 0x6E, 0x82, 0xAB, 0x79, 0x80, 0x77, 0x06, 0x79, 0x84, 0xA8, 0xA8, 0xA9, 0xA9, 0xBA, 
	0x82, 0xFD, 0x05, 0xE8, 0xE7, 0xE7, 0xF5, 0xF6, 0xE8, 0x82, 0xE3, 0x07, 0xB5, 0x53, 0x37, 0x37, 
	0x8B, 0xB5, 0xB7, 0xB7, 0x83, 0xE2, 0x0D, 0xBA, 0xA7, 0x78, 0x77, 0x82, 0x85, 0x85, 0xBB, 0xFA, 
	0xFA, 0xB7, 0x57, 0x0F, 0x04, 0x81, 0x02, 0x80, 0x00, 0x0A, 0x06, 0x02, 0x02, 0x19, 0x08, 0x08, 
	0x18, 0x18, 0x08, 0x06, 0x02, 0x81, 0x00, 0x07, 0x1B, 0x18, 0x18, 0x32, 0x18, 0x1B, 0x1B, 0x08, 
	0x80, 0x02, 0x02, 0x01, 0x02, 0x02, 0x81, 0x00, 0x0E, 0x02, 0x00, 0x00, 0x06, 0x03, 0x06, 0x06, 
	0x03, 0x02, 0x06, 0x02, 0x02, 0x06, 0x02, 0x06, 0x85, 0x02, 0x0D, 0x06, 0x06, 0x02, 0x06, 0x02, 
	0x06, 0x02, 0x06, 0x06, 0x02, 0x04, 0x02, 0x02, 0x06, 0x88, 0x02, 0x06, 0x06, 0x04, 0x06, 0x06, 
	0x02, 0x02, 0x00, 0x80, 0x02, 0x07, 0x06, 0x06, 0x02, 0x06, 0x02, 0x02, 0x06, 0x02, 0x81, 0x06, 
	0x81, 0x02, 0x01, 0x06, 0x06, 0x84, 0x02, 0x80, 0x00, 0x05, 0x05, 0x05, 0x0C, 0x2F, 0x0E, 0x05, 
	0x05, 0x0E, 0x13, 0x2F, 0x0C, 0x05, 0x05, 0x81, 0x00, 0x83, 0x02, 0x00, 0x00, 0x82, 0x02, 0x00, 
	0x00, 0x80, 0x02, 0x80, 0x06, 0x00, 0x02, 0x80, 0x00, 0x0D, 0x02, 0x04, 0x04, 0x11, 0xD5, 0xD4, 
	0x02, 0x00, 0x00, 0xD4, 0xD7, 0x28, 0x04, 0x04, 0x90, 0x02, 0x00, 0x04, 0x80, 0x02, 0x0B, 0x22, 
	0x9C, 0x90, 0x1C, 0x9A, 0x22, 0x49, 0x8F, 0x0B, 0x06, 0x02, 0x00, 0x81, 0x02, 0x02, 0x04, 0x02, 
	0x02, 0x80, 0x04, 0x08, 0x02, 0x08, 0x3D, 0xBA, 0xE7, 0xE4, 0x7A, 0xB7, 0xB7, 0x84, 0xE7, 0x0C, 
	0xE3, 0xE3, 0x8A, 0x53, 0x1A, 0x02, 0x36, 0x3B, 0x3E, 0x3E, 0x8B, 0xB7, 0xB7, 0x81, 0xE3, 0x07, 
	0xE4, 0xB7, 0x8A, 0x3E, 0xAB, 0x84, 0x85, 0xA9, 0x80, 0xAB, 0x07, 0x84, 0x79, 0x82, 0x84, 0xA9, 
	0xA9, 0xAC, 0xBA, 0x80, 0xFD, 0x0D, 0xFA, 0xF6, 0xE8, 0xE9, 0xF6, 0xF6, 0xE9, 0xE7, 0xE3, 0xE7, 
	0xE7, 0xE2, 0xB7, 0x7A, 0x80, 0x8A, 0x81, 0xB7, 0x00, 0xBA, 0x82, 0xE2, 0x07, 0xBA, 0xAB, 0x88, 
	0x84, 0xAB, 0xE5, 0xEA, 0xE9, 0x80, 0xFA, 0x03, 0xF6, 0xB7, 0x4E, 0x0F, 0x80, 0x00, 0x81, 0x02, 
	0x0A, 0x06, 0x03, 0x37, 0x37, 0x6C, 0x73, 0x73, 0x6C, 0x32, 0x32, 0x09, 0x81, 0x02, 0x06, 0x38, 
	0x75, 0x80, 0x3F, 0x70, 0x73, 0x34, 0x87, 0x02, 0x80, 0x06, 0x01, 0x02, 0x02, 0x81, 0x06, 0x8E, 
	0x02, 0x00, 0x06, 0x93, 0x02, 0x00, 0x06, 0x8C, 0x02, 0x03, 0x06, 0x02, 0x06, 0x06, 0x8B, 0x02, 
	0x80, 0x00, 0x05, 0x05, 0x05, 0x0C, 0x2F, 0x0E, 0x05, 0x02, 0x0E, 0x0E, 0x2F, 0x80, 0x05, 0x81, 
	0x00, 0x81, 0x02, 0x18, 0x00, 0x00, 0x0B, 0x28, 0x02, 0x12, 0x10, 0x00, 0x12, 0x00, 0x10, 0x10, 
	0x02, 0x1E, 0x02, 0x0B, 0x11, 0x00, 0x12, 0x04, 0x0A, 0x12, 0x11, 0xD7, 0xD4, 0x80, 0x00, 0x08, 
	0xD4, 0xD7, 0x28, 0x0B, 0x02, 0x02, 0x04, 0x02, 0x0B, 0x88, 0x02, 0x00, 0x00, 0x80, 0x02, 0x00, 
	0x04, 0x80, 0x02, 0x0B, 0x22, 0x9E, 0x90, 0x8D, 0x9C, 0x96, 0x9C, 0x9C, 0x46, 0x02, 0x02, 0x00, 
	0x84, 0x02, 0x80, 0x04, 0x08, 0x02, 0x07, 0x3B, 0xB7, 0xE2, 0xE2, 0xB7, 0x7A, 0x8A, 0x81, 0xE2, 
	0x0B, 0xE4, 0xE4, 0xE3, 0xB7, 0x8A, 0x33, 0x08, 0x04, 0x02, 0x00, 0x3A, 0x3B, 0x80, 0x3E, 0x00, 
	0x8A, 0x82, 0xE2, 0x04, 0x53, 0x37, 0x3E, 0x88, 0xA7, 0x80, 0xAB, 0x09, 0xAC, 0xA9, 0xA8, 0x84, 
	0x78, 0x78, 0xA8, 0xA8, 0xAD, 0xE5, 0x80, 0xFA, 0x0E, 0xF5, 0xE7, 0xE7, 0xF6, 0xF6, 0xE7, 0xE7, 
	0xE2, 0xB7, 0xE3, 0xE2, 0xB7, 0x3D, 0x3B, 0x8B, 0x84, 0xB7, 0x00, 0xBA, 0x82, 0xE2, 0x04, 0xBA, 
	0xBB, 0xAD, 0xAD, 0xF5, 0x82, 0xFD, 0x06, 0xFA, 0xFA, 0x8A, 0x38, 0x24, 0x03, 0x00, 0x82, 0x02, 
	0x00, 0x18, 0x80, 0x81, 0x80, 0x73, 0x0D, 0x74, 0x73, 0x34, 0x00, 0x02, 0x02, 0x00, 0x7D, 0x85, 
	0x74, 0x35, 0x73, 0x73, 0x34, 0x88, 0x02, 0x00, 0x06, 0x9B, 0x02, 0x01, 0x06, 0x04, 0x88, 0x02, 
	0x00, 0x00, 0x80, 0x02, 0x20, 0x03, 0x02, 0x03, 0x02, 0x02, 0x03, 0x02, 0x03, 0x03, 0x02, 0x0F, 
	0x02, 0x0C, 0x0C, 0x06, 0x0F, 0x02, 0x0C, 0x0F, 0x02, 0x0F, 0x02, 0x0F, 0x0F, 0x02, 0x19, 0x02, 
	0x00, 0x00, 0x02, 0x02, 0x00, 0x02, 0x81, 0x00, 0x05, 0x05, 0x05, 0x0E, 0x2F, 0x0E, 0x05, 0x05, 
	0x0E, 0x0E, 0x2F, 0x0E, 0x05, 0x05, 0x81, 0x00, 0x83, 0x02, 0x54, 0x5E, 0xCA, 0x06, 0xC3, 0x64, 
	0x28, 0xCF, 0x02, 0xC1, 0xC1, 0x02, 0xCF, 0x12, 0x64, 0xC5, 0x02, 0xCA, 0x59, 0x44, 0xCA, 0x11, 
	0xD4, 0xD4, 0x02, 0x00, 0x00, 0xD4, 0xD7, 0x28, 0xCA, 0x59, 0x5A, 0xC7, 0x04, 0xC6, 0x64, 0x0B, 
	0xC7, 0x04, 0x61, 0x96, 0x06, 0xC7, 0x2C, 0x2C, 0xC7, 0x02, 0x66, 0x98, 0x0A, 0xCF, 0x2D, 0x59, 
	0xC3, 0x22, 0x9C, 0x9E, 0x22, 0x9A, 0x22, 0x46, 0x8D, 0x0B, 0x49, 0x48, 0x0A, 0x8D, 0x02, 0x41, 
	0x49, 0x00, 0x48, 0x42, 0x0A, 0x8D, 0x22, 0x04, 0x08, 0x3B, 0xB7, 0xE2, 0xE4, 0xE4, 0xB7, 0x8B, 
	0x80, 0x3E, 0x81, 0x3D, 0x08, 0x37, 0x03, 0x02, 0x06, 0x02, 0x02, 0x00, 0x3A, 0x3D, 0x83, 0x3E, 
	0x19, 0xB7, 0xE2, 0xE2, 0x53, 0x3A, 0x34, 0x6D, 0x75, 0x77, 0x77, 0x79, 0x88, 0xAC, 0xA9, 0xA8, 
	0x85, 0x85, 0xA7, 0xA8, 0xEA, 0xF5, 0xF5, 0xFA, 0xE8, 0xBA, 0xBA, 0x80, 0xE3, 0x0A, 0xE7, 0xE3, 
	0xE3, 0xE4, 0xE4, 0x40, 0x33, 0x3A, 0x3B, 0x3B, 0x7D, 0x84, 0xB7, 0x84, 0xE2, 0x03, 0xE4, 0xE4, 
	0xE8, 0xF6, 0x81, 0xFD, 0x81, 0xFA, 0x12, 0xE9, 0x53, 0x0F, 0x02, 0x06, 0x04, 0x02, 0x02, 0x18, 
	0x81, 0x81, 0x70, 0x08, 0x08, 0x70, 0x74, 0x73, 0x34, 0x00, 0x80, 0x02, 0x0B, 0x23, 0x70, 0x74, 
	0x35, 0x73, 0x73, 0x34, 0x06, 0x02, 0x06, 0x7B, 0x3D, 0x82, 0x02, 0x4B, 0x06, 0x7A, 0x4D, 0x08, 
	0x7E, 0x08, 0x39, 0x7A, 0x06, 0x7A, 0x4D, 0x03, 0xA3, 0x19, 0x56, 0xA0, 0x02, 0xA0, 0x56, 0x0F, 
	0xA5, 0x07, 0x56, 0xA3, 0x06, 0xA3, 0x52, 0x27, 0xAE, 0x03, 0x7C, 0xA0, 0x06, 0xB6, 0x4B, 0x4C, 
	0xA5, 0x02, 0xA3, 0x57, 0x03, 0xB6, 0x03, 0x9F, 0xA0, 0x02, 0xB6, 0x26, 0x57, 0xA3, 0x02, 0xA5, 
	0x58, 0x50, 0xA5, 0x02, 0xA1, 0x7C, 0x0F, 0xB6, 0x02, 0x9F, 0xA0, 0x03, 0xB6, 0x02, 0x7C, 0xA1, 
	0x02, 0xB6, 0x07, 0x56, 0xA1, 0x02, 0xB6, 0x27, 0x84, 0x02, 0x80, 0x00, 0x05, 0x05, 0x05, 0x0E, 
	0x2F, 0x0E, 0x05, 0x05, 0x0E, 0x0E, 0x2F, 0x0C, 0x05, 0x05, 0x81, 0x00, 0x84, 0x02, 0x15, 0x0B, 
	0x02, 0x0B, 0x04, 0x02, 0x0B, 0x02, 0x04, 0x04, 0x00, 0x11, 0x02, 0x0B, 0x12, 0x06, 0x28, 0x0B, 
	0x04, 0x28, 0x02, 0x2B, 0x2B, 0x80, 0x02, 0x35, 0x2B, 0x59, 0x0B, 0x28, 0x0B, 0x10, 0x28, 0x04, 
	0x28, 0x1E, 0x02, 0x2D, 0x00, 0x1E, 0x20, 0x02, 0x2C, 0x0B, 0x10, 0x2C, 0x02, 0x2A, 0x2A, 0x02, 
	0x5D, 0x10, 0x1E, 0x44, 0x0D, 0x49, 0x48, 0x04, 0x1C, 0x02, 0x04, 0x0D, 0x00, 0x21, 0x21, 0x02, 
	0x45, 0x02, 0x1C, 0x21, 0x00, 0x41, 0x21, 0x0A, 0x46, 0x0D, 0x02, 0x07, 0x37, 0xB7, 0x80, 0xE7, 
	0x09, 0xE4, 0xBA, 0xB5, 0x3B, 0x25, 0x1A, 0x19, 0x19, 0x1A, 0x19, 0x82, 0x02, 0x03, 0x00, 0x19, 
	0x37, 0x76, 0x81, 0x7A, 0x2A, 0x3E, 0x53, 0x8B, 0xE4, 0x53, 0x3B, 0x76, 0x87, 0x79, 0x77, 0x77, 
	0x79, 0x78, 0x78, 0x82, 0xAC, 0xA9, 0xA9, 0xAD, 0xBB, 0xEA, 0xF6, 0xF6, 0xE7, 0xE2, 0xBA, 0xE3, 
	0xE7, 0xBA, 0xB7, 0xE7, 0xE7, 0xB7, 0x8A, 0x8A, 0x19, 0x07, 0x07, 0x08, 0x1A, 0x40, 0x7A, 0x7A, 
	0x82, 0xB7, 0x00, 0xBA, 0x83, 0xE2, 0x07, 0xE3, 0xE3, 0xE7, 0xE7, 0xE9, 0xF6, 0xFA, 0xFD, 0x82, 
	0xFA, 0x12, 0xF5, 0x8A, 0x3D, 0x25, 0x04, 0x04, 0x02, 0x08, 0x70, 0x70, 0x72, 0x03, 0x02, 0x70, 
	0x74, 0x74, 0x70, 0x34, 0x00, 0x80, 0x02, 0x0A, 0x3C, 0x70, 0x34, 0x6C, 0x6F, 0x1B, 0x04, 0x02, 
	0x02, 0x7A, 0x39, 0x82, 0x02, 0x4A, 0x06, 0x4D, 0x39, 0x07, 0x53, 0x03, 0x25, 0x4D, 0x06, 0x4D, 
	0x39, 0x02, 0x58, 0x0E, 0x4B, 0x52, 0x02, 0x50, 0x4B, 0x03, 0x55, 0x03, 0x38, 0x50, 0x02, 0x50, 
	0x27, 0x0F, 0x55, 0x02, 0x26, 0x4E, 0x06, 0x50, 0x23, 0x23, 0x4E, 0x02, 0x4B, 0x27, 0x02, 0x4E, 
	0x02, 0x26, 0x26, 0x02, 0x4B, 0x0F, 0x24, 0x26, 0x02, 0x26, 0x23, 0x0F, 0x26, 0x02, 0x23, 0x23, 
	0x02, 0x27, 0x02, 0x0F, 0x0F, 0x06, 0x23, 0x02, 0x0F, 0x0F, 0x06, 0x0F, 0x02, 0x0C, 0x0F, 0x02, 
	0x0F, 0x85, 0x02, 0x80, 0x00, 0x05, 0x05, 0x05, 0x0E, 0x2F, 0x0E, 0x05, 0x05, 0x0E, 0x0E, 0x2F, 
	0x0C, 0x05, 0x05, 0x80, 0x00, 0x8C, 0x02, 0x81, 0x00, 0x83, 0x02, 0x80, 0x00, 0x01, 0xCB, 0xCB, 
	0x80, 0x02, 0x03, 0xCB, 0xCB, 0x11, 0x00, 0x93, 0x02, 0x0B, 0x21, 0x96, 0x0A, 0x49, 0x46, 0x46, 
	0x90, 0x48, 0x46, 0x49, 0x00, 0x00, 0x81, 0x02, 0x01, 0x00, 0x00, 0x84, 0x02, 0x02, 0x03, 0x37, 
	0xB7, 0x81, 0xE7, 0x03, 0xE4, 0xB7, 0x37, 0x19, 0x86, 0x02, 0x1F, 0x00, 0x02, 0x02, 0x36, 0x6D, 
	0x7B, 0x7B, 0x7A, 0x7A, 0x76, 0x3D, 0x53, 0xB7, 0x7A, 0x6D, 0x75, 0x87, 0x82, 0x83, 0x83, 0x82, 
	0x82, 0x78, 0x78, 0x84, 0xA7, 0xAC, 0xAD, 0xEA, 0xE9, 0xE9, 0xE8, 0x80, 0xBA, 0x16, 0xE3, 0xE3, 
	0xB7, 0xB7, 0xE3, 0xB7, 0x8A, 0x36, 0x36, 0x03, 0x00, 0x00, 0x02, 0x19, 0x1A, 0x33, 0x32, 0x8A, 
	0xB7, 0x8B, 0x8A, 0xB7, 0xBA, 0x84, 0xE2, 0x81, 0xE3, 0x00, 0xE7, 0x80, 0xF6, 0x82, 0xFA, 0x11, 
	0xE9, 0xE8, 0xE0, 0x37, 0x36, 0x19, 0x04, 0x04, 0x03, 0x04, 0x02, 0x00, 0x35, 0x72, 0x74, 0x74, 
	0x72, 0x00, 0x80, 0x02, 0x08, 0x36, 0x7B, 0x3E, 0x6E, 0x79, 0x32, 0x72, 0x3C, 0x00, 0xD6, 0x02, 
	0x81, 0x00, 0x05, 0x05, 0x05, 0x13, 0x2F, 0x0E, 0x05, 0x05, 0x0E, 0x0E, 0x2F, 0x0E, 0x05, 0x05, 
	0x81, 0x00, 0x8D, 0x02, 0x01, 0x00, 0x00, 0x83, 0x02, 0x80, 0x00, 0x0E, 0xD4, 0xD4, 0x04, 0x02, 
	0x04, 0xD4, 0xD7, 0x12, 0x00, 0x02, 0x02, 0x04, 0x04, 0x00, 0x00, 0x8B, 0x02, 0x11, 0x00, 0x02, 
	0x8F, 0x9E, 0x8D, 0x9C, 0x9A, 0x49, 0x9E, 0x8D, 0x90, 0x94, 0x41, 0x00, 0x02, 0x02, 0x00, 0x00, 
	0x80, 0x02, 0x00, 0x04, 0x82, 0x02, 0x02, 0x03, 0x37, 0xB7, 0x81, 0xE7, 0x03, 0xE4, 0xB7, 0x37, 
	0x19, 0x80, 0x02, 0x83, 0x00, 0x80, 0x02, 0x01, 0x19, 0x3B, 0x82, 0x7A, 0x18, 0x4D, 0x3A, 0x3A, 
	0x76, 0x75, 0x6E, 0x6E, 0xAB, 0xAC, 0xAC, 0xA7, 0xA7, 0x85, 0x83, 0x77, 0x84, 0xA8, 0xBB, 0xE9, 
	0xE9, 0xE7, 0x8B, 0xBA, 0xBA, 0xB7, 0x82, 0x8B, 0x02, 0x40, 0x1A, 0x06, 0x80, 0x02, 0x00, 0x00, 
	0x82, 0x02, 0x05, 0x1A, 0x33, 0x32, 0x3A, 0x8A, 0xB7, 0x87, 0xE2, 0x81, 0xE4, 0x03, 0xE3, 0xF6, 
	0xFA, 0xFA, 0x81, 0xFD, 0x05, 0xFA, 0xE8, 0xE8, 0xB7, 0x1A, 0x04, 0x81, 0x02, 0x04, 0x00, 0x18, 
	0x73, 0x74, 0x72, 0x81, 0x02, 0x08, 0x3D, 0x86, 0x79, 0x80, 0x81, 0x35, 0x73, 0x70, 0x00, 0x86, 
	0x02, 0x00, 0x00, 0x83, 0x02, 0x01, 0x00, 0x00, 0xC5, 0x02, 0x80, 0x00, 0x05, 0x05, 0x05, 0x0E, 
	0x24, 0x0E, 0x05, 0x05, 0x0E, 0x0E, 0x2F, 0x0E, 0x05, 0x05, 0x80, 0x00, 0x84, 0x02, 0x16, 0x59, 
	0xC5, 0x02, 0x65, 0x63, 0x10, 0xC5, 0x02, 0x63, 0x64, 0x02, 0xC5, 0x11, 0x5B, 0xC1, 0x0A, 0xC6, 
	0x59, 0x28, 0xC1, 0x00, 0xD4, 0xD4, 0x80, 0x02, 0x35, 0xD4, 0xD7, 0x28, 0x65, 0x28, 0x2C, 0x97, 
	0x02, 0x64, 0x5A, 0x02, 0x98, 0x0B, 0x46, 0x49, 0x02, 0x64, 0x1E, 0x28, 0x66, 0x04, 0x5E, 0x5E, 
	0x02, 0x66, 0x1E, 0x49, 0x9C, 0x48, 0x9E, 0x90, 0x49, 0x9C, 0x8D, 0x8E, 0x9E, 0x21, 0x45, 0x21, 
	0x02, 0x46, 0x02, 0x1D, 0x46, 0x04, 0x41, 0x21, 0x02, 0x46, 0x0D, 0x00, 0x03, 0x37, 0xBA, 0x82, 
	0xE7, 0x13, 0xE3, 0x3B, 0x19, 0x04, 0x04, 0x46, 0x20, 0x00, 0x45, 0x00, 0x21, 0x21, 0x02, 0x06, 
	0x02, 0x0F, 0x25, 0x53, 0x7A, 0x7E, 0x81, 0x7A, 0x08, 0x3A, 0x76, 0x75, 0x6E, 0x6E, 0x78, 0x82, 
	0x82, 0xA9, 0x80, 0xA8, 0x07, 0x85, 0x85, 0xA8, 0xBB, 0xF6, 0xE2, 0xB7, 0x7D, 0x80, 0x8A, 0x00, 
	0x3D, 0x81, 0x39, 0x00, 0x19, 0x82, 0x02, 0x03, 0x00, 0x02, 0x46, 0x1C, 0x80, 0x02, 0x07, 0x00, 
	0x00, 0x19, 0x19, 0x38, 0x8A, 0x8B, 0xB7, 0x86, 0xE2, 0x81, 0xE3, 0x04, 0xE8, 0xE9, 0xE8, 0xE8, 
	0xFA, 0x81, 0xFD, 0x18, 0xFF, 0xE0, 0x36, 0x19, 0x02, 0x00, 0x02, 0x00, 0x08, 0x6C, 0x72, 0x70, 
	0x70, 0x03, 0x02, 0x02, 0x25, 0x7A, 0x3E, 0x80, 0x81, 0x35, 0x74, 0x70, 0x00, 0x82, 0x02, 0x4D, 
	0x25, 0x39, 0x00, 0x39, 0x25, 0x07, 0x4D, 0x03, 0x25, 0x39, 0x02, 0x4F, 0x36, 0x02, 0x58, 0x03, 
	0x4F, 0x55, 0x06, 0x56, 0x4E, 0x0C, 0x57, 0x02, 0x4F, 0x55, 0x02, 0x56, 0x26, 0x0F, 0x7C, 0x02, 
	0x50, 0x55, 0x00, 0x7C, 0x23, 0x26, 0x7C, 0x06, 0x56, 0x50, 0x03, 0x9F, 0x06, 0x56, 0x55, 0x06, 
	0xA0, 0x23, 0x55, 0x57, 0x02, 0x7C, 0x4B, 0x4B, 0x7C, 0x04, 0x56, 0x52, 0x23, 0xA0, 0x02, 0x58, 
	0x55, 0x0F, 0xA0, 0x02, 0x55, 0x56, 0x02, 0xA0, 0x02, 0x52, 0x7C, 0x02, 0xA3, 0x0F, 0x83, 0x02, 
	0x81, 0x00, 0x05, 0x05, 0x05, 0x13, 0x2F, 0x0E, 0x05, 0x05, 0x0E, 0x0E, 0x2F, 0x0E, 0x05, 0x05, 
	0x80, 0x00, 0x84, 0x02, 0x4F, 0x28, 0x5E, 0x02, 0x59, 0x2C, 0x04, 0x5E, 0x02, 0x59, 0x59, 0x02, 
	0x64, 0x0B, 0x44, 0x67, 0x02, 0x64, 0x2B, 0x1E, 0x63, 0x02, 0xC1, 0xC1, 0x02, 0x00, 0x02, 0xC1, 
	0xC4, 0x11, 0x64, 0x28, 0x2B, 0x65, 0x02, 0x62, 0x5A, 0x0B, 0x98, 0x0B, 0x46, 0x49, 0x02, 0x66, 
	0x28, 0x2D, 0x98, 0x04, 0x60, 0x63, 0x02, 0xC3, 0x28, 0x21, 0x8D, 0x02, 0x49, 0x48, 0x46, 0x90, 
	0x49, 0x46, 0x49, 0x02, 0x49, 0x48, 0x02, 0x8D, 0x0D, 0x41, 0x8D, 0x0A, 0x49, 0x46, 0x02, 0x8D, 
	0x20, 0x02, 0x03, 0x37, 0xE2, 0x82, 0xE7, 0x0B, 0xE3, 0x3D, 0x19, 0x04, 0x02, 0x8E, 0x46, 0x00, 
	0x96, 0x02, 0x48, 0x49, 0x82, 0x04, 0x0B, 0x37, 0x7A, 0x7A, 0x7D, 0x7E, 0x7E, 0x7A, 0x3B, 0x3E, 
	0x8B, 0xB5, 0x79, 0x80, 0x6E, 0x01, 0x83, 0x85, 0x81, 0xA9, 0x04, 0xBB, 0xEA, 0xF5, 0xB7, 0x3D, 
	0x81, 0x36, 0x01, 0x25, 0x00, 0x88, 0x02, 0x01, 0x91, 0x21, 0x83, 0x02, 0x04, 0x00, 0x03, 0x25, 
	0x33, 0x8A, 0x81, 0xB7, 0x81, 0xE2, 0x82, 0xE3, 0x81, 0xE7, 0x80, 0xF6, 0x80, 0xFD, 0x0D, 0xFA, 
	0xE1, 0x8A, 0x36, 0x00, 0x00, 0x02, 0x00, 0x00, 0x37, 0x70, 0x73, 0x6D, 0x19, 0x80, 0x02, 0x06, 
	0x03, 0x70, 0x80, 0x34, 0x73, 0x70, 0x00, 0x82, 0x02, 0x4D, 0x4D, 0x7A, 0x00, 0x7A, 0x4D, 0x19, 
	0x7E, 0x08, 0x3D, 0x7A, 0x02, 0x7A, 0x4D, 0x03, 0xA3, 0x0F, 0x56, 0xA0, 0x04, 0xA0, 0x55, 0x0F, 
	0xA3, 0x02, 0x56, 0x9F, 0x02, 0xA0, 0x4F, 0x23, 0xA5, 0x03, 0x56, 0x7C, 0x00, 0xA3, 0x27, 0x4C, 
	0xA0, 0x02, 0x9F, 0x52, 0x07, 0xA1, 0x06, 0x58, 0x58, 0x02, 0xA1, 0x23, 0x55, 0x57, 0x02, 0x7C, 
	0x4E, 0x4B, 0x7C, 0x02, 0x56, 0x50, 0x23, 0x7C, 0x02, 0x55, 0x50, 0x07, 0x7C, 0x02, 0x50, 0x52, 
	0x02, 0x56, 0x02, 0x4B, 0x50, 0x02, 0x56, 0x0F, 0x84, 0x02, 0x80, 0x00, 0x05, 0x05, 0x05, 0x13, 
	0x1F, 0x0C, 0x05, 0x05, 0x0E, 0x0E, 0x2F, 0x0E, 0x05, 0x0C, 0x81, 0x00, 0x95, 0x02, 0x04, 0x06, 
	0x04, 0x02, 0xC1, 0xC0, 0x80, 0x00, 0x02, 0x65, 0xC1, 0x0B, 0x94, 0x02, 0x01, 0x00, 0x00, 0x8F, 
	0x02, 0x01, 0x00, 0x00, 0x81, 0x02, 0x0B, 0x36, 0xB7, 0xE3, 0xE7, 0xE7, 0xE3, 0xE7, 0xE3, 0x53, 
	0x25, 0x02, 0x02, 0x82, 0x00, 0x03, 0x02, 0x22, 0x41, 0x0D, 0x80, 0x02, 0x01, 0x36, 0x3D, 0x82, 
	0x7A, 0x04, 0x3B, 0x1A, 0xB7, 0xBA, 0x78, 0x80, 0x6E, 0x01, 0x6F, 0x83, 0x80, 0xA7, 0x05, 0xA8, 
	0xBA, 0xF6, 0xE9, 0x8A, 0x1A, 0x80, 0x02, 0x80, 0x00, 0x89, 0x02, 0x00, 0x00, 0x87, 0x02, 0x00, 
	0x1A, 0x80, 0x36, 0x00, 0x57, 0x81, 0xB7, 0x83, 0xE2, 0x01, 0xE4, 0xE4, 0x80, 0xE3, 0x01, 0xE7, 
	0xFA, 0x80, 0xFD, 0x04, 0xFA, 0xE3, 0x7A, 0x01, 0x00, 0x80, 0x02, 0x08, 0x87, 0x7A, 0x3F, 0x81, 
	0x3A, 0x19, 0x32, 0x03, 0x02, 0x80, 0x07, 0x04, 0x1B, 0x18, 0x08, 0x18, 0x07, 0x81, 0x02, 0x00, 
	0x00, 0x82, 0x02, 0x01, 0x06, 0x06, 0x88, 0x02, 0x00, 0x06, 0x8F, 0x02, 0x00, 0x06, 0x82, 0x02, 
	0x00, 0x06, 0xA2, 0x02, 0x82, 0x00, 0x05, 0x05, 0x05, 0x13, 0x24, 0x0E, 0x05, 0x05, 0x0E, 0x0E, 
	0x2F, 0x13, 0x05, 0x0C, 0x81, 0x00, 0x81, 0x02, 0x00, 0x00, 0x90, 0x02, 0x04, 0x04, 0x04, 0x0B, 
	0xD4, 0xD4, 0x80, 0x00, 0x02, 0xCB, 0xD4, 0x11, 0x94, 0x02, 0x01, 0x00, 0x00, 0x8D, 0x02, 0x81, 
	0x00, 0x81, 0x02, 0x05, 0x00, 0x3A, 0xB7, 0xE9, 0xF6, 0xF6, 0x80, 0xFA, 0x01, 0xB7, 0x36, 0x82, 
	0x00, 0x0C, 0x02, 0x02, 0x8F, 0x9E, 0x21, 0x02, 0x02, 0x00, 0x00, 0x1A, 0x3D, 0x7A, 0x7D, 0x80, 
	0x7E, 0x06, 0x36, 0xB7, 0xBA, 0x80, 0x88, 0x85, 0x85, 0x80, 0x6E, 0x06, 0x77, 0xAC, 0xA9, 0xBA, 
	0xE9, 0x3A, 0x08, 0x83, 0x02, 0x01, 0x00, 0x02, 0x80, 0x00, 0x88, 0x02, 0x00, 0x00, 0x83, 0x02, 
	0x80, 0x04, 0x02, 0x06, 0x02, 0x19, 0x80, 0x36, 0x00, 0x52, 0x80, 0xB7, 0x80, 0xE2, 0x01, 0x8C, 
	0x7B, 0x80, 0xE3, 0x08, 0xE7, 0xE9, 0xFA, 0xFD, 0xFD, 0xFA, 0xFA, 0xF6, 0x36, 0x81, 0x02, 0x07, 
	0x77, 0x3E, 0x3F, 0x81, 0x34, 0x76, 0x88, 0x18, 0x80, 0x02, 0x05, 0x34, 0x73, 0x70, 0x72, 0x73, 
	0x3C, 0xA6, 0x02, 0x00, 0x06, 0x8A, 0x02, 0x00, 0x06, 0x82, 0x02, 0x00, 0x06, 0x8E, 0x02, 0x00, 
	0x06, 0x84, 0x02, 0x81, 0x00, 0x05, 0x05, 0x05, 0x13, 0x24, 0x0E, 0x05, 0x05, 0x0E, 0x0E, 0x24, 
	0x0E, 0x05, 0x05, 0x81, 0x00, 0x83, 0x02, 0x2C, 0x28, 0x63, 0x02, 0x59, 0x44, 0x02, 0x5E, 0x02, 
	0x2C, 0x59, 0x02, 0x5D, 0x10, 0x28, 0x59, 0x02, 0x44, 0x1E, 0x0B, 0x59, 0x0B, 0xD4, 0xD4, 0x02, 
	0x11, 0x02, 0xDB, 0xD4, 0x12, 0x28, 0x0B, 0x02, 0x12, 0x04, 0x0D, 0x0D, 0x02, 0x0A, 0x00, 0x02, 
	0x0A, 0x02, 0x0A, 0x04, 0x04, 0x94, 0x02, 0x82, 0x00, 0x11, 0x02, 0x02, 0x00, 0x00, 0x02, 0x02, 
	0x37, 0xB7, 0xF6, 0xE9, 0xF5, 0xFA, 0xFA, 0xE2, 0xE8, 0xE3, 0x39, 0x00, 0x81, 0x02, 0x04, 0x49, 
	0x8E, 0x94, 0x8E, 0x41, 0x80, 0x00, 0x03, 0x08, 0x36, 0x3E, 0x7A, 0x80, 0x7E, 0x06, 0x7A, 0x8A, 
	0x8B, 0xBB, 0xAB, 0x83, 0x82, 0x80, 0x84, 0x06, 0x85, 0xAC, 0xAC, 0xBA, 0xE9, 0x3A, 0x08, 0x84, 
	0x02, 0x82, 0x00, 0x81, 0x02, 0x00, 0x04, 0x80, 0x02, 0x05, 0x00, 0x00, 0x19, 0x53, 0x53, 0x07, 
	0x84, 0x02, 0x82, 0x00, 0x00, 0x19, 0x80, 0x39, 0x00, 0x8A, 0x81, 0xB7, 0x06, 0xE5, 0xB7, 0x8C, 
	0xBB, 0xBB, 0xEA, 0xF6, 0x81, 0xFA, 0x15, 0xF6, 0x2F, 0x02, 0x04, 0x04, 0x07, 0x7A, 0x78, 0x3E, 
	0x7B, 0x83, 0x85, 0x18, 0x02, 0x02, 0x00, 0x35, 0x73, 0x70, 0x72, 0x73, 0x3C, 0x81, 0x02, 0x00, 
	0x06, 0x80, 0x04, 0x00, 0x06, 0x82, 0x02, 0x01, 0x06, 0x06, 0x84, 0x02, 0x00, 0x04, 0x8A, 0x02, 
	0x00, 0x04, 0x81, 0x02, 0x05, 0x06, 0x02, 0x04, 0x04, 0x03, 0x06, 0x80, 0x02, 0x1D, 0x07, 0x06, 
	0x0C, 0x0F, 0x04, 0x0F, 0x0C, 0x0F, 0x23, 0x06, 0x23, 0x0F, 0x0F, 0x26, 0x06, 0x27, 0x27, 0x03, 
	0x4B, 0x02, 0x26, 0x26, 0x02, 0x4F, 0x02, 0x26, 0x4B, 0x06, 0x50, 0x06, 0x83, 0x02, 0x81, 0x00, 
	0x05, 0x05, 0x05, 0x13, 0x1F, 0x05, 0x05, 0x05, 0x0E, 0x0E, 0x2F, 0x13, 0x05, 0x05, 0x81, 0x00, 
	0x83, 0x02, 0x69, 0x2B, 0xC5, 0x02, 0x64, 0x63, 0x02, 0xC3, 0x02, 0x63, 0x65, 0x02, 0xC7, 0x28, 
	0x5B, 0xC4, 0x02, 0xC5, 0x59, 0x28, 0xCA, 0x04, 0xD4, 0xD4, 0x59, 0xCB, 0x5B, 0xCB, 0xD4, 0x1E, 
	0xC7, 0x5A, 0x2D, 0xCE, 0x02, 0x96, 0x61, 0x02, 0x99, 0x1E, 0x49, 0x96, 0x0A, 0xCE, 0x44, 0x1E, 
	0x98, 0x02, 0x49, 0x96, 0x02, 0x9A, 0x21, 0x21, 0x96, 0x02, 0x8D, 0x49, 0x02, 0x96, 0x1C, 0x46, 
	0x8F, 0x0A, 0x49, 0x48, 0x0A, 0x8E, 0x0A, 0x21, 0x49, 0x00, 0x48, 0x46, 0x02, 0x8D, 0x20, 0x00, 
	0x02, 0x02, 0x37, 0xB7, 0xF6, 0xE7, 0xF6, 0xF6, 0xF5, 0x8B, 0xE8, 0xE8, 0x4D, 0x0D, 0x0D, 0x1C, 
	0x0D, 0x0D, 0x90, 0x8F, 0x41, 0x94, 0x48, 0x00, 0x00, 0x02, 0x00, 0x0F, 0x37, 0x83, 0x7A, 0x05, 
	0x53, 0xEA, 0xAF, 0x78, 0x79, 0xA7, 0x80, 0xA9, 0x06, 0xA8, 0xA8, 0xBB, 0xE7, 0x3A, 0x08, 0x00, 
	0x83, 0x02, 0x12, 0x93, 0x43, 0x0D, 0x49, 0x0D, 0x21, 0x42, 0x02, 0x42, 0x41, 0x0A, 0x49, 0x22, 
	0x4B, 0xB9, 0x39, 0xAA, 0xAD, 0x1A, 0x82, 0x02, 0x02, 0x4B, 0xA5, 0x4C, 0x83, 0x00, 0x0E, 0x02, 
	0x02, 0x19, 0x3D, 0x3D, 0xB7, 0xE2, 0xE2, 0x7A, 0x70, 0x80, 0xAD, 0xBB, 0xE5, 0xF6, 0x81, 0xFA, 
	0x14, 0x7A, 0x39, 0x02, 0x02, 0x04, 0x78, 0x82, 0x07, 0x83, 0x86, 0x86, 0x76, 0x1A, 0x02, 0x00, 
	0x35, 0x73, 0x70, 0x72, 0x73, 0x3C, 0x80, 0x02, 0x4D, 0x4D, 0x7A, 0x04, 0x7A, 0x4D, 0x19, 0x7E, 
	0x07, 0x39, 0x7A, 0x00, 0x7A, 0x4D, 0x03, 0xA3, 0x03, 0x56, 0xA0, 0x04, 0xA3, 0x55, 0x23, 0xB6, 
	0x00, 0x7C, 0xA0, 0x06, 0xA5, 0x4F, 0x27, 0xA5, 0x02, 0x7C, 0xA0, 0x02, 0xB9, 0x27, 0x52, 0xA5, 
	0x06, 0xA3, 0x58, 0x0F, 0xB6, 0x02, 0xA0, 0x9F, 0x02, 0xB6, 0x23, 0x7C, 0xB5, 0x02, 0xB5, 0x55, 
	0x55, 0xB6, 0x06, 0xA1, 0x56, 0x4E, 0xB6, 0x02, 0x9F, 0x58, 0x0F, 0xB6, 0x02, 0x7C, 0x7C, 0x02, 
	0xB5, 0x02, 0x56, 0x7C, 0x06, 0xB5, 0x03, 0x83, 0x02, 0x81, 0x00, 0x05, 0x05, 0x05, 0x13, 0x24, 
	0x0E, 0x05, 0x05, 0x0E, 0x13, 0x2F, 0x13, 0x0C, 0x0C, 0x81, 0x00, 0x8E, 0x02, 0x01, 0x04, 0x06, 
	0x85, 0x02, 0x46, 0x10, 0x11, 0x02, 0x10, 0x04, 0x12, 0x28, 0x02, 0x0B, 0x02, 0x04, 0x0B, 0x02, 
	0x0A, 0x02, 0x00, 0x11, 0x00, 0x0D, 0x1C, 0x04, 0x2D, 0x0B, 0x0A, 0x2A, 0x02, 0x20, 0x20, 0x02, 
	0x21, 0x0D, 0x0D, 0x41, 0x02, 0x21, 0x21, 0x00, 0x45, 0x0A, 0x22, 0x41, 0x04, 0x41, 0x21, 0x02, 
	0x46, 0x02, 0x1C, 0x41, 0x02, 0x41, 0x21, 0x00, 0x46, 0x0D, 0x00, 0x02, 0x04, 0x37, 0xB7, 0xF6, 
	0xF5, 0xE2, 0xB7, 0xF5, 0xF5, 0xB7, 0x4D, 0x53, 0x91, 0x9A, 0x80, 0x9C, 0x20, 0x49, 0x46, 0x22, 
	0x8D, 0x46, 0x00, 0x00, 0x02, 0x00, 0x03, 0x08, 0x3D, 0x7A, 0x7E, 0x7B, 0x7B, 0x7A, 0x53, 0xEA, 
	0xEA, 0xBB, 0xA8, 0xA7, 0xA9, 0xA9, 0xAC, 0x80, 0x80, 0x87, 0xBA, 0x3A, 0x08, 0x00, 0x83, 0x02, 
	0x13, 0x54, 0x21, 0x0D, 0x48, 0x0D, 0x22, 0x41, 0x00, 0x41, 0x21, 0x02, 0x48, 0x1C, 0x26, 0xA3, 
	0x3A, 0xAC, 0xAD, 0x1A, 0x04, 0x80, 0x02, 0x03, 0x00, 0x4F, 0xAE, 0x52, 0x80, 0x00, 0x01, 0x08, 
	0x08, 0x80, 0x02, 0x0D, 0x04, 0x07, 0x07, 0x33, 0x37, 0x37, 0x87, 0x89, 0x89, 0xBB, 0xE5, 0xE4, 
	0x7A, 0xF5, 0x80, 0xFA, 0x14, 0xBA, 0x8A, 0x07, 0x02, 0x04, 0x76, 0x7B, 0x6C, 0x77, 0x80, 0x86, 
	0x82, 0x36, 0x02, 0x00, 0x33, 0x70, 0x6C, 0x35, 0x6C, 0x32, 0x80, 0x02, 0x36, 0x39, 0x4D, 0x06, 
	0x4D, 0x38, 0x08, 0x53, 0x03, 0x25, 0x39, 0x00, 0x4F, 0x36, 0x04, 0x55, 0x03, 0x38, 0x50, 0x02, 
	0x50, 0x26, 0x0F, 0x52, 0x00, 0x38, 0x4C, 0x06, 0x4F, 0x23, 0x0F, 0x50, 0x02, 0x26, 0x26, 0x02, 
	0x4B, 0x0F, 0x23, 0x26, 0x02, 0x26, 0x23, 0x02, 0x27, 0x02, 0x19, 0x0F, 0x06, 0x0F, 0x02, 0x03, 
	0x03, 0x02, 0x02, 0x06, 0x85, 0x02, 0x08, 0x06, 0x02, 0x06, 0x02, 0x06, 0x06, 0x02, 0x06, 0x02, 
	0x83, 0x06, 0x05, 0x02, 0x02, 0x00, 0x02, 0x02, 0x06, 0x81, 0x00, 0x05, 0x05, 0x05, 0x13, 0x24, 
	0x0E, 0x05, 0x05, 0x0E, 0x0E, 0x2F, 0x13, 0x05, 0x05, 0x81, 0x00, 0x96, 0x02, 0x81, 0x00, 0x87, 
	0x02, 0x83, 0x00, 0x8D, 0x02, 0x80, 0x00, 0x02, 0x02, 0x02, 0x04, 0x85, 0x02, 0x02, 0x06, 0x02, 
	0x02, 0x81, 0x00, 0x0F, 0x02, 0x04, 0x04, 0x25, 0x56, 0xE2, 0xF5, 0xE2, 0xB7, 0xF5, 0xF5, 0xB7, 
	0x4D, 0x4D, 0x0F, 0x0D, 0x80, 0x1C, 0x24, 0x8E, 0x8F, 0x41, 0x90, 0x48, 0x00, 0x00, 0x02, 0x02, 
	0x00, 0x00, 0x19, 0x3D, 0x53, 0x53, 0x76, 0x3E, 0x40, 0xB7, 0xE7, 0xBA, 0x79, 0x79, 0x83, 0x85, 
	0x85, 0x80, 0x80, 0x87, 0xE4, 0x37, 0x0F, 0x02, 0x00, 0x00, 0x02, 0x02, 0x82, 0x04, 0x80, 0x02, 
	0x85, 0x00, 0x13, 0x02, 0x19, 0x7A, 0x7A, 0x08, 0x02, 0x00, 0x00, 0x01, 0x00, 0x02, 0x07, 0x00, 
	0x00, 0x02, 0x03, 0x87, 0x7E, 0x03, 0x02, 0x80, 0x04, 0x0C, 0x02, 0x0F, 0x19, 0x19, 0x3D, 0x3F, 
	0x3F, 0x7A, 0xE7, 0xE4, 0x7A, 0xF5, 0xFA, 0x80, 0xFD, 0x01, 0xE3, 0x3D, 0x80, 0x04, 0x11, 0x35, 
	0x81, 0x34, 0x6D, 0x81, 0x32, 0x00, 0x02, 0x02, 0x00, 0x1A, 0x7A, 0x76, 0x3F, 0x1B, 0x3C, 0x72, 
	0x18, 0x8B, 0x02, 0x00, 0x04, 0x82, 0x02, 0x01, 0x06, 0x06, 0x81, 0x02, 0x05, 0x27, 0xA5, 0x7C, 
	0x56, 0xA4, 0x50, 0xB1, 0x02, 0x81, 0x00, 0x05, 0x05, 0x05, 0x13, 0x1F, 0x0E, 0x05, 0x05, 0x0E, 
	0x0E, 0x24, 0x13, 0x0C, 0x05, 0x81, 0x00, 0x84, 0x02, 0x05, 0x10, 0x02, 0x04, 0x04, 0x02, 0x04, 
	0x8A, 0x02, 0x80, 0x00, 0x82, 0x02, 0x03, 0x04, 0x02, 0x04, 0x02, 0x83, 0x00, 0x02, 0x02, 0x02, 
	0x04, 0x84, 0x02, 0x03, 0x06, 0x02, 0x04, 0x04, 0x80, 0x02, 0x80, 0x00, 0x88, 0x02, 0x01, 0x04, 
	0x02, 0x81, 0x00, 0x81, 0x02, 0x14, 0x0F, 0x36, 0x7D, 0xE3, 0x8B, 0x8A, 0xE8, 0xE8, 0x8A, 0x3D, 
	0x39, 0x0F, 0x04, 0x02, 0x04, 0x02, 0x90, 0x90, 0x42, 0x94, 0x90, 0x80, 0x02, 0x80, 0x00, 0x01, 
	0x02, 0x19, 0x82, 0x36, 0x0E, 0x3A, 0xE2, 0xBA, 0x8B, 0x6E, 0x79, 0x80, 0x80, 0x82, 0x82, 0xBB, 
	0xE8, 0x37, 0x19, 0x02, 0x80, 0x00, 0x00, 0x02, 0x80, 0x04, 0x00, 0x0A, 0x83, 0x02, 0x82, 0x00, 
	0x0B, 0x38, 0xB6, 0x26, 0x02, 0x02, 0x06, 0x02, 0x00, 0x4F, 0xAF, 0x7D, 0x00, 0x81, 0x02, 0x0C, 
	0x03, 0x4D, 0x76, 0x70, 0x70, 0x7E, 0x87, 0x87, 0x70, 0x72, 0x6C, 0x00, 0x19, 0x80, 0x1A, 0x12, 
	0xB7, 0xBA, 0xE2, 0xFA, 0xFD, 0xFA, 0xF6, 0xFD, 0xE8, 0xB7, 0x03, 0x02, 0x02, 0x35, 0x74, 0x32, 
	0x36, 0x3E, 0x08, 0x81, 0x02, 0x07, 0x39, 0x85, 0x86, 0x73, 0x35, 0x3C, 0x70, 0x18, 0x85, 0x02, 
	0x00, 0x06, 0x81, 0x02, 0x80, 0x06, 0x01, 0x02, 0x06, 0x85, 0x02, 0x05, 0x4B, 0xB2, 0xA5, 0xA4, 
	0xAA, 0x7D, 0x83, 0x02, 0x00, 0x06, 0x84, 0x02, 0x00, 0x06, 0x86, 0x02, 0x00, 0x06, 0x85, 0x02, 
	0x00, 0x06, 0x8F, 0x02, 0x81, 0x00, 0x05, 0x05, 0x05, 0x14, 0x24, 0x0E, 0x05, 0x05, 0x0C, 0x0E, 
	0x2F, 0x13, 0x0C, 0x05, 0x82, 0x00, 0x82, 0x02, 0x4C, 0x1E, 0xCF, 0x02, 0x64, 0x64, 0x02, 0xC7, 
	0x0B, 0x63, 0x98, 0x02, 0xC5, 0x2D, 0x5A, 0xC5, 0x02, 0xC2, 0x5B, 0x0B, 0xC3, 0x00, 0x63, 0x63, 
	0x02, 0xC5, 0x1E, 0x5E, 0xC1, 0x0A, 0xC1, 0x5A, 0x28, 0x97, 0x00, 0x60, 0x5B, 0x00, 0x97, 0x12, 
	0x59, 0x63, 0x04, 0x63, 0x2A, 0x0B, 0x64, 0x02, 0x46, 0x61, 0x0A, 0x8D, 0x21, 0x22, 0x49, 0x02, 
	0x46, 0x45, 0x02, 0x49, 0x0D, 0x21, 0x46, 0x04, 0x46, 0x41, 0x02, 0x48, 0x0D, 0x20, 0x46, 0x02, 
	0x41, 0x21, 0x00, 0x45, 0x0D, 0x04, 0x80, 0x02, 0x03, 0x08, 0x33, 0x37, 0x3B, 0x81, 0x3D, 0x14, 
	0x36, 0x04, 0x48, 0x20, 0x02, 0x47, 0x00, 0x90, 0x90, 0x42, 0x9E, 0x90, 0x02, 0x02, 0x00, 0x00, 
	0x41, 0x02, 0x20, 0x45, 0x04, 0x80, 0x02, 0x05, 0x08, 0x37, 0xE2, 0xEA, 0xEA, 0x78, 0x80, 0x70, 
	0x3B, 0xA9, 0xA9, 0xBA, 0xF6, 0x37, 0x19, 0x04, 0x1C, 0x21, 0x00, 0x22, 0x22, 0x04, 0x41, 0x1C, 
	0x0D, 0x21, 0x00, 0x00, 0x02, 0x02, 0x1C, 0x1C, 0x00, 0x27, 0x03, 0x4F, 0xBD, 0x4E, 0x04, 0x04, 
	0x25, 0x53, 0x4D, 0x52, 0xAA, 0x7D, 0x00, 0x00, 0x02, 0x02, 0x00, 0x3D, 0x3E, 0x6E, 0x74, 0x70, 
	0x82, 0x87, 0x87, 0x73, 0x70, 0x6C, 0x35, 0x35, 0x34, 0x08, 0x08, 0x3D, 0xE2, 0x80, 0xFA, 0x0D, 
	0xF4, 0x7D, 0xFA, 0xF5, 0xE8, 0x19, 0x02, 0x02, 0x34, 0x73, 0x32, 0x1A, 0x37, 0x00, 0x81, 0x02, 
	0x07, 0x0F, 0x3D, 0x81, 0x73, 0x6C, 0x35, 0x70, 0x18, 0x80, 0x02, 0x01, 0x4D, 0x39, 0x80, 0x02, 
	0x44, 0x36, 0x3D, 0x06, 0x4F, 0x36, 0x03, 0x56, 0x02, 0x4F, 0x52, 0x00, 0x55, 0x26, 0x23, 0x57, 
	0x02, 0x52, 0x55, 0x4C, 0xB2, 0xA5, 0xA4, 0xAA, 0x56, 0x55, 0x52, 0x03, 0x9F, 0x0F, 0x4B, 0x57, 
	0x02, 0x7C, 0x4B, 0x0F, 0x9F, 0x04, 0x58, 0x55, 0x06, 0xA0, 0x0F, 0x55, 0x56, 0x02, 0x9F, 0x4E, 
	0x50, 0x9F, 0x06, 0x7C, 0x50, 0x4B, 0xA0, 0x02, 0x7C, 0x55, 0x27, 0xA3, 0x02, 0x7C, 0x57, 0x0F, 
	0xB5, 0x06, 0x7C, 0x57, 0x02, 0xB6, 0x84, 0x02, 0x81, 0x00, 0x05, 0x05, 0x05, 0x13, 0x1F, 0x0E, 
	0x05, 0x05, 0x0E, 0x0E, 0x24, 0x13, 0x05, 0x05, 0x81, 0x00, 0x83, 0x02, 0x4E, 0x06, 0x0B, 0x02, 
	0x04, 0x04, 0x02, 0x11, 0x02, 0x0B, 0x11, 0x02, 0x28, 0x04, 0x10, 0x2B, 0x02, 0x2B, 0x1E, 0x02, 
	0x44, 0x00, 0x2B, 0x2B, 0x04, 0x5A, 0x0B, 0x2A, 0x5A, 0x02, 0x5B, 0x2A, 0x10, 0x5E, 0x00, 0x59, 
	0x59, 0x02, 0x60, 0x10, 0x44, 0x60, 0x04, 0x60, 0x28, 0x02, 0x61, 0x02, 0x48, 0x61, 0x0A, 0x96, 
	0x41, 0x22, 0x8D, 0x02, 0x48, 0x46, 0x02, 0x49, 0x1C, 0x21, 0x48, 0x02, 0x48, 0x42, 0x0A, 0x49, 
	0x0D, 0x21, 0x48, 0x02, 0x42, 0x42, 0x02, 0x49, 0x1C, 0x04, 0x02, 0x02, 0x80, 0x00, 0x1A, 0x01, 
	0x03, 0x07, 0x07, 0x03, 0x01, 0x03, 0x0A, 0x9A, 0x45, 0x00, 0x99, 0x00, 0x0A, 0x8E, 0x42, 0x9C, 
	0x90, 0x02, 0x02, 0x00, 0x02, 0x96, 0x02, 0x45, 0x8D, 0x04, 0x81, 0x02, 0x19, 0x07, 0x39, 0xE2, 
	0xEA, 0xAB, 0xAC, 0xA7, 0x85, 0xA9, 0xA9, 0xBA, 0xE9, 0x37, 0x19, 0x02, 0x46, 0x8E, 0x02, 0x49, 
	0x49, 0x0A, 0x91, 0x46, 0x22, 0x8E, 0x0A, 0x80, 0x02, 0x0F, 0x91, 0x49, 0x02, 0xBC, 0x43, 0x02, 
	0x0F, 0x02, 0x06, 0x06, 0x53, 0xAA, 0xAF, 0x08, 0x7E, 0x01, 0x81, 0x00, 0x24, 0x01, 0x83, 0x86, 
	0x81, 0x73, 0x1B, 0x03, 0x03, 0x07, 0x70, 0x6C, 0x18, 0x70, 0x73, 0x70, 0x35, 0x00, 0x33, 0xB7, 
	0xE9, 0xF5, 0xF5, 0xE8, 0x7A, 0xFA, 0xFA, 0xE9, 0x3D, 0x07, 0x00, 0x34, 0x73, 0x32, 0x6E, 0x80, 
	0x01, 0x00, 0x81, 0x02, 0x06, 0x19, 0x89, 0x73, 0x3B, 0x3C, 0x72, 0x18, 0x80, 0x02, 0x01, 0x7E, 
	0x7A, 0x80, 0x02, 0x44, 0x4D, 0x7A, 0x03, 0x7A, 0x4D, 0x03, 0xA3, 0x02, 0x55, 0x7C, 0x00, 0xA0, 
	0x4C, 0x27, 0xA3, 0x04, 0x7C, 0x7C, 0x38, 0xAE, 0xA0, 0xA0, 0xAF, 0x52, 0x56, 0x56, 0x03, 0xA3, 
	0x23, 0x4C, 0x9F, 0x02, 0x9F, 0x4C, 0x0F, 0x9F, 0x06, 0x56, 0x52, 0x06, 0x7C, 0x07, 0x4C, 0x52, 
	0x02, 0x56, 0x26, 0x4E, 0x55, 0x06, 0x52, 0x38, 0x27, 0x50, 0x02, 0x4B, 0x26, 0x16, 0x50, 0x06, 
	0x26, 0x26, 0x03, 0x4B, 0x02, 0x23, 0x23, 0x06, 0x23, 0x83, 0x02, 0x82, 0x00, 0x05, 0x05, 0x05, 
	0x14, 0x1F, 0x0E, 0x05, 0x05, 0x05, 0x0E, 0x24, 0x13, 0x05, 0x05, 0x81, 0x00, 0x87, 0x02, 0x01, 
	0x00, 0x00, 0x89, 0x02, 0x81, 0x00, 0x85, 0x02, 0x81, 0x00, 0x80, 0x02, 0x0A, 0x04, 0x04, 0x65, 
	0xC4, 0x59, 0xC1, 0x65, 0x00, 0x00, 0x02, 0x02, 0x80, 0x0A, 0x00, 0x04, 0x83, 0x02, 0x02, 0x00, 
	0x02, 0x00, 0x86, 0x02, 0x00, 0x00, 0x80, 0x02, 0x11, 0x0A, 0x04, 0x02, 0x02, 0x00, 0x02, 0x49, 
	0x61, 0x00, 0x02, 0x04, 0x02, 0x02, 0x00, 0x02, 0x02, 0x0A, 0x04, 0x80, 0x00, 0x04, 0x49, 0x21, 
	0x1C, 0x42, 0x21, 0x82, 0x02, 0x03, 0x04, 0x0A, 0x0A, 0x04, 0x81, 0x02, 0x12, 0x03, 0x36, 0xE1, 
	0xEA, 0xBB, 0xAD, 0xA7, 0xA7, 0xA9, 0xA9, 0xBA, 0xF6, 0x8A, 0x25, 0x04, 0x0A, 0x0A, 0x02, 0x0A, 
	0x81, 0x02, 0x02, 0x00, 0x02, 0x00, 0x80, 0x02, 0x03, 0x0D, 0x0D, 0x04, 0x0F, 0x80, 0x02, 0x07, 
	0x00, 0x7E, 0xA4, 0x25, 0x4D, 0x39, 0x02, 0x4F, 0x80, 0x00, 0x26, 0x7F, 0x83, 0x87, 0x7A, 0x76, 
	0x6D, 0x3C, 0x08, 0x06, 0x02, 0x00, 0x32, 0x1B, 0x07, 0x34, 0x35, 0x34, 0x32, 0x6C, 0x33, 0x56, 
	0xB7, 0xE2, 0xE2, 0xB7, 0xB7, 0xFA, 0xFA, 0xE9, 0x3E, 0x09, 0x6D, 0x80, 0x81, 0x32, 0x6E, 0x80, 
	0x32, 0x08, 0x81, 0x02, 0x06, 0x03, 0x34, 0x35, 0x1B, 0x34, 0x34, 0x07, 0x80, 0x02, 0x01, 0x01, 
	0x00, 0x81, 0x02, 0x05, 0x03, 0x02, 0x06, 0x02, 0x06, 0x06, 0x81, 0x02, 0x80, 0x00, 0x01, 0x06, 
	0x02, 0x80, 0x04, 0x02, 0x03, 0x04, 0x06, 0x80, 0x00, 0xA5, 0x02, 0x02, 0x06, 0x02, 0x06, 0x85, 
	0x02, 0x81, 0x00, 0x05, 0x05, 0x05, 0x16, 0x1F, 0x0E, 0x05, 0x06, 0x17, 0x13, 0x24, 0x14, 0x05, 
	0x05, 0x06, 0x80, 0x00, 0x86, 0x02, 0x81, 0x00, 0x02, 0x02, 0x06, 0x06, 0x90, 0x02, 0x82, 0x00, 
	0x0E, 0x02, 0x04, 0x04, 0x02, 0x0A, 0xCB, 0xD7, 0x62, 0xD7, 0xCB, 0x00, 0x00, 0x02, 0x02, 0x0A, 
	0x81, 0x02, 0x00, 0x04, 0x80, 0x02, 0x81, 0x00, 0x8A, 0x02, 0x07, 0x04, 0x06, 0x02, 0x02, 0x00, 
	0x8F, 0x9C, 0x99, 0x81, 0x02, 0x00, 0x06, 0x85, 0x02, 0x05, 0x8F, 0x90, 0x42, 0x9E, 0x90, 0x04, 
	0x8A, 0x02, 0x11, 0x19, 0xB7, 0xEA, 0xE9, 0xBB, 0x85, 0x85, 0xA9, 0xA9, 0xBA, 0xF6, 0xE9, 0x50, 
	0x03, 0x04, 0x04, 0x02, 0x02, 0x83, 0x00, 0x81, 0x02, 0x03, 0x0A, 0x0A, 0x02, 0x04, 0x80, 0x02, 
	0x14, 0x00, 0x7E, 0xAF, 0x18, 0x00, 0x02, 0x04, 0x0F, 0x03, 0x08, 0x08, 0x7F, 0x84, 0x87, 0x36, 
	0x00, 0x02, 0x02, 0x06, 0x06, 0x08, 0x81, 0x1B, 0x18, 0x18, 0x18, 0x08, 0x32, 0x73, 0x35, 0x33, 
	0x3D, 0x3E, 0x7A, 0xB7, 0xEA, 0xFA, 0xF5, 0xE8, 0x3E, 0x07, 0x6D, 0x80, 0x81, 0x70, 0x70, 0x80, 
	0x6D, 0x33, 0x81, 0x02, 0x06, 0x06, 0x70, 0x74, 0x6C, 0x73, 0x73, 0x18, 0x8D, 0x02, 0x82, 0x00, 
	0x83, 0x02, 0x03, 0x9F, 0x0F, 0x27, 0x9F, 0x80, 0x00, 0xAF, 0x02, 0x80, 0x00, 0x06, 0x03, 0x05, 
	0x05, 0x14, 0x1F, 0x0C, 0x05, 0x05, 0x05, 0x0E, 0x24, 0x14, 0x05, 0x05, 0x81, 0x00, 0x83, 0x02, 
	0x3A, 0x0B, 0xC2, 0x02, 0x5B, 0x5E, 0x00, 0x65, 0x10, 0x44, 0x63, 0x02, 0x64, 0x2D, 0x2A, 0x64, 
	0x00, 0x5B, 0x44, 0x02, 0x64, 0x02, 0x59, 0x5A, 0x04, 0x60, 0x12, 0x28, 0x59, 0x00, 0x2C, 0x28, 
	0x02, 0x59, 0x02, 0x2A, 0x2A, 0x04, 0x44, 0x0B, 0xCB, 0xD7, 0x62, 0xD7, 0xCB, 0x02, 0xC6, 0x10, 
	0x1E, 0x1E, 0x04, 0x1C, 0x0B, 0x0A, 0x0D, 0x04, 0x0A, 0x0A, 0x02, 0x0A, 0x89, 0x02, 0x80, 0x0A, 
	0x07, 0x02, 0x02, 0x00, 0x02, 0x00, 0x8F, 0x9C, 0x99, 0x81, 0x02, 0x00, 0x04, 0x80, 0x02, 0x0F, 
	0x00, 0x02, 0x04, 0x02, 0x04, 0x8F, 0x90, 0x42, 0x94, 0x90, 0x04, 0x04, 0x02, 0x04, 0x0A, 0x04, 
	0x80, 0x02, 0x80, 0x00, 0x11, 0x02, 0x02, 0x00, 0x1A, 0x53, 0xF6, 0xBB, 0xA9, 0xA9, 0xAC, 0xAC, 
	0xBA, 0xF5, 0xF5, 0x6A, 0x1A, 0x04, 0x04, 0x80, 0x02, 0x82, 0x00, 0x81, 0x02, 0x81, 0x0A, 0x02, 
	0x04, 0x02, 0x02, 0x82, 0x00, 0x0F, 0x06, 0x08, 0x40, 0x18, 0x73, 0x73, 0x35, 0x01, 0x01, 0x00, 
	0x02, 0x02, 0x00, 0x00, 0x06, 0x3B, 0x80, 0x74, 0x80, 0x73, 0x07, 0x3C, 0x34, 0x81, 0x81, 0x6F, 
	0x19, 0x3B, 0xE8, 0x80, 0xF5, 0x0B, 0xE2, 0x4D, 0x3E, 0x09, 0x00, 0x34, 0x81, 0x81, 0x6E, 0x32, 
	0x86, 0x3E, 0x81, 0x02, 0x06, 0x06, 0x70, 0x74, 0x6C, 0x73, 0x73, 0x18, 0x84, 0x02, 0x80, 0x06, 
	0x04, 0x04, 0x03, 0x04, 0x04, 0x02, 0x83, 0x00, 0x01, 0x02, 0x06, 0x80, 0x04, 0x05, 0x58, 0xB1, 
	0xA3, 0xA5, 0xAE, 0x55, 0x80, 0x00, 0x29, 0x02, 0x02, 0x03, 0x03, 0x02, 0x0F, 0x03, 0x04, 0x0F, 
	0x02, 0x0F, 0x0F, 0x06, 0x27, 0x04, 0x23, 0x23, 0x06, 0x26, 0x0F, 0x23, 0x26, 0x00, 0x38, 0x23, 
	0x27, 0x4F, 0x02, 0x50, 0x26, 0x24, 0x52, 0x06, 0x50, 0x4C, 0x24, 0x58, 0x06, 0x52, 0x4F, 0x03, 
	0x7C, 0x84, 0x02, 0x80, 0x00, 0x06, 0x03, 0x05, 0x05, 0x14, 0x1F, 0x05, 0x05, 0x06, 0x05, 0x0E, 
	0x1F, 0x16, 0x05, 0x05, 0x06, 0x82, 0x00, 0x81, 0x02, 0x4B, 0x04, 0x66, 0x02, 0x59, 0x5A, 0x02, 
	0x64, 0x10, 0x44, 0x63, 0x04, 0x65, 0x2B, 0x2B, 0xC1, 0x00, 0x63, 0x5A, 0x02, 0xC3, 0x02, 0x60, 
	0x64, 0x04, 0xC3, 0x2A, 0x44, 0x98, 0x00, 0x65, 0x5A, 0x12, 0xC3, 0x06, 0x65, 0x65, 0x0A, 0xC7, 
	0x2D, 0xCB, 0xD5, 0x64, 0xD4, 0xCB, 0x02, 0xC4, 0x10, 0x61, 0x98, 0x0A, 0x99, 0x48, 0x1C, 0x9A, 
	0x0A, 0x49, 0x49, 0x02, 0x96, 0x21, 0x21, 0x8D, 0x02, 0x48, 0x48, 0x02, 0x8D, 0x22, 0x21, 0x8D, 
	0x04, 0x48, 0x48, 0x0A, 0x49, 0x22, 0x80, 0x00, 0x1F, 0x8F, 0x9C, 0x99, 0x04, 0x02, 0x1C, 0x8F, 
	0x0A, 0x46, 0x49, 0x00, 0x8D, 0x46, 0x02, 0x96, 0x0A, 0x8E, 0x94, 0x42, 0x94, 0x90, 0x02, 0x02, 
	0x04, 0x0A, 0x8D, 0x0A, 0x41, 0x49, 0x02, 0x48, 0x46, 0x81, 0x00, 0x0C, 0x25, 0x53, 0xF6, 0xE9, 
	0xEA, 0xBE, 0xBE, 0xEA, 0xE9, 0xF5, 0xF5, 0x8A, 0x1A, 0x80, 0x02, 0x06, 0x46, 0x46, 0x00, 0x49, 
	0x21, 0x1C, 0x49, 0x80, 0x02, 0x05, 0x04, 0x92, 0x58, 0x0A, 0xB6, 0x26, 0x80, 0x02, 0x0D, 0x00, 
	0x00, 0x37, 0x7F, 0x7A, 0x08, 0x7A, 0x18, 0x74, 0x74, 0x35, 0x02, 0x00, 0x02, 0x81, 0x00, 0x04, 
	0x3C, 0x73, 0x74, 0x6C, 0x35, 0x80, 0x34, 0x01, 0x18, 0x34, 0x80, 0x81, 0x02, 0x70, 0x1A, 0x8A, 
	0x80, 0xB7, 0x0B, 0x8A, 0x37, 0x1A, 0x7B, 0x3D, 0x34, 0x81, 0x3C, 0x32, 0x32, 0x86, 0x3E, 0x81, 
	0x02, 0x06, 0x06, 0x70, 0x74, 0x6C, 0x73, 0x73, 0x18, 0x80, 0x02, 0x4A, 0x00, 0x00, 0x25, 0x7E, 
	0x03, 0x3D, 0x7A, 0x03, 0x7F, 0x39, 0x0F, 0xA3, 0x00, 0x55, 0x57, 0x00, 0xA3, 0x4B, 0x4B, 0xA5, 
	0x03, 0xA0, 0x9F, 0x26, 0xA3, 0x4C, 0x52, 0xA3, 0x26, 0x9F, 0x7C, 0x03, 0xB9, 0x23, 0x58, 0xA3, 
	0x06, 0xB6, 0x50, 0x26, 0xB6, 0x00, 0xA0, 0x57, 0x00, 0xB6, 0x0F, 0x7C, 0xA0, 0x06, 0xB6, 0x4E, 
	0x55, 0xA0, 0x00, 0xA0, 0x50, 0x50, 0xA0, 0x06, 0x9F, 0x52, 0x38, 0xA0, 0x06, 0x7C, 0x55, 0x27, 
	0xA0, 0x04, 0x56, 0x52, 0x03, 0x7C, 0x00, 0x80, 0x02, 0x02, 0x00, 0x02, 0x02, 0x80, 0x00, 0x80, 
	0x05, 0x03, 0x16, 0x1F, 0x0E, 0x05, 0x03, 0x05, 0x13, 0x24, 0x16, 0x80, 0x05, 0x80, 0x00, 0x86, 
	0x02, 0x01, 0x00, 0x00, 0x85, 0x02, 0x80, 0x00, 0x87, 0x02, 0x84, 0x00, 0x42, 0x02, 0x04, 0x04, 
	0x02, 0x0A, 0x0A, 0x12, 0x1E, 0x04, 0x11, 0x11, 0x04, 0x11, 0x04, 0x0A, 0x0B, 0x02, 0x0D, 0x0A, 
	0x0A, 0x1C, 0x02, 0x0D, 0x0D, 0x02, 0x1C, 0x02, 0x0A, 0x1C, 0x00, 0x0D, 0x1C, 0x00, 0x22, 0x0A, 
	0x0D, 0x21, 0x02, 0x22, 0x21, 0x02, 0x41, 0x0D, 0x00, 0x02, 0x02, 0x1C, 0x96, 0x99, 0x04, 0x04, 
	0x0D, 0x46, 0x02, 0x21, 0x46, 0x02, 0x48, 0x21, 0x02, 0x49, 0x0A, 0x48, 0x8F, 0x41, 0x8E, 0x41, 
	0x80, 0x02, 0x07, 0x0A, 0x48, 0x0A, 0x21, 0x46, 0x00, 0x45, 0x45, 0x81, 0x00, 0x02, 0x19, 0x4F, 
	0xE7, 0x81, 0xF6, 0x80, 0xF5, 0x02, 0xFA, 0x8A, 0x1A, 0x80, 0x02, 0x0F, 0x42, 0x46, 0x00, 0x49, 
	0x21, 0x1C, 0x49, 0x0A, 0x02, 0x02, 0x04, 0x92, 0x55, 0x0A, 0xA1, 0x26, 0x80, 0x02, 0x1C, 0x00, 
	0x00, 0x37, 0x7A, 0x7A, 0x08, 0x7A, 0x18, 0x70, 0x70, 0x6C, 0x32, 0x02, 0x02, 0x00, 0x00, 0x01, 
	0x34, 0x6C, 0x70, 0x70, 0x1B, 0x1B, 0x34, 0x34, 0x4D, 0x39, 0x1B, 0x6E, 0x80, 0x81, 0x01, 0x1B, 
	0x36, 0x81, 0x37, 0x0A, 0x36, 0x01, 0x80, 0x6D, 0x37, 0x6E, 0x6D, 0x76, 0x75, 0x86, 0x3E, 0x82, 
	0x02, 0x07, 0x35, 0x6C, 0x32, 0x35, 0x3C, 0x08, 0x02, 0x02, 0x80, 0x00, 0x27, 0x19, 0x40, 0x00, 
	0x25, 0x39, 0x03, 0x3D, 0x19, 0x03, 0x50, 0x00, 0x27, 0x26, 0x00, 0x4B, 0x19, 0x0F, 0x4B, 0x04, 
	0x26, 0x27, 0x04, 0x03, 0x06, 0x02, 0x03, 0x00, 0x0F, 0x0F, 0x02, 0x23, 0x04, 0x0C, 0x0F, 0x02, 
	0x0F, 0x03, 0x02, 0x03, 0x00, 0x89, 0x02, 0x81, 0x00, 0x8B, 0x02, 0x80, 0x00, 0x00, 0x02, 0x85, 
	0x00, 0x80, 0x05, 0x03, 0x16, 0x15, 0x0E, 0x05, 0x06, 0x05, 0x13, 0x24, 0x15, 0x0C, 0x05, 0x05, 
	0x81, 0x00, 0x01, 0x02, 0x00, 0x8A, 0x02, 0x02, 0x10, 0xC6, 0x5B, 0x81, 0x00, 0x86, 0x02, 0x01, 
	0x00, 0x02, 0x81, 0x00, 0x01, 0x02, 0x04, 0x82, 0x02, 0x07, 0xCA, 0xD5, 0x64, 0xD4, 0xCB, 0xC6, 
	0xD4, 0xC1, 0x8E, 0x02, 0x00, 0x00, 0x88, 0x02, 0x0D, 0x06, 0x02, 0x02, 0x00, 0x02, 0x22, 0x96, 
	0x0B, 0x02, 0x02, 0x00, 0x00, 0x49, 0x8E, 0x80, 0x02, 0x04, 0x04, 0x04, 0x0A, 0x8E, 0x46, 0x80, 
	0x00, 0x84, 0x02, 0x82, 0x00, 0x05, 0x02, 0x00, 0x00, 0x08, 0x3D, 0xE9, 0x80, 0xF6, 0x05, 0xF5, 
	0xFA, 0xF5, 0xFA, 0xB7, 0x4F, 0x80, 0x02, 0x81, 0x00, 0x87, 0x02, 0x01, 0x00, 0x00, 0x82, 0x02, 
	0x10, 0x00, 0x02, 0x02, 0x08, 0x3E, 0x08, 0x07, 0x07, 0x70, 0x6C, 0x06, 0x02, 0x00, 0x00, 0x01, 
	0x70, 0x35, 0x80, 0x00, 0x16, 0x6C, 0x73, 0x73, 0x88, 0x7A, 0x00, 0x01, 0x80, 0x81, 0x81, 0x35, 
	0x1B, 0x01, 0x02, 0x04, 0x03, 0x00, 0x01, 0x89, 0x6E, 0x3B, 0x07, 0x83, 0x80, 0x86, 0x00, 0x3E, 
	0x81, 0x02, 0x06, 0x00, 0x6C, 0x70, 0x34, 0x72, 0x70, 0x08, 0x81, 0x02, 0x01, 0x00, 0x00, 0x86, 
	0x02, 0x03, 0x00, 0x52, 0x4F, 0x00, 0x80, 0x02, 0x08, 0x04, 0x02, 0x04, 0x02, 0x02, 0x4E, 0x00, 
	0x23, 0x51, 0x8E, 0x02, 0x00, 0x00, 0x98, 0x02, 0x00, 0x00, 0x84, 0x02, 0x80, 0x00, 0x80, 0x05, 
	0x03, 0x16, 0x1F, 0x13, 0x05, 0x03, 0x05, 0x13, 0x1F, 0x16, 0x80, 0x05, 0x81, 0x00, 0x83, 0x02, 
	0x0E, 0x59, 0x02, 0x28, 0x2A, 0x04, 0x28, 0x02, 0x04, 0x12, 0x59, 0xD4, 0xCA, 0x00, 0x0B, 0x00, 
	0x80, 0x02, 0x00, 0x0A, 0x85, 0x02, 0x00, 0x00, 0x81, 0x02, 0x01, 0x04, 0x04, 0x80, 0x02, 0x0B, 
	0x00, 0xCB, 0xD7, 0x65, 0xD5, 0xD4, 0xC4, 0xD7, 0xC6, 0x04, 0x02, 0x02, 0x80, 0x00, 0x02, 0x02, 
	0x06, 0x04, 0x84, 0x02, 0x01, 0x00, 0x00, 0x84, 0x02, 0x00, 0x00, 0x85, 0x02, 0x11, 0x41, 0x9C, 
	0x1C, 0x02, 0x02, 0x00, 0x02, 0x90, 0x94, 0x02, 0x00, 0x02, 0x02, 0x04, 0x0A, 0x90, 0x49, 0x02, 
	0x80, 0x00, 0x81, 0x02, 0x85, 0x00, 0x05, 0x02, 0x02, 0x08, 0x3D, 0xE7, 0xF6, 0x82, 0xFA, 0x06, 
	0xF5, 0xBA, 0x7C, 0x00, 0x00, 0x02, 0x00, 0x84, 0x02, 0x00, 0x04, 0x81, 0x02, 0x80, 0x00, 0x85, 
	0x02, 0x0B, 0x08, 0x79, 0x70, 0x70, 0x07, 0x32, 0x1B, 0x06, 0x02, 0x02, 0x00, 0x07, 0x80, 0x70, 
	0x1C, 0x72, 0x1B, 0x1B, 0x34, 0x34, 0x37, 0x77, 0x83, 0x83, 0x86, 0x80, 0x3C, 0x86, 0x80, 0x3C, 
	0x00, 0x02, 0x76, 0x80, 0x78, 0x3A, 0x18, 0x33, 0x79, 0x3B, 0x78, 0x86, 0x86, 0x3B, 0x81, 0x02, 
	0x06, 0x00, 0x72, 0x73, 0x35, 0x73, 0x73, 0x18, 0x8C, 0x02, 0x02, 0x07, 0xAE, 0xA5, 0x84, 0x02, 
	0x06, 0x00, 0x50, 0xA5, 0x55, 0x9F, 0xA5, 0x4B, 0x80, 0x04, 0x02, 0x02, 0x02, 0x06, 0x85, 0x02, 
	0x82, 0x00, 0x02, 0x02, 0x02, 0x06, 0x80, 0x04, 0x00, 0x02, 0x80, 0x00, 0x84, 0x02, 0x09, 0x03, 
	0x02, 0x02, 0x07, 0x06, 0x0F, 0x0F, 0x03, 0x27, 0x06, 0x83, 0x02, 0x80, 0x00, 0x80, 0x05, 0x03, 
	0x15, 0x1F, 0x0E, 0x05, 0x03, 0x0C, 0x0E, 0x24, 0x16, 0x80, 0x05, 0x80, 0x00, 0x82, 0x02, 0x4C, 
	0x00, 0x02, 0xCA, 0x11, 0x64, 0xC6, 0x04, 0xCA, 0x2B, 0x59, 0xC7, 0x02, 0xC1, 0x5A, 0x28, 0xD4, 
	0x10, 0x97, 0x65, 0x0B, 0xCE, 0x28, 0x60, 0xC2, 0x06, 0xC3, 0x2C, 0x44, 0xC2, 0x02, 0x97, 0x5E, 
	0x0B, 0xC3, 0x0A, 0x0B, 0x0A, 0x00, 0x63, 0x10, 0xC9, 0xD7, 0x97, 0xD7, 0xD4, 0xC4, 0xD7, 0xC6, 
	0x02, 0x02, 0x00, 0x49, 0x41, 0x02, 0x49, 0x02, 0x46, 0x46, 0x02, 0x49, 0x22, 0x1C, 0x48, 0x02, 
	0x41, 0x41, 0x02, 0x45, 0x0D, 0x0D, 0x45, 0x06, 0x21, 0x21, 0x02, 0x41, 0x0D, 0x82, 0x02, 0x26, 
	0x1C, 0x96, 0x9C, 0x0A, 0x02, 0x02, 0x9A, 0x9C, 0x90, 0x49, 0x41, 0x06, 0x04, 0x0A, 0x9A, 0x8E, 
	0x41, 0x02, 0x00, 0x00, 0x0A, 0x0A, 0x02, 0x0D, 0x02, 0x0A, 0x1C, 0x00, 0x0D, 0x0D, 0x00, 0x0D, 
	0x0A, 0x02, 0x02, 0x07, 0x39, 0xE5, 0xF6, 0x83, 0xFA, 0x02, 0xBA, 0x8A, 0x00, 0x81, 0x02, 0x02, 
	0x04, 0x0D, 0x0A, 0x80, 0x02, 0x06, 0x0D, 0x0F, 0x00, 0x02, 0x02, 0x00, 0x0F, 0x81, 0x02, 0x09, 
	0x38, 0x3D, 0x03, 0x02, 0x02, 0x08, 0x80, 0x70, 0x70, 0x07, 0x82, 0x02, 0x18, 0x1B, 0x35, 0x73, 
	0x70, 0x70, 0x72, 0x1B, 0x00, 0x00, 0x02, 0x03, 0x76, 0x83, 0x86, 0x86, 0x79, 0x32, 0x86, 0x79, 
	0x3B, 0x00, 0x02, 0x76, 0x78, 0x78, 0x80, 0x3E, 0x05, 0x79, 0x6D, 0x80, 0x86, 0x80, 0x3A, 0x81, 
	0x02, 0x06, 0x00, 0x70, 0x73, 0x35, 0x73, 0x73, 0x18, 0x82, 0x02, 0x01, 0x0F, 0x37, 0x81, 0x02, 
	0x42, 0x37, 0x0F, 0x03, 0x52, 0x03, 0xA3, 0xA0, 0x0A, 0x55, 0x23, 0x27, 0x55, 0x00, 0x50, 0x4E, 
	0x50, 0xA5, 0x55, 0x9F, 0xA5, 0x4B, 0x52, 0x50, 0x0F, 0x9F, 0x0F, 0x50, 0x58, 0x00, 0x9F, 0x27, 
	0x26, 0x9F, 0x02, 0x57, 0x52, 0x00, 0xA0, 0x03, 0x55, 0x56, 0x02, 0xA1, 0x26, 0x56, 0xA0, 0x06, 
	0xA1, 0x4F, 0x55, 0xA0, 0x00, 0xA3, 0x52, 0x4F, 0xB5, 0x06, 0xA0, 0x56, 0x4E, 0xA3, 0x00, 0x7C, 
	0x55, 0x27, 0xB5, 0x06, 0x83, 0x02, 0x80, 0x00, 0x80, 0x05, 0x03, 0x15, 0x1F, 0x0E, 0x05, 0x03, 
	0x0C, 0x0E, 0x24, 0x15, 0x80, 0x05, 0x80, 0x00, 0x87, 0x02, 0x01, 0x04, 0x04, 0x80, 0x02, 0x00, 
	0x04, 0x80, 0x00, 0x3E, 0x1E, 0xD4, 0x10, 0x12, 0x12, 0x04, 0x2C, 0x0B, 0x1E, 0x2A, 0x00, 0x2C, 
	0x10, 0x12, 0x59, 0x04, 0x59, 0x2A, 0x0B, 0x5E, 0x04, 0x04, 0x02, 0x00, 0x44, 0x04, 0x65, 0xC8, 
	0x5B, 0xC8, 0xC6, 0x64, 0xC9, 0x63, 0x02, 0x02, 0x00, 0x49, 0x41, 0x0A, 0x49, 0x02, 0x48, 0x48, 
	0x0A, 0x8D, 0x21, 0x21, 0x49, 0x02, 0x46, 0x48, 0x02, 0x49, 0x22, 0x1C, 0x8D, 0x02, 0x48, 0x48, 
	0x02, 0x49, 0x21, 0x83, 0x02, 0x25, 0x21, 0x9A, 0x99, 0x99, 0x96, 0x99, 0x49, 0x00, 0x96, 0x9A, 
	0x46, 0x96, 0x96, 0x9A, 0x48, 0x04, 0x02, 0x02, 0x00, 0x8D, 0x48, 0x02, 0x96, 0x0D, 0x46, 0x8D, 
	0x02, 0x49, 0x48, 0x02, 0x96, 0x41, 0x02, 0x04, 0x04, 0x03, 0xE7, 0xF6, 0x80, 0xFA, 0x80, 0xF5, 
	0x03, 0xBA, 0x8A, 0x00, 0x00, 0x80, 0x02, 0x02, 0x0A, 0x8E, 0x46, 0x80, 0x02, 0x13, 0x92, 0xB6, 
	0x00, 0x91, 0x49, 0x03, 0xBC, 0x4C, 0x00, 0x02, 0x02, 0x7F, 0xAB, 0x18, 0x02, 0x02, 0x08, 0x89, 
	0x18, 0x01, 0x82, 0x02, 0x04, 0x03, 0x35, 0x74, 0x73, 0x35, 0x82, 0x00, 0x0B, 0x08, 0x08, 0x07, 
	0x3A, 0x86, 0x86, 0x79, 0x32, 0x86, 0x3D, 0x07, 0x07, 0x80, 0x00, 0x04, 0x01, 0x89, 0x81, 0x80, 
	0x18, 0x80, 0x86, 0x01, 0x18, 0x06, 0x81, 0x02, 0x06, 0x00, 0x72, 0x73, 0x35, 0x70, 0x70, 0x08, 
	0x82, 0x02, 0x3F, 0x36, 0x7E, 0x01, 0x02, 0x02, 0x00, 0x7B, 0x36, 0x0F, 0xA4, 0x04, 0x7C, 0x56, 
	0x0A, 0xA1, 0x26, 0x4B, 0xA0, 0x00, 0x58, 0x55, 0x00, 0x50, 0x00, 0x1D, 0x4F, 0x03, 0x56, 0x55, 
	0x0F, 0xA0, 0x0F, 0x50, 0x55, 0x00, 0x57, 0x23, 0x26, 0x56, 0x04, 0x52, 0x4B, 0x00, 0x55, 0x00, 
	0x26, 0x38, 0x00, 0x4F, 0x0F, 0x27, 0x38, 0x06, 0x26, 0x0F, 0x16, 0x27, 0x00, 0x23, 0x0F, 0x06, 
	0x03, 0x06, 0x01, 0x81, 0x00, 0x04, 0x02, 0x06, 0x02, 0x06, 0x06, 0x83, 0x02, 0x80, 0x00, 0x80, 
	0x05, 0x03, 0x15, 0x1F, 0x0E, 0x05, 0x03, 0x05, 0x0E, 0x1F, 0x16, 0x80, 0x05, 0x80, 0x00, 0x82, 
	0x02, 0x00, 0x00, 0x85, 0x02, 0x0A, 0x1E, 0x63, 0x00, 0x5B, 0x5B, 0x02, 0x5B, 0x04, 0x5B, 0x5B, 
	0x04, 0x80, 0x02, 0x81, 0x00, 0x81, 0x02, 0x00, 0x04, 0x81, 0x02, 0x81, 0x00, 0x07, 0x63, 0xC1, 
	0x59, 0xC1, 0x65, 0x5A, 0xC1, 0x5B, 0x80, 0x02, 0x81, 0x00, 0x91, 0x02, 0x80, 0x00, 0x83, 0x02, 
	0x00, 0x21, 0x80, 0x8F, 0x09, 0x45, 0x02, 0x00, 0x22, 0x22, 0x45, 0x8E, 0x8E, 0x46, 0x04, 0x80, 
	0x02, 0x0D, 0x00, 0x02, 0x02, 0x00, 0x02, 0x00, 0x02, 0x0A, 0x02, 0x0A, 0x0A, 0x02, 0x0D, 0x0A, 
	0x80, 0x02, 0x03, 0x03, 0x39, 0xE2, 0xF6, 0x82, 0xF5, 0x03, 0xF6, 0xE1, 0x36, 0x00, 0x81, 0x02, 
	0x01, 0x1C, 0x0D, 0x80, 0x02, 0x13, 0x1D, 0x27, 0x00, 0x1C, 0x0D, 0x00, 0x50, 0x23, 0x00, 0x02, 
	0x02, 0x76, 0x82, 0x08, 0x02, 0x02, 0x08, 0x7F, 0x08, 0x00, 0x82, 0x02, 0x21, 0x6C, 0x73, 0x73, 
	0x35, 0x18, 0x00, 0x00, 0x72, 0x6C, 0x00, 0x07, 0x07, 0x02, 0x08, 0x37, 0x83, 0x86, 0x83, 0x86, 
	0x86, 0x83, 0x83, 0x18, 0x6D, 0x80, 0x89, 0x3B, 0x80, 0x86, 0x89, 0x3F, 0x3A, 0x3A, 0x03, 0x82, 
	0x02, 0x06, 0x03, 0x08, 0x18, 0x01, 0x07, 0x07, 0x00, 0x83, 0x02, 0x00, 0x07, 0x81, 0x02, 0x01, 
	0x00, 0x00, 0x80, 0x02, 0x01, 0x0F, 0x0F, 0x81, 0x04, 0x00, 0x02, 0x82, 0x00, 0x00, 0x02, 0x82, 
	0x04, 0x8B, 0x02, 0x09, 0x00, 0x07, 0x6D, 0x6C, 0x00, 0x06, 0x02, 0x06, 0x04, 0x06, 0x80, 0x02, 
	0x00, 0x06, 0x82, 0x02, 0x02, 0x1B, 0x70, 0x3C, 0x80, 0x00, 0x04, 0x37, 0x03, 0x1A, 0x37, 0x06, 
	0x83, 0x02, 0x80, 0x00, 0x80, 0x05, 0x03, 0x15, 0x15, 0x0E, 0x05, 0x03, 0x05, 0x0E, 0x1F, 0x15, 
	0x80, 0x05, 0x80, 0x00, 0x89, 0x02, 0x0E, 0x04, 0x02, 0x62, 0xD4, 0x5A, 0xCB, 0xCB, 0x02, 0x02, 
	0x11, 0xD4, 0xD4, 0x2D, 0x02, 0x02, 0x82, 0x00, 0x86, 0x02, 0x81, 0x00, 0x07, 0xCB, 0xD7, 0xC1, 
	0xD7, 0xD4, 0xC4, 0xD7, 0xC4, 0x80, 0x02, 0x81, 0x00, 0x8C, 0x02, 0x00, 0x00, 0x81, 0x02, 0x01, 
	0x00, 0x00, 0x85, 0x02, 0x02, 0x61, 0x99, 0x0A, 0x80, 0x02, 0x04, 0x00, 0x00, 0x02, 0x49, 0x99, 
	0x83, 0x02, 0x81, 0x00, 0x8A, 0x02, 0x02, 0x37, 0xE2, 0xF6, 0x83, 0xF5, 0x02, 0xE2, 0x37, 0x00, 
	0x87, 0x02, 0x84, 0x00, 0x80, 0x02, 0x1D, 0x03, 0x03, 0x04, 0x02, 0x02, 0x08, 0x7E, 0x08, 0x19, 
	0x39, 0x19, 0x02, 0x02, 0x32, 0x70, 0x73, 0x73, 0x18, 0x00, 0x18, 0x32, 0x73, 0x72, 0x00, 0x07, 
	0x07, 0x1B, 0x34, 0x1B, 0x80, 0x83, 0x86, 0x09, 0x3B, 0x6D, 0x80, 0x81, 0x3C, 0x80, 0x86, 0x86, 
	0x32, 0x03, 0x80, 0x02, 0x07, 0x06, 0x02, 0x3E, 0x82, 0x80, 0x80, 0x70, 0x34, 0x80, 0x02, 0x00, 
	0x00, 0x8C, 0x02, 0x0F, 0x92, 0x58, 0x04, 0x04, 0x02, 0x02, 0x00, 0x02, 0x02, 0x00, 0x00, 0x57, 
	0x03, 0x4B, 0x57, 0x04, 0x83, 0x02, 0x80, 0x00, 0x85, 0x02, 0x1C, 0x18, 0x80, 0x70, 0x18, 0x1B, 
	0x08, 0x32, 0x32, 0x09, 0x34, 0x1B, 0x32, 0x37, 0x18, 0x37, 0x32, 0x33, 0x3B, 0x34, 0x80, 0x70, 
	0x34, 0x37, 0x33, 0x79, 0x3C, 0x6D, 0x7B, 0x19, 0x83, 0x02, 0x80, 0x00, 0x80, 0x05, 0x03, 0x1F, 
	0x1F, 0x0E, 0x05, 0x03, 0x05, 0x0E, 0x24, 0x1F, 0x80, 0x05, 0x81, 0x00, 0x83, 0x02, 0x20, 0xC5, 
	0x28, 0x59, 0x65, 0x06, 0x65, 0x2C, 0x59, 0xCB, 0x12, 0x2C, 0x2C, 0x02, 0xCA, 0x0B, 0x62, 0x65, 
	0x12, 0x63, 0x1E, 0x2B, 0x5B, 0x00, 0x5D, 0x28, 0x12, 0x5D, 0x04, 0x59, 0x2A, 0x02, 0x59, 0x02, 
	0x80, 0x00, 0x11, 0x2C, 0x0B, 0xCB, 0xD7, 0xC1, 0xD7, 0xD4, 0xCC, 0xD7, 0xCC, 0x02, 0x04, 0x00, 
	0x02, 0x02, 0x00, 0x02, 0x00, 0x83, 0x02, 0x03, 0x0A, 0x04, 0x0A, 0x0A, 0x82, 0x02, 0x02, 0x00, 
	0x00, 0x02, 0x80, 0x00, 0x85, 0x02, 0x04, 0x61, 0x99, 0x46, 0x02, 0x0A, 0x80, 0x02, 0x02, 0x21, 
	0x96, 0x9A, 0x80, 0x00, 0x80, 0x02, 0x80, 0x00, 0x02, 0x02, 0x02, 0x04, 0x82, 0x02, 0x80, 0x04, 
	0x80, 0x02, 0x02, 0x36, 0xE2, 0xF6, 0x83, 0xF5, 0x04, 0xE3, 0x53, 0x03, 0x02, 0x04, 0x82, 0x02, 
	0x81, 0x00, 0x02, 0x02, 0x00, 0x00, 0x84, 0x02, 0x1D, 0x0A, 0x0E, 0x03, 0x04, 0x08, 0x7E, 0x08, 
	0x4D, 0xAD, 0x53, 0x02, 0x07, 0x73, 0x74, 0x70, 0x08, 0x00, 0x02, 0x3C, 0x73, 0x73, 0x72, 0x02, 
	0x02, 0x04, 0x6C, 0x74, 0x6F, 0x3F, 0x79, 0x83, 0x86, 0x02, 0x75, 0x3C, 0x81, 0x81, 0x86, 0x00, 
	0x1B, 0x83, 0x02, 0x09, 0x6D, 0x86, 0x86, 0x81, 0x73, 0x34, 0x02, 0x02, 0x00, 0x00, 0x82, 0x02, 
	0x0C, 0x06, 0x02, 0x00, 0x00, 0x02, 0x00, 0x02, 0x06, 0x02, 0x02, 0x92, 0x55, 0x04, 0x80, 0x02, 
	0x81, 0x00, 0x12, 0x57, 0xB1, 0x9F, 0xA5, 0xB1, 0x4F, 0x03, 0x02, 0x04, 0x03, 0x02, 0x03, 0x03, 
	0x00, 0x0F, 0x00, 0x0C, 0x0F, 0x06, 0x80, 0x02, 0x1D, 0x23, 0x18, 0x80, 0x70, 0x3B, 0x6E, 0x33, 
	0x71, 0x71, 0x18, 0x71, 0x3C, 0x6D, 0x6E, 0x1B, 0x6E, 0x3B, 0x3B, 0x6D, 0x34, 0x80, 0x6F, 0x3B, 
	0x3C, 0x1A, 0x7B, 0x37, 0x3C, 0x75, 0x08, 0x83, 0x02, 0x80, 0x00, 0x80, 0x05, 0x03, 0x1F, 0x15, 
	0x0E, 0x05, 0x03, 0x05, 0x0E, 0x1F, 0x15, 0x80, 0x05, 0x81, 0x00, 0x83, 0x02, 0x08, 0x63, 0x12, 
	0x2C, 0x63, 0x04, 0x63, 0x2B, 0x12, 0xC2, 0x80, 0x00, 0x43, 0x02, 0xC5, 0x0B, 0x04, 0x04, 0x02, 
	0xC1, 0x2D, 0x59, 0x65, 0x00, 0xC2, 0x59, 0x2D, 0xC5, 0x04, 0xC2, 0x63, 0x04, 0xC5, 0x0B, 0x02, 
	0x06, 0x02, 0xC7, 0x44, 0xCA, 0xD6, 0xC1, 0xD5, 0xD4, 0xC6, 0xD6, 0xC6, 0x60, 0xC7, 0x04, 0xC5, 
	0x60, 0x0D, 0x99, 0x02, 0x61, 0x61, 0x00, 0x96, 0x41, 0x21, 0x96, 0x0A, 0x48, 0x49, 0x0A, 0x8D, 
	0x41, 0x1C, 0x8D, 0x00, 0x46, 0x49, 0x00, 0x96, 0x45, 0x1C, 0x96, 0x0B, 0x48, 0x61, 0x80, 0x00, 
	0x03, 0x02, 0x61, 0x99, 0x0A, 0x81, 0x0B, 0x15, 0x96, 0x99, 0x02, 0x02, 0x00, 0x00, 0x44, 0x61, 
	0x00, 0x61, 0x45, 0x02, 0x61, 0x0D, 0x21, 0x49, 0x0A, 0x46, 0x46, 0x0A, 0x48, 0x21, 0x81, 0x02, 
	0x02, 0x03, 0x39, 0xB7, 0x84, 0xF5, 0x02, 0xF6, 0x3D, 0x19, 0x80, 0x02, 0x0A, 0x46, 0x1D, 0x0D, 
	0x46, 0x02, 0x20, 0x41, 0x00, 0x43, 0x41, 0x00, 0x83, 0x02, 0x00, 0x04, 0x80, 0x02, 0x27, 0x08, 
	0x87, 0x08, 0x3D, 0xAA, 0x4D, 0x00, 0x07, 0x73, 0x73, 0x80, 0x7E, 0x01, 0x00, 0x3C, 0x73, 0x6C, 
	0x32, 0x02, 0x02, 0x04, 0x72, 0x73, 0x32, 0x19, 0x6E, 0x86, 0x6D, 0x3E, 0x79, 0x86, 0x81, 0x81, 
	0x80, 0x81, 0x80, 0x6D, 0x3E, 0x3D, 0x07, 0x80, 0x02, 0x0D, 0x0F, 0x07, 0x06, 0x6D, 0x86, 0x81, 
	0x80, 0x1B, 0x07, 0x02, 0x02, 0x00, 0x6D, 0x3E, 0x80, 0x02, 0x2F, 0x1A, 0x7A, 0x03, 0x3D, 0x3D, 
	0x00, 0x76, 0x1B, 0x26, 0xA0, 0x00, 0x92, 0x55, 0x04, 0xA3, 0x38, 0x50, 0xA3, 0x00, 0xA0, 0x55, 
	0x0F, 0xA1, 0x0F, 0x50, 0xA1, 0x03, 0xA0, 0x56, 0x27, 0xB9, 0x02, 0x7C, 0x9F, 0x00, 0xB6, 0x23, 
	0x55, 0xA3, 0x06, 0x02, 0x02, 0x03, 0xA4, 0x19, 0x80, 0x70, 0x01, 0x80, 0x00, 0x00, 0x02, 0x81, 
	0x06, 0x0F, 0x02, 0x06, 0x06, 0x02, 0x02, 0x00, 0x1B, 0x6F, 0x3C, 0x00, 0x00, 0x06, 0x25, 0x03, 
	0x08, 0x1A, 0x84, 0x02, 0x80, 0x00, 0x80, 0x05, 0x03, 0x1F, 0x15, 0x0E, 0x05, 0x03, 0x05, 0x13, 
	0x1F, 0x1F, 0x80, 0x05, 0x80, 0x00, 0x96, 0x02, 0x01, 0x5E, 0x28, 0x81, 0x00, 0x05, 0x02, 0x04, 
	0x02, 0x04, 0x02, 0x02, 0x80, 0x00, 0x81, 0x02, 0x2A, 0x06, 0x1E, 0x28, 0x12, 0x2D, 0x2D, 0x28, 
	0x2C, 0x28, 0x12, 0x29, 0x04, 0x2C, 0x1E, 0x0A, 0x45, 0x02, 0x21, 0x2A, 0x00, 0x45, 0x1C, 0x1C, 
	0x46, 0x0A, 0x41, 0x45, 0x02, 0x48, 0x21, 0x0D, 0x48, 0x00, 0x45, 0x46, 0x00, 0x61, 0x2A, 0x1C, 
	0x96, 0x0D, 0x48, 0x61, 0x81, 0x00, 0x1C, 0x45, 0x49, 0xD3, 0xD2, 0xCA, 0xD2, 0xD2, 0x98, 0x49, 
	0x02, 0x02, 0x00, 0x00, 0x5D, 0x96, 0x00, 0x96, 0x61, 0x02, 0x96, 0x20, 0x45, 0x96, 0x0A, 0x49, 
	0x49, 0x0A, 0x8D, 0x41, 0x81, 0x02, 0x02, 0x00, 0x36, 0x8B, 0x84, 0xF5, 0x02, 0xF6, 0x4D, 0x1A, 
	0x80, 0x04, 0x09, 0x8D, 0x21, 0x1C, 0x8D, 0x0A, 0x41, 0x48, 0x00, 0x49, 0x49, 0x83, 0x02, 0x00, 
	0x04, 0x80, 0x02, 0x20, 0x00, 0x07, 0x7E, 0x07, 0x39, 0xAF, 0x4D, 0x01, 0x18, 0x70, 0x70, 0x89, 
	0x87, 0x01, 0x02, 0x3C, 0x74, 0x35, 0x06, 0x03, 0x32, 0x19, 0x6C, 0x73, 0x32, 0x08, 0x3E, 0x89, 
	0x3A, 0x0F, 0x3B, 0x78, 0x80, 0x80, 0x81, 0x03, 0x70, 0x32, 0x02, 0x00, 0x80, 0x02, 0x08, 0x00, 
	0x19, 0x08, 0x02, 0x3E, 0x80, 0x80, 0x70, 0x03, 0x80, 0x02, 0x02, 0x00, 0x3E, 0x3D, 0x80, 0x02, 
	0x26, 0x1A, 0x4D, 0x03, 0x37, 0x36, 0x02, 0x3D, 0x19, 0x23, 0x56, 0x00, 0x50, 0x43, 0x02, 0x52, 
	0x23, 0x27, 0x50, 0x06, 0x4B, 0x26, 0x06, 0x02, 0x04, 0x04, 0x03, 0x06, 0x27, 0x16, 0x03, 0x27, 
	0x02, 0x0F, 0x0F, 0x00, 0x0F, 0x00, 0x02, 0x03, 0x82, 0x02, 0x1C, 0x03, 0x18, 0x18, 0x01, 0x01, 
	0x00, 0x02, 0x02, 0x09, 0x1B, 0x19, 0x1B, 0x1B, 0x19, 0x34, 0x1B, 0x02, 0x02, 0x08, 0x33, 0x1B, 
	0x00, 0x02, 0x06, 0x06, 0x02, 0x3A, 0x3B, 0x09, 0x82, 0x02, 0x81, 0x00, 0x80, 0x05, 0x03, 0x1F, 
	0x15, 0x0E, 0x05, 0x03, 0x05, 0x0E, 0x1F, 0x1F, 0x80, 0x05, 0x80, 0x00, 0x8A, 0x02, 0x01, 0x00, 
	0x00, 0x87, 0x02, 0x01, 0xD1, 0x5B, 0x80, 0x00, 0x82, 0x02, 0x81, 0x00, 0x83, 0x02, 0x02, 0x04, 
	0x02, 0x02, 0x83, 0x00, 0x85, 0x02, 0x80, 0x00, 0x87, 0x02, 0x82, 0x00, 0x84, 0x02, 0x05, 0x00, 
	0x44, 0xC8, 0x97, 0x96, 0x61, 0x80, 0x2D, 0x06, 0x44, 0x44, 0x28, 0x00, 0x64, 0xC8, 0x5A, 0x82, 
	0x00, 0x84, 0x02, 0x01, 0x0A, 0x0A, 0x85, 0x02, 0x02, 0x36, 0x8A, 0xF6, 0x83, 0xF5, 0x06, 0xF6, 
	0x8A, 0x6A, 0x51, 0x19, 0x06, 0x02, 0x84, 0x00, 0x8A, 0x02, 0x83, 0x00, 0x02, 0x7A, 0x87, 0x08, 
	0x80, 0x01, 0x25, 0x00, 0x02, 0x6C, 0x74, 0x35, 0x02, 0x18, 0x73, 0x3C, 0x6C, 0x73, 0x73, 0x34, 
	0x00, 0x18, 0x87, 0x3D, 0x01, 0x01, 0x07, 0x70, 0x81, 0x80, 0x32, 0x02, 0x02, 0x00, 0x01, 0x00, 
	0x19, 0x32, 0x08, 0x32, 0x32, 0x18, 0x1B, 0x1B, 0x03, 0x8D, 0x02, 0x02, 0x1B, 0x07, 0x06, 0x8A, 
	0x02, 0x05, 0x1D, 0x04, 0x1D, 0x27, 0x00, 0x00, 0x82, 0x02, 0x00, 0x04, 0x87, 0x02, 0x14, 0x18, 
	0x79, 0x70, 0x6D, 0x80, 0x3B, 0x02, 0x02, 0x3A, 0x80, 0x6E, 0x7B, 0x89, 0x3B, 0x81, 0x6E, 0x00, 
	0x00, 0x34, 0x80, 0x6E, 0x81, 0x02, 0x08, 0x00, 0x70, 0x80, 0x18, 0x00, 0x02, 0x02, 0x00, 0x02, 
	0x81, 0x00, 0x80, 0x05, 0x03, 0x1F, 0x16, 0x0E, 0x05, 0x03, 0x05, 0x0E, 0x1F, 0x1F, 0x80, 0x05, 
	0x80, 0x00, 0x84, 0x02, 0x0C, 0x28, 0x0B, 0x04, 0x1E, 0x02, 0x02, 0x00, 0x00, 0x02, 0x04, 0x0A, 
	0x04, 0x04, 0x82, 0x02, 0x02, 0xD4, 0x5B, 0x00, 0x84, 0x02, 0x81, 0x00, 0x01, 0x02, 0x02, 0x80, 
	0x04, 0x03, 0x0A, 0x04, 0x04, 0x02, 0x83, 0x00, 0x01, 0x02, 0x04, 0x81, 0x0A, 0x01, 0x02, 0x02, 
	0x81, 0x00, 0x88, 0x02, 0x01, 0x00, 0x00, 0x85, 0x02, 0x05, 0x00, 0xC8, 0xD2, 0xD2, 0x99, 0x5D, 
	0x83, 0x02, 0x04, 0x00, 0x98, 0xD5, 0xD2, 0x1E, 0x80, 0x00, 0x88, 0x02, 0x0A, 0x00, 0x00, 0x02, 
	0x00, 0x02, 0x02, 0x00, 0x00, 0x19, 0x4D, 0xE9, 0x80, 0xF5, 0x81, 0xFA, 0x03, 0xF5, 0xE3, 0x3D, 
	0x07, 0x82, 0x00, 0x02, 0x0D, 0x27, 0x23, 0x8B, 0x02, 0x80, 0x00, 0x04, 0x02, 0x00, 0x76, 0x85, 
	0x08, 0x81, 0x02, 0x07, 0x06, 0x6C, 0x74, 0x35, 0x02, 0x03, 0x32, 0x72, 0x80, 0x73, 0x04, 0x35, 
	0x00, 0x01, 0x1B, 0x6E, 0x80, 0x80, 0x11, 0x3C, 0x18, 0x18, 0x03, 0x02, 0x07, 0x34, 0x82, 0x76, 
	0x7B, 0x81, 0x3B, 0x73, 0x70, 0x3C, 0x73, 0x70, 0x01, 0x8C, 0x02, 0x02, 0x03, 0x70, 0x1B, 0x83, 
	0x02, 0x02, 0x00, 0x02, 0x02, 0x81, 0x04, 0x0A, 0x4C, 0xA5, 0x4C, 0xA2, 0xA5, 0x26, 0x00, 0x00, 
	0x02, 0x02, 0x06, 0x81, 0x04, 0x85, 0x02, 0x14, 0x18, 0x81, 0x80, 0x6E, 0x81, 0x3C, 0x00, 0x00, 
	0x37, 0x80, 0x6E, 0x3B, 0x6D, 0x3B, 0x81, 0x6E, 0x00, 0x00, 0x34, 0x81, 0x6E, 0x81, 0x02, 0x06, 
	0x00, 0x70, 0x80, 0x18, 0x02, 0x02, 0x00, 0x80, 0x02, 0x80, 0x00, 0x80, 0x05, 0x03, 0x24, 0x16, 
	0x0E, 0x05, 0x03, 0x05, 0x0E, 0x16, 0x1F, 0x80, 0x05, 0x80, 0x00, 0x84, 0x02, 0x15, 0xC5, 0x5A, 
	0x2C, 0xCE, 0x02, 0xC3, 0x5E, 0x10, 0xCF, 0x0B, 0xC2, 0x63, 0x0B, 0xCE, 0x11, 0x5E, 0x65, 0x02, 
	0xD4, 0x5B, 0x0C, 0x29, 0x80, 0x02, 0x33, 0x28, 0xC2, 0x00, 0x63, 0x5B, 0x00, 0x65, 0x0B, 0x5A, 
	0x64, 0x04, 0x64, 0x2C, 0x28, 0x66, 0x02, 0x5A, 0x59, 0x00, 0x63, 0x12, 0x29, 0x5E, 0x04, 0x5D, 
	0x2C, 0x0A, 0x5D, 0x02, 0x2C, 0x44, 0x00, 0x2A, 0x12, 0x02, 0x44, 0x02, 0x20, 0x29, 0x02, 0x1E, 
	0x0B, 0x02, 0x1C, 0x02, 0x0A, 0x0B, 0x02, 0x0D, 0x0A, 0x0A, 0x0D, 0x80, 0x02, 0x06, 0x00, 0xC8, 
	0xD2, 0xD2, 0x99, 0x00, 0x00, 0x83, 0x02, 0x03, 0x97, 0xD5, 0xD5, 0x1E, 0x83, 0x02, 0x00, 0x0A, 
	0x83, 0x02, 0x80, 0x00, 0x08, 0x02, 0x00, 0x00, 0x02, 0x00, 0x00, 0x19, 0x3E, 0xE9, 0x80, 0xF5, 
	0x0F, 0xE2, 0xE8, 0xFA, 0xF5, 0xE2, 0xE3, 0xE8, 0x53, 0x1A, 0x00, 0x00, 0x02, 0x00, 0x0F, 0x27, 
	0x23, 0x82, 0x02, 0x02, 0x23, 0x4F, 0x23, 0x83, 0x02, 0x80, 0x00, 0x04, 0x02, 0x00, 0x76, 0x85, 
	0x08, 0x81, 0x02, 0x03, 0x06, 0x6C, 0x74, 0x34, 0x80, 0x02, 0x08, 0x3C, 0x70, 0x73, 0x73, 0x35, 
	0x18, 0x18, 0x00, 0x6D, 0x80, 0x70, 0x82, 0x6C, 0x10, 0x3C, 0x32, 0x6E, 0x75, 0x80, 0x81, 0x35, 
	0x73, 0x70, 0x35, 0x70, 0x72, 0x01, 0x02, 0x02, 0x07, 0x08, 0x81, 0x02, 0x29, 0x08, 0x00, 0x03, 
	0x07, 0x06, 0x08, 0x08, 0x07, 0x70, 0x1B, 0x03, 0x0F, 0x00, 0x19, 0x0F, 0x00, 0x24, 0x02, 0x16, 
	0x26, 0x0A, 0x38, 0x24, 0x58, 0xAE, 0x56, 0xA1, 0xA5, 0x4B, 0x4C, 0x26, 0x0F, 0x55, 0x04, 0x50, 
	0x50, 0x03, 0x7C, 0x0F, 0x4B, 0x55, 0x00, 0x81, 0x02, 0x14, 0x19, 0x81, 0x80, 0x6E, 0x74, 0x3F, 
	0x00, 0x00, 0x34, 0x80, 0x6C, 0x3B, 0x3E, 0x3B, 0x80, 0x6F, 0x00, 0x00, 0x3B, 0x81, 0x6E, 0x81, 
	0x02, 0x03, 0x00, 0x6E, 0x89, 0x18, 0x82, 0x02, 0x81, 0x00, 0x06, 0x05, 0x17, 0x05, 0x1F, 0x16, 
	0x0E, 0x05, 0x06, 0x05, 0x13, 0x15, 0x1F, 0x0C, 0x05, 0x05, 0x81, 0x00, 0x83, 0x02, 0x13, 0x04, 
	0x02, 0x00, 0x0B, 0x00, 0x10, 0x0B, 0x02, 0x2A, 0x04, 0x2A, 0x28, 0x02, 0x59, 0x04, 0x2A, 0x59, 
	0x00, 0xCA, 0x5C, 0x82, 0x02, 0x6C, 0x1E, 0x66, 0x00, 0x5E, 0x5A, 0x00, 0x97, 0x0B, 0x5B, 0x65, 
	0x0A, 0x97, 0x59, 0x2B, 0xC5, 0x00, 0x64, 0x63, 0x00, 0xC5, 0x2D, 0x5A, 0xC3, 0x0B, 0xC2, 0x63, 
	0x0A, 0xCE, 0x02, 0x64, 0x98, 0x02, 0x98, 0x5D, 0x1E, 0xCE, 0x0A, 0x61, 0x99, 0x02, 0xCE, 0x61, 
	0x0D, 0x9D, 0x0A, 0x96, 0x98, 0x02, 0x99, 0x61, 0x1C, 0x99, 0x0D, 0x49, 0x96, 0x02, 0xC8, 0xD2, 
	0xC8, 0x98, 0x44, 0x59, 0x59, 0x44, 0x59, 0x59, 0x2C, 0x44, 0xC6, 0xD5, 0xD2, 0x1E, 0x49, 0x99, 
	0x0A, 0x96, 0x61, 0x0A, 0x9A, 0x21, 0x45, 0x99, 0x00, 0x49, 0x49, 0x00, 0x96, 0x45, 0x02, 0x96, 
	0x1C, 0x00, 0x02, 0x00, 0x19, 0x3D, 0xE2, 0xE9, 0xF5, 0xF5, 0xE2, 0xE3, 0xE8, 0xF5, 0xE3, 0xE7, 
	0xE8, 0x7A, 0x25, 0x81, 0x00, 0x02, 0x50, 0xA2, 0x0F, 0x82, 0x02, 0x02, 0x52, 0xAA, 0x52, 0x82, 
	0x02, 0x08, 0x00, 0x00, 0x7E, 0x7D, 0x00, 0x00, 0x76, 0x85, 0x08, 0x82, 0x02, 0x07, 0x6C, 0x74, 
	0x34, 0x02, 0x00, 0x02, 0x02, 0x6C, 0x80, 0x73, 0x02, 0x70, 0x70, 0x08, 0x81, 0x00, 0x00, 0x72, 
	0x81, 0x73, 0x09, 0x70, 0x07, 0x00, 0x6E, 0x81, 0x74, 0x34, 0x73, 0x70, 0x01, 0x80, 0x00, 0x31, 
	0x02, 0x02, 0x3B, 0x70, 0x03, 0x02, 0x02, 0x01, 0x7B, 0x18, 0x37, 0x71, 0x06, 0x76, 0x6D, 0x07, 
	0x70, 0x18, 0x4F, 0xA4, 0x00, 0xA0, 0x56, 0x00, 0xB6, 0x23, 0x55, 0xA3, 0x03, 0xA3, 0x55, 0x04, 
	0x58, 0x00, 0x4B, 0x58, 0x00, 0x9F, 0x50, 0x27, 0xA3, 0x03, 0x7C, 0x56, 0x0C, 0xA3, 0x0F, 0x52, 
	0x7C, 0x00, 0x81, 0x02, 0x14, 0x08, 0x6E, 0x6D, 0x3B, 0x6F, 0x33, 0x02, 0x02, 0x1A, 0x3C, 0x33, 
	0x1A, 0x33, 0x19, 0x3B, 0x33, 0x00, 0x02, 0x18, 0x32, 0x1B, 0x81, 0x02, 0x04, 0x00, 0x18, 0x18, 
	0x00, 0x00, 0x81, 0x02, 0x81, 0x00, 0x80, 0x05, 0x03, 0x1F, 0x14, 0x05, 0x05, 0x06, 0x05, 0x13, 
	0x16, 0x24, 0x0E, 0x0C, 0x05, 0x80, 0x00, 0x86, 0x02, 0x02, 0x00, 0x02, 0x00, 0x87, 0x02, 0x01, 
	0x64, 0xC3, 0x80, 0x00, 0x04, 0xC4, 0xCB, 0x2B, 0x02, 0x02, 0x83, 0x00, 0x80, 0x02, 0x05, 0x04, 
	0x02, 0x04, 0x04, 0x02, 0x02, 0x84, 0x00, 0x4B, 0x02, 0x04, 0x0A, 0x04, 0x04, 0x02, 0x00, 0x2B, 
	0x2C, 0x0B, 0x0A, 0x02, 0x04, 0x02, 0x00, 0x02, 0x02, 0x00, 0x11, 0x0B, 0x02, 0x20, 0x0A, 0x1C, 
	0x1E, 0x02, 0x21, 0x1C, 0x02, 0x41, 0x02, 0x20, 0x21, 0x02, 0x2D, 0x64, 0x59, 0x97, 0xC8, 0xCB, 
	0xD1, 0xC7, 0xD1, 0xD1, 0xC7, 0xD1, 0xC3, 0x97, 0x44, 0x02, 0x45, 0x49, 0x0A, 0x48, 0x45, 0x02, 
	0x49, 0x20, 0x21, 0x49, 0x00, 0x46, 0x46, 0x00, 0x48, 0x21, 0x02, 0x49, 0x1C, 0x00, 0x02, 0x02, 
	0x0F, 0x36, 0x3E, 0xE2, 0x80, 0xF5, 0x0D, 0xE3, 0x7A, 0xF5, 0xF5, 0xE8, 0x7A, 0x4D, 0x25, 0x00, 
	0x23, 0x50, 0x27, 0x4E, 0x58, 0x83, 0x02, 0x02, 0x52, 0xAF, 0x52, 0x83, 0x02, 0x08, 0x00, 0x7D, 
	0x56, 0x00, 0x00, 0x7A, 0xA7, 0x7A, 0x38, 0x80, 0x02, 0x0A, 0x06, 0x35, 0x70, 0x6C, 0x35, 0x35, 
	0x01, 0x00, 0x35, 0x70, 0x72, 0x80, 0x73, 0x05, 0x6C, 0x35, 0x35, 0x00, 0x00, 0x35, 0x81, 0x72, 
	0x10, 0x35, 0x01, 0x07, 0x3B, 0x6E, 0x6F, 0x32, 0x6C, 0x3C, 0x01, 0x02, 0x02, 0x00, 0x00, 0x02, 
	0x1B, 0x33, 0x81, 0x02, 0x0E, 0x36, 0x03, 0x08, 0x1A, 0x06, 0x19, 0x19, 0x03, 0x34, 0x09, 0x03, 
	0x0F, 0x00, 0x03, 0x03, 0x80, 0x00, 0x01, 0x06, 0x06, 0x80, 0x04, 0x00, 0x02, 0x83, 0x00, 0x03, 
	0x02, 0x02, 0x06, 0x06, 0x80, 0x04, 0x02, 0x02, 0x02, 0x06, 0x83, 0x02, 0x1C, 0x08, 0x6D, 0x3C, 
	0x3C, 0x6E, 0x33, 0x06, 0x02, 0x33, 0x6E, 0x3C, 0x00, 0x02, 0x3A, 0x70, 0x3E, 0x00, 0x02, 0x37, 
	0x79, 0x6D, 0x06, 0x02, 0x02, 0x00, 0x00, 0x6E, 0x7B, 0x18, 0x82, 0x02, 0x81, 0x00, 0x06, 0x0E, 
	0x05, 0x05, 0x1F, 0x14, 0x0E, 0x05, 0x06, 0x05, 0x0E, 0x16, 0x24, 0x0C, 0x05, 0x05, 0x81, 0x00, 
	0x86, 0x02, 0x00, 0x00, 0x87, 0x02, 0x02, 0x04, 0x97, 0xCA, 0x80, 0x00, 0x04, 0xD4, 0xD6, 0x5C, 
	0x02, 0x02, 0x82, 0x00, 0x81, 0x02, 0x07, 0x04, 0x02, 0x04, 0x02, 0x02, 0x00, 0x00, 0x02, 0x80, 
	0x00, 0x84, 0x02, 0x08, 0x00, 0x00, 0xD1, 0xD5, 0x5A, 0x0A, 0x02, 0x04, 0x02, 0x82, 0x00, 0x81, 
	0x02, 0x00, 0x0A, 0x81, 0x02, 0x81, 0x00, 0x06, 0x02, 0x02, 0x97, 0xD5, 0xCB, 0x02, 0x02, 0x80, 
	0x00, 0x0A, 0x02, 0x02, 0x0A, 0x0A, 0x63, 0xD5, 0xC3, 0x12, 0x02, 0x0A, 0x0A, 0x83, 0x02, 0x82, 
	0x00, 0x80, 0x02, 0x01, 0x00, 0x00, 0x82, 0x02, 0x10, 0x25, 0xB7, 0xEA, 0xF5, 0xF5, 0xE3, 0x53, 
	0xF6, 0xF6, 0xE7, 0x3E, 0x3E, 0x25, 0x02, 0x50, 0xB2, 0x58, 0x85, 0x02, 0x01, 0x06, 0x03, 0x84, 
	0x02, 0x81, 0x00, 0x04, 0x02, 0x7A, 0x84, 0xA9, 0x7A, 0x82, 0x02, 0x04, 0x07, 0x73, 0x74, 0x73, 
	0x07, 0x81, 0x00, 0x00, 0x70, 0x81, 0x73, 0x04, 0x70, 0x00, 0x00, 0x01, 0x03, 0x81, 0x02, 0x06, 
	0x07, 0x70, 0x3C, 0x3C, 0x72, 0x1B, 0x00, 0x91, 0x02, 0x02, 0x01, 0x6C, 0x18, 0x80, 0x02, 0x02, 
	0x00, 0x02, 0x00, 0x81, 0x02, 0x00, 0x04, 0x82, 0x02, 0x01, 0x00, 0x00, 0x8F, 0x02, 0x1C, 0x1B, 
	0x80, 0x79, 0x70, 0x81, 0x3B, 0x02, 0x02, 0x3F, 0x81, 0x6F, 0x00, 0x02, 0x3F, 0x81, 0x6F, 0x00, 
	0x02, 0x3C, 0x81, 0x6E, 0x06, 0x02, 0x08, 0x3C, 0x34, 0x79, 0x89, 0x18, 0x82, 0x02, 0x81, 0x00, 
	0x06, 0x0E, 0x13, 0x0E, 0x24, 0x14, 0x0E, 0x05, 0x06, 0x05, 0x13, 0x16, 0x2F, 0x0E, 0x05, 0x05, 
	0x81, 0x00, 0x83, 0x02, 0x16, 0x64, 0x59, 0x1E, 0x65, 0x02, 0x5E, 0x59, 0x02, 0x60, 0x00, 0x44, 
	0x59, 0x02, 0x5D, 0x11, 0x65, 0xCA, 0x00, 0x5E, 0x2C, 0xD1, 0xD6, 0x5A, 0x80, 0x02, 0x06, 0x12, 
	0x00, 0x02, 0x0B, 0x04, 0x0B, 0x04, 0x82, 0x02, 0x00, 0x00, 0x82, 0x02, 0x01, 0x06, 0x06, 0x81, 
	0x02, 0x81, 0x00, 0x05, 0xD4, 0xD6, 0x5A, 0x04, 0x0A, 0x04, 0x82, 0x00, 0x08, 0x02, 0x04, 0x02, 
	0x0A, 0x0A, 0x02, 0x0A, 0x02, 0x02, 0x82, 0x00, 0x07, 0x02, 0x02, 0xD1, 0xD5, 0xCB, 0x0B, 0x02, 
	0x02, 0x80, 0x00, 0x80, 0x02, 0x06, 0x64, 0xD5, 0xD5, 0x44, 0x02, 0x0A, 0x0A, 0x81, 0x02, 0x84, 
	0x00, 0x01, 0x02, 0x02, 0x80, 0x00, 0x01, 0x41, 0x1C, 0x80, 0x02, 0x11, 0x04, 0x55, 0xB7, 0xE3, 
	0xE3, 0xB7, 0x4D, 0xE3, 0xE3, 0xB7, 0x3B, 0x36, 0x19, 0x02, 0x4E, 0xA5, 0x50, 0x04, 0x88, 0x02, 
	0x01, 0x00, 0x00, 0x86, 0x02, 0x02, 0x1B, 0xAB, 0x76, 0x80, 0x02, 0x06, 0x00, 0x4D, 0x87, 0x81, 
	0x74, 0x73, 0x07, 0x80, 0x02, 0x06, 0x00, 0x32, 0x35, 0x35, 0x70, 0x73, 0x70, 0x82, 0x72, 0x08, 
	0x18, 0x02, 0x32, 0x70, 0x73, 0x6C, 0x70, 0x73, 0x34, 0x83, 0x02, 0x03, 0x00, 0x02, 0x02, 0x00, 
	0x82, 0x02, 0x0A, 0x06, 0x02, 0x06, 0x02, 0x02, 0x00, 0x01, 0x6F, 0x18, 0x06, 0x02, 0x80, 0x06, 
	0x03, 0x02, 0x04, 0x02, 0x02, 0x81, 0x06, 0x80, 0x04, 0x0B, 0x06, 0x06, 0x02, 0x02, 0x06, 0x06, 
	0x04, 0x06, 0x02, 0x00, 0x02, 0x06, 0x80, 0x04, 0x82, 0x02, 0x1C, 0x1B, 0x80, 0x70, 0x70, 0x81, 
	0x3B, 0x06, 0x02, 0x3C, 0x81, 0x6E, 0x00, 0x02, 0x3C, 0x81, 0x6E, 0x06, 0x02, 0x3C, 0x81, 0x6F, 
	0x06, 0x02, 0x18, 0x6D, 0x34, 0x79, 0x80, 0x18, 0x80, 0x02, 0x01, 0x00, 0x02, 0x81, 0x00, 0x06, 
	0x17, 0x05, 0x05, 0x24, 0x13, 0x0C, 0x05, 0x06, 0x05, 0x13, 0x16, 0x2F, 0x0E, 0x0C, 0x13, 0x81, 
	0x00, 0x83, 0x02, 0x56, 0x63, 0x59, 0x1E, 0xC2, 0x02, 0x64, 0x5E, 0x02, 0xC2, 0x00, 0x63, 0x63, 
	0x02, 0xC5, 0x29, 0x65, 0xCA, 0x00, 0xC1, 0x5B, 0xCB, 0xD8, 0x59, 0x02, 0x00, 0x2D, 0xCF, 0x02, 
	0xC2, 0xC2, 0x0B, 0xCF, 0x28, 0x5E, 0xC5, 0x00, 0xC2, 0x5E, 0x28, 0xC5, 0x02, 0x64, 0x66, 0x04, 
	0xC3, 0x2B, 0x59, 0x98, 0x00, 0x66, 0x5E, 0x00, 0x98, 0x02, 0xD4, 0xD6, 0x5A, 0x63, 0x5A, 0x02, 
	0x66, 0x00, 0x44, 0x63, 0x00, 0x60, 0x44, 0x0B, 0x64, 0x0D, 0x44, 0x60, 0x02, 0x5D, 0x2C, 0x00, 
	0x60, 0x02, 0x2C, 0x5A, 0x02, 0xD1, 0xD5, 0xCB, 0x0A, 0x02, 0x02, 0x81, 0x00, 0x12, 0x02, 0x02, 
	0x64, 0xD5, 0xD5, 0x44, 0x0D, 0x2A, 0x02, 0x21, 0x20, 0x02, 0x21, 0x0A, 0x04, 0x21, 0x00, 0x1C, 
	0x1C, 0x81, 0x02, 0x04, 0x1C, 0x0A, 0x41, 0x21, 0x1C, 0x80, 0x02, 0x00, 0x19, 0x82, 0x33, 0x03, 
	0x36, 0x3A, 0x36, 0x36, 0x8E, 0x02, 0x07, 0x00, 0x03, 0x39, 0x19, 0x00, 0x19, 0x52, 0x19, 0x81, 
	0x02, 0x0F, 0x19, 0xAB, 0x7F, 0x4D, 0x02, 0x3B, 0x32, 0x4D, 0x87, 0x81, 0x74, 0x73, 0x01, 0x00, 
	0x02, 0x02, 0x80, 0x00, 0x04, 0x01, 0x72, 0x72, 0x70, 0x73, 0x80, 0x74, 0x09, 0x73, 0x32, 0x3C, 
	0x72, 0x73, 0x73, 0x35, 0x70, 0x73, 0x34, 0x82, 0x02, 0x32, 0x07, 0x3D, 0x07, 0x1A, 0x39, 0x00, 
	0x39, 0x36, 0x02, 0x3E, 0x0F, 0x25, 0x3E, 0x06, 0x37, 0x36, 0x01, 0x6E, 0x18, 0x25, 0x53, 0x06, 
	0x56, 0x4C, 0x03, 0x7C, 0x03, 0x4C, 0x56, 0x02, 0x7C, 0x4B, 0x0F, 0xA1, 0x0C, 0x58, 0x7C, 0x02, 
	0xA0, 0x4B, 0x26, 0xA1, 0x06, 0x7C, 0x56, 0x07, 0xB6, 0x03, 0x57, 0xA0, 0x06, 0x81, 0x02, 0x14, 
	0x1B, 0x80, 0x70, 0x6E, 0x80, 0x3A, 0x02, 0x02, 0x37, 0x70, 0x3C, 0x02, 0x02, 0x3A, 0x70, 0x3B, 
	0x02, 0x02, 0x34, 0x6F, 0x3B, 0x82, 0x00, 0x02, 0x3B, 0x3C, 0x01, 0x82, 0x02, 0x81, 0x00, 0x06, 
	0x13, 0x13, 0x0E, 0x2F, 0x13, 0x0E, 0x05, 0x06, 0x05, 0x0E, 0x14, 0x2F, 0x0E, 0x0C, 0x0E, 0x81, 
	0x00, 0x91, 0x02, 0x68, 0x06, 0x5D, 0x66, 0x12, 0x5B, 0x59, 0x04, 0x0B, 0x02, 0x59, 0x2C, 0x02, 
	0x11, 0x04, 0x1E, 0x12, 0x04, 0x2C, 0x04, 0x28, 0x59, 0x00, 0x59, 0x29, 0x10, 0x5E, 0x02, 0x59, 
	0x5A, 0x0B, 0x63, 0x28, 0x2B, 0x63, 0x00, 0x60, 0x5F, 0x00, 0x66, 0x04, 0xC1, 0xCA, 0x2C, 0x63, 
	0x5A, 0x02, 0x98, 0x02, 0x59, 0x64, 0x00, 0x97, 0x5A, 0x0B, 0xC3, 0x0B, 0x5E, 0x97, 0x0A, 0x98, 
	0x5E, 0x02, 0xC3, 0x10, 0x60, 0x98, 0x0A, 0x64, 0xD1, 0xC8, 0xC8, 0xC6, 0xC8, 0xC8, 0x97, 0xC8, 
	0xC8, 0x97, 0xC8, 0xC8, 0xD5, 0xCF, 0x2A, 0x45, 0x99, 0x02, 0x96, 0x96, 0x0A, 0x9A, 0x2A, 0x21, 
	0x99, 0x00, 0x49, 0x96, 0x02, 0x02, 0x00, 0x02, 0x90, 0x41, 0x0A, 0x8F, 0x42, 0x82, 0x02, 0x02, 
	0x04, 0x02, 0x02, 0x82, 0x00, 0x82, 0x02, 0x02, 0x0A, 0x0A, 0x04, 0x86, 0x02, 0x07, 0x00, 0x19, 
	0x7E, 0x39, 0x00, 0x38, 0xAF, 0x39, 0x81, 0x02, 0x0F, 0x19, 0xAB, 0xA9, 0x7F, 0x07, 0x80, 0x6C, 
	0x00, 0x01, 0x80, 0x73, 0x70, 0x01, 0x00, 0x00, 0x02, 0x83, 0x00, 0x00, 0x35, 0x82, 0x73, 0x00, 
	0x32, 0x81, 0x73, 0x03, 0x35, 0x70, 0x73, 0x32, 0x82, 0x02, 0x34, 0x19, 0x7B, 0x18, 0x3D, 0x76, 
	0x00, 0x76, 0x3E, 0x03, 0x7B, 0x1A, 0x39, 0x7B, 0x03, 0x3E, 0x3D, 0x01, 0x71, 0x08, 0x38, 0x7A, 
	0x06, 0x7D, 0x4F, 0x03, 0xA0, 0x07, 0x4C, 0x56, 0x00, 0x56, 0x4B, 0x0F, 0x7C, 0x03, 0x52, 0x55, 
	0x06, 0x56, 0x26, 0x24, 0x56, 0x06, 0x50, 0x4B, 0x03, 0x52, 0x02, 0x26, 0x4E, 0x04, 0x06, 0x02, 
	0x80, 0x01, 0x03, 0x18, 0x08, 0x07, 0x08, 0x81, 0x02, 0x12, 0x03, 0x06, 0x36, 0x33, 0x03, 0x36, 
	0x07, 0x3B, 0x3B, 0x01, 0x00, 0x01, 0x3E, 0x3E, 0x01, 0x02, 0x02, 0x19, 0x18, 0x83, 0x02, 0x81, 
	0x00, 0x80, 0x0E, 0x03, 0x2F, 0x13, 0x0E, 0x05, 0x03, 0x05, 0x0E, 0x14, 0x2F, 0x80, 0x05, 0x81, 
	0x00, 0x89, 0x02, 0x01, 0x00, 0x00, 0x82, 0x02, 0x06, 0x00, 0x00, 0x65, 0xCB, 0x59, 0xD6, 0xD4, 
	0x80, 0x02, 0x01, 0xCA, 0xC6, 0x81, 0x02, 0x02, 0x04, 0x02, 0x02, 0x85, 0x00, 0x01, 0x02, 0x02, 
	0x81, 0x04, 0x01, 0x02, 0x02, 0x81, 0x00, 0x00, 0x02, 0x80, 0x04, 0x02, 0x02, 0x63, 0x5E, 0x80, 
	0x00, 0x8D, 0x02, 0x11, 0x04, 0x0A, 0x0A, 0x02, 0x02, 0x44, 0xC6, 0x97, 0xC6, 0xC8, 0x97, 0xC8, 
	0xC4, 0x97, 0xC8, 0x98, 0x1E, 0x10, 0x81, 0x02, 0x12, 0x0A, 0x0A, 0x02, 0x0A, 0x00, 0x00, 0x0D, 
	0x00, 0x0D, 0x0D, 0x02, 0x02, 0x00, 0x02, 0x1C, 0x0D, 0x02, 0x0D, 0x0D, 0x85, 0x02, 0x05, 0x00, 
	0x00, 0x0D, 0x48, 0x48, 0x0D, 0x81, 0x02, 0x02, 0x48, 0x8F, 0x41, 0x84, 0x02, 0x80, 0x00, 0x18, 
	0x03, 0x36, 0x08, 0x00, 0x0F, 0x39, 0x0F, 0x53, 0xA4, 0x38, 0x02, 0x03, 0x3D, 0x3D, 0x7A, 0x87, 
	0x32, 0x18, 0x02, 0x00, 0x32, 0x34, 0x34, 0x70, 0x34, 0x80, 0x00, 0x82, 0x02, 0x02, 0x08, 0x1B, 
	0x32, 0x80, 0x1B, 0x08, 0x07, 0x18, 0x1B, 0x18, 0x18, 0x07, 0x18, 0x18, 0x01, 0x83, 0x02, 0x00, 
	0x01, 0x83, 0x00, 0x06, 0x06, 0x03, 0x06, 0x02, 0x06, 0x06, 0x02, 0x80, 0x00, 0x8E, 0x02, 0x02, 
	0x7A, 0x7A, 0x19, 0x81, 0x02, 0x01, 0x06, 0x00, 0x82, 0x02, 0x0C, 0x06, 0x02, 0x06, 0x02, 0x77, 
	0x89, 0x3D, 0x89, 0x6E, 0x1B, 0x3E, 0x00, 0x00, 0x80, 0x02, 0x11, 0x06, 0x6E, 0x6D, 0x3B, 0x80, 
	0x3C, 0x80, 0x80, 0x07, 0x00, 0x18, 0x80, 0x89, 0x09, 0x02, 0x06, 0x3C, 0x37, 0x83, 0x02, 0x81, 
	0x00, 0x06, 0x0C, 0x05, 0x05, 0x2F, 0x13, 0x0C, 0x05, 0x06, 0x05, 0x0E, 0x14, 0x2E, 0x05, 0x05, 
	0x17, 0x81, 0x00, 0x00, 0x06, 0x82, 0x02, 0x03, 0x12, 0x10, 0x02, 0x10, 0x80, 0x02, 0x00, 0x00, 
	0x81, 0x02, 0x80, 0x00, 0x04, 0x64, 0xCB, 0x2C, 0xD6, 0xD4, 0x80, 0x02, 0x01, 0xCA, 0xC4, 0x84, 
	0x02, 0x85, 0x00, 0x02, 0x02, 0x02, 0x04, 0x82, 0x02, 0x81, 0x00, 0x08, 0x02, 0x04, 0x2B, 0x59, 
	0x04, 0xC4, 0xC1, 0x00, 0x00, 0x92, 0x02, 0x81, 0x00, 0x82, 0x02, 0x01, 0x00, 0x00, 0x87, 0x02, 
	0x82, 0x00, 0x84, 0x02, 0x00, 0x0A, 0x86, 0x02, 0x81, 0x00, 0x03, 0x22, 0x90, 0x90, 0x22, 0x80, 
	0x02, 0x04, 0x0A, 0x8F, 0x95, 0x90, 0x0A, 0x80, 0x02, 0x86, 0x00, 0x81, 0x02, 0x02, 0x7E, 0xAA, 
	0x4D, 0x81, 0x02, 0x02, 0x76, 0xA7, 0x18, 0x82, 0x00, 0x02, 0x18, 0x73, 0x35, 0x80, 0x07, 0x00, 
	0x01, 0x81, 0x02, 0x03, 0x07, 0x18, 0x18, 0x08, 0x81, 0x02, 0x82, 0x00, 0xA6, 0x02, 0x03, 0x00, 
	0x87, 0x84, 0x1A, 0x88, 0x02, 0x22, 0x04, 0x02, 0x06, 0x03, 0x79, 0x81, 0x3C, 0x81, 0x70, 0x34, 
	0x6E, 0x07, 0x6D, 0x6D, 0x07, 0x02, 0x06, 0x6E, 0x6D, 0x1A, 0x7B, 0x1B, 0x80, 0x80, 0x07, 0x00, 
	0x18, 0x80, 0x80, 0x1B, 0x3C, 0x1A, 0x70, 0x6D, 0x00, 0x80, 0x02, 0x01, 0x00, 0x02, 0x81, 0x00, 
	0x06, 0x05, 0x0E, 0x0C, 0x2E, 0x13, 0x0C, 0x05, 0x03, 0x05, 0x0E, 0x13, 0x2E, 0x80, 0x05, 0x81, 
	0x00, 0x83, 0x02, 0x41, 0xC2, 0x65, 0x04, 0xCF, 0x02, 0x98, 0x65, 0x02, 0xCF, 0x12, 0x63, 0x65, 
	0x00, 0xC2, 0x2C, 0x64, 0xCB, 0x2B, 0xD6, 0xD4, 0x02, 0x00, 0x02, 0xCA, 0xC5, 0x0B, 0x66, 0x04, 
	0x5D, 0x63, 0x04, 0x64, 0x12, 0x2C, 0x5E, 0x00, 0x5A, 0x2C, 0x0B, 0x5E, 0x04, 0x2C, 0x44, 0x04, 
	0x59, 0x1E, 0x10, 0x2C, 0x00, 0x28, 0x12, 0x00, 0x28, 0x02, 0xC5, 0xD4, 0x28, 0xC4, 0xC1, 0x00, 
	0x02, 0x02, 0x0A, 0x02, 0x04, 0x02, 0x83, 0x00, 0x01, 0x02, 0x02, 0x82, 0x04, 0x00, 0x02, 0x82, 
	0x00, 0x84, 0x02, 0x01, 0x00, 0x00, 0x80, 0x02, 0x01, 0x0A, 0x04, 0x80, 0x02, 0x80, 0x00, 0x80, 
	0x02, 0x06, 0x00, 0x00, 0x02, 0x04, 0x04, 0x0A, 0x0A, 0x81, 0x02, 0x80, 0x04, 0x01, 0x02, 0x02, 
	0x82, 0x00, 0x03, 0x1C, 0x90, 0x90, 0x22, 0x80, 0x02, 0x06, 0x0A, 0x8F, 0x95, 0x90, 0x0A, 0x02, 
	0x02, 0x88, 0x00, 0x05, 0x02, 0x02, 0x06, 0x7E, 0xAA, 0x4D, 0x81, 0x02, 0x08, 0x76, 0x85, 0x18, 
	0x00, 0x00, 0x02, 0x02, 0x00, 0x18, 0x82, 0x73, 0x10, 0x3B, 0x00, 0x02, 0x02, 0x06, 0x35, 0x73, 
	0x73, 0x3C, 0x00, 0x00, 0x06, 0x02, 0x00, 0x7A, 0x78, 0x3B, 0x8B, 0x02, 0x01, 0x00, 0x06, 0x82, 
	0x02, 0x00, 0x00, 0x86, 0x02, 0x00, 0x06, 0x83, 0x02, 0x35, 0x0F, 0x03, 0x06, 0x23, 0x00, 0x87, 
	0x88, 0x1A, 0x16, 0x06, 0x27, 0x4B, 0x06, 0x50, 0x26, 0x16, 0x55, 0x02, 0x4F, 0x4F, 0x04, 0x02, 
	0x03, 0x80, 0x81, 0x6D, 0x81, 0x70, 0x71, 0x7B, 0x36, 0x3B, 0x3E, 0x03, 0x02, 0x06, 0x6E, 0x6D, 
	0x07, 0x75, 0x08, 0x89, 0x89, 0x07, 0x00, 0x18, 0x80, 0x79, 0x32, 0x6D, 0x33, 0x71, 0x3C, 0x06, 
	0x82, 0x02, 0x80, 0x00, 0x07, 0x05, 0x05, 0x0E, 0x0E, 0x2E, 0x0E, 0x0E, 0x05, 0x03, 0x05, 0x0E, 
	0x13, 0x2E, 0x80, 0x05, 0x81, 0x00, 0x83, 0x02, 0x35, 0x0B, 0x04, 0x02, 0x12, 0x00, 0x1E, 0x1E, 
	0x06, 0x59, 0x04, 0x2C, 0x2C, 0x00, 0x5D, 0x12, 0x63, 0xCB, 0x12, 0x65, 0x63, 0xC5, 0xD1, 0xC2, 
	0xCA, 0xC5, 0x0B, 0xC2, 0x0B, 0x63, 0x65, 0x02, 0xC3, 0x28, 0x5D, 0xC2, 0x00, 0x97, 0x5E, 0x28, 
	0xCA, 0x10, 0x64, 0xC2, 0x0A, 0xC7, 0x59, 0x59, 0xC7, 0x02, 0xC3, 0x97, 0x00, 0xCF, 0x04, 0x80, 
	0x00, 0x18, 0xC3, 0xC2, 0x02, 0xC3, 0x11, 0x5D, 0xC3, 0x0A, 0x98, 0x63, 0x00, 0xC3, 0x12, 0x59, 
	0x98, 0x02, 0x97, 0x60, 0x0B, 0xC5, 0x28, 0x5E, 0x97, 0x00, 0x00, 0x80, 0x02, 0x01, 0x0A, 0x65, 
	0x81, 0x97, 0x01, 0x5B, 0x0B, 0x81, 0x02, 0x23, 0x2A, 0x61, 0x02, 0x04, 0x02, 0x00, 0x48, 0x20, 
	0x20, 0x49, 0x02, 0x41, 0x45, 0x02, 0x46, 0x41, 0x0A, 0x48, 0x22, 0x1C, 0x46, 0x04, 0x41, 0x41, 
	0x04, 0x46, 0x21, 0x02, 0x46, 0x02, 0x20, 0x46, 0x1C, 0x90, 0x90, 0x41, 0x81, 0x1C, 0x08, 0x8F, 
	0x95, 0x90, 0x0A, 0x02, 0x02, 0x00, 0x7C, 0x4B, 0x80, 0x00, 0x04, 0x4C, 0x56, 0x00, 0x52, 0x4F, 
	0x80, 0x02, 0x02, 0x4F, 0x7D, 0x25, 0x81, 0x02, 0x03, 0x38, 0x7A, 0x4D, 0x36, 0x81, 0x00, 0x02, 
	0x08, 0x6C, 0x70, 0x80, 0x73, 0x20, 0x35, 0x02, 0x02, 0x06, 0x06, 0x35, 0x73, 0x73, 0x35, 0x36, 
	0x7A, 0x07, 0x02, 0x01, 0x82, 0x83, 0x3E, 0x3D, 0x7A, 0x03, 0x02, 0x02, 0x00, 0x7A, 0x3D, 0x02, 
	0x04, 0x02, 0x3D, 0x3E, 0x06, 0x3E, 0x37, 0x80, 0x02, 0x32, 0x3D, 0x3E, 0x00, 0x02, 0x02, 0x07, 
	0x19, 0x02, 0x03, 0x0F, 0x02, 0x0F, 0x03, 0x02, 0x25, 0x02, 0x0A, 0x0C, 0x02, 0xB6, 0x50, 0x27, 
	0xB6, 0x00, 0x87, 0x87, 0x19, 0x23, 0x06, 0x55, 0xA3, 0x02, 0xA1, 0x52, 0x27, 0xA3, 0x00, 0x56, 
	0x56, 0x02, 0x06, 0x03, 0x6D, 0x6E, 0x37, 0x6E, 0x3B, 0x18, 0x37, 0x00, 0x00, 0x81, 0x02, 0x06, 
	0x37, 0x36, 0x06, 0x37, 0x01, 0x37, 0x34, 0x80, 0x03, 0x01, 0x18, 0x18, 0x80, 0x01, 0x03, 0x18, 
	0x08, 0x06, 0x00, 0x81, 0x02, 0x80, 0x00, 0x81, 0x05, 0x03, 0x2F, 0x0E, 0x0C, 0x05, 0x03, 0x05, 
	0x0E, 0x13, 0x2E, 0x80, 0x05, 0x00, 0x03, 0x80, 0x00, 0x88, 0x02, 0x00, 0x00, 0x80, 0x02, 0x80, 
	0x00, 0x80, 0x02, 0x0E, 0x63, 0xD4, 0x10, 0x63, 0x60, 0x5B, 0x65, 0x5B, 0x28, 0x28, 0x59, 0x65, 
	0x5F, 0x02, 0x02, 0x84, 0x00, 0x82, 0x02, 0x0A, 0x04, 0x02, 0x02, 0x04, 0x04, 0x0B, 0x04, 0x10, 
	0x0B, 0x00, 0x12, 0x81, 0x00, 0x18, 0x59, 0x44, 0x02, 0x59, 0x0B, 0x29, 0x5A, 0x0A, 0x5A, 0x44, 
	0x00, 0x5E, 0x0B, 0x2A, 0x5E, 0x00, 0x60, 0x5A, 0x0A, 0x66, 0x1E, 0x59, 0x64, 0x00, 0x00, 0x80, 
	0x02, 0x01, 0x0B, 0xD1, 0x81, 0xD4, 0x02, 0xC3, 0x11, 0x0A, 0x80, 0x02, 0x22, 0x45, 0x96, 0x02, 
	0x04, 0x02, 0x00, 0x49, 0x21, 0x22, 0x96, 0x02, 0x46, 0x49, 0x02, 0x49, 0x46, 0x0A, 0x8E, 0x41, 
	0x21, 0x8D, 0x0A, 0x48, 0x48, 0x02, 0x49, 0x46, 0x0A, 0x8D, 0x0D, 0x41, 0x8F, 0x02, 0x4A, 0x4A, 
	0x84, 0x94, 0x06, 0x4A, 0x04, 0x02, 0x02, 0x00, 0xAE, 0x52, 0x80, 0x00, 0x05, 0x7D, 0xA4, 0x00, 
	0x7D, 0x7D, 0x04, 0x87, 0x02, 0x09, 0x08, 0x7F, 0x3D, 0x01, 0x07, 0x03, 0x02, 0x02, 0x00, 0x72, 
	0x80, 0x70, 0x20, 0x3C, 0x34, 0x34, 0x01, 0x00, 0x34, 0x70, 0x70, 0x35, 0x37, 0x7B, 0x07, 0x02, 
	0x00, 0x76, 0x77, 0x37, 0x3E, 0x76, 0x03, 0x02, 0x00, 0x00, 0x7A, 0x3D, 0x02, 0x03, 0x02, 0x37, 
	0x3D, 0x06, 0x3D, 0x36, 0x80, 0x02, 0x0E, 0x36, 0x3D, 0x00, 0x00, 0x02, 0x03, 0x0F, 0x02, 0x04, 
	0x03, 0x02, 0x03, 0x02, 0x02, 0x0F, 0x81, 0x02, 0x0B, 0x19, 0x03, 0x02, 0x0F, 0x02, 0x08, 0x08, 
	0x06, 0x02, 0x02, 0x00, 0x00, 0x82, 0x02, 0x80, 0x00, 0x21, 0x02, 0x02, 0x06, 0x3E, 0x6D, 0x19, 
	0x40, 0x08, 0x00, 0x02, 0x00, 0x00, 0x02, 0x02, 0x06, 0x19, 0x6E, 0x6D, 0x3B, 0x6F, 0x3A, 0x00, 
	0x06, 0x6D, 0x80, 0x3E, 0x7B, 0x75, 0x3E, 0x89, 0x3E, 0x89, 0x7B, 0x09, 0x82, 0x02, 0x80, 0x00, 
	0x07, 0x05, 0x0C, 0x05, 0x0C, 0x2E, 0x0E, 0x13, 0x05, 0x07, 0x05, 0x0E, 0x13, 0x2E, 0x0E, 0x0E, 
	0x0C, 0x05, 0x80, 0x00, 0x8B, 0x02, 0x81, 0x00, 0x80, 0x02, 0x05, 0x65, 0xD5, 0x2C, 0xC4, 0xC6, 
	0x00, 0x80, 0x02, 0x03, 0x04, 0xC6, 0xD6, 0xC4, 0x85, 0x00, 0x8D, 0x02, 0x0A, 0x44, 0x00, 0xC6, 
	0xCB, 0x5D, 0x00, 0x00, 0xC1, 0xD1, 0xC1, 0x04, 0x81, 0x02, 0x82, 0x00, 0x01, 0x02, 0x02, 0x81, 
	0x04, 0x00, 0x02, 0x80, 0x00, 0x04, 0x02, 0x06, 0x02, 0x04, 0x0A, 0x80, 0x02, 0x01, 0x00, 0x00, 
	0x82, 0x02, 0x83, 0x00, 0x80, 0x02, 0x00, 0x0A, 0x82, 0x02, 0x01, 0x04, 0x04, 0x81, 0x02, 0x02, 
	0x04, 0x02, 0x02, 0x81, 0x00, 0x81, 0x02, 0x03, 0x00, 0x02, 0x02, 0x41, 0x81, 0x42, 0x00, 0x21, 
	0x82, 0x02, 0x81, 0x00, 0x00, 0x02, 0x80, 0x00, 0x8B, 0x02, 0x09, 0x19, 0xAB, 0x7A, 0x1A, 0x36, 
	0x0F, 0x03, 0x02, 0x00, 0x00, 0x80, 0x01, 0x10, 0x70, 0x73, 0x73, 0x18, 0x00, 0x00, 0x01, 0x01, 
	0x00, 0x02, 0x00, 0x02, 0x02, 0x00, 0x00, 0x02, 0x06, 0x82, 0x02, 0x00, 0x00, 0x83, 0x02, 0x03, 
	0x06, 0x02, 0x06, 0x06, 0x80, 0x02, 0x02, 0x00, 0x02, 0x00, 0x92, 0x02, 0x00, 0x06, 0x81, 0x02, 
	0x00, 0x00, 0x85, 0x02, 0x09, 0x00, 0x02, 0x06, 0x03, 0x80, 0x81, 0x32, 0x7B, 0x18, 0x06, 0x83, 
	0x02, 0x12, 0x32, 0x81, 0x79, 0x6E, 0x80, 0x3B, 0x00, 0x06, 0x6E, 0x81, 0x6E, 0x81, 0x70, 0x6D, 
	0x81, 0x6C, 0x81, 0x73, 0x09, 0x82, 0x02, 0x80, 0x00, 0x07, 0x05, 0x17, 0x05, 0x0E, 0x2E, 0x0E, 
	0x13, 0x05, 0x07, 0x05, 0x0E, 0x0E, 0x2E, 0x0C, 0x0C, 0x0E, 0x05, 0x80, 0x00, 0x83, 0x02, 0x13, 
	0x63, 0x63, 0x02, 0xC2, 0x0B, 0x5E, 0x60, 0x02, 0x63, 0x12, 0x2C, 0x5D, 0x02, 0x5A, 0x1E, 0xCA, 
	0xD5, 0xC6, 0xC4, 0xC4, 0x80, 0x02, 0x07, 0x2C, 0x2C, 0xC1, 0xD7, 0xC4, 0x02, 0x02, 0x00, 0x8E, 
	0x02, 0x0E, 0x04, 0x02, 0x02, 0x2C, 0xCB, 0x67, 0xD1, 0xD7, 0x65, 0x00, 0x00, 0xC8, 0xD7, 0xC8, 
	0x0A, 0x82, 0x02, 0x81, 0x00, 0x01, 0x02, 0x00, 0x80, 0x02, 0x00, 0x04, 0x89, 0x02, 0x00, 0x00, 
	0x83, 0x02, 0x80, 0x00, 0x90, 0x02, 0x82, 0x00, 0x81, 0x02, 0x01, 0x00, 0x00, 0x8A, 0x02, 0x84, 
	0x00, 0x8C, 0x02, 0x10, 0x19, 0xAD, 0x7A, 0x19, 0x1A, 0x07, 0x02, 0x00, 0x02, 0x02, 0x00, 0x00, 
	0x02, 0x70, 0x73, 0x73, 0x18, 0x82, 0x00, 0x81, 0x02, 0x01, 0x00, 0x00, 0x80, 0x02, 0x00, 0x06, 
	0x8E, 0x02, 0x00, 0x00, 0x8D, 0x02, 0x05, 0x06, 0x02, 0x04, 0x02, 0x02, 0x06, 0x85, 0x02, 0x80, 
	0x00, 0x81, 0x02, 0x08, 0x06, 0x02, 0x02, 0x01, 0x89, 0x86, 0x1B, 0x79, 0x18, 0x80, 0x06, 0x16, 
	0x02, 0x06, 0x06, 0x02, 0x32, 0x80, 0x70, 0x6E, 0x80, 0x3B, 0x02, 0x02, 0x6E, 0x81, 0x6E, 0x81, 
	0x79, 0x6D, 0x80, 0x3C, 0x81, 0x79, 0x01, 0x82, 0x02, 0x80, 0x00, 0x80, 0x05, 0x04, 0x0E, 0x2E, 
	0x0E, 0x0E, 0x05, 0x07, 0x05, 0x0E, 0x0E, 0x2E, 0x0C, 0x05, 0x0E, 0x05, 0x80, 0x00, 0x83, 0x02, 
	0x55, 0x5B, 0x5E, 0x02, 0x98, 0x0B, 0x63, 0x63, 0x00, 0xC2, 0x29, 0x5E, 0x65, 0x06, 0xC5, 0x59, 
	0x1E, 0xC5, 0x02, 0xC5, 0xC5, 0xC2, 0xCA, 0x65, 0x5E, 0x5E, 0xC1, 0xD6, 0xC5, 0x64, 0xC5, 0x00, 
	0xCA, 0x5D, 0x59, 0xCA, 0x04, 0xC2, 0x64, 0x0B, 0xC7, 0x11, 0x5E, 0x65, 0x02, 0x97, 0x59, 0x29, 
	0xC2, 0x02, 0x60, 0x5E, 0x5A, 0xD4, 0xC1, 0xCB, 0xD7, 0x65, 0x00, 0x00, 0xC4, 0xD7, 0xC4, 0x2A, 
	0x5B, 0x0A, 0x44, 0x2B, 0x02, 0x59, 0x10, 0x12, 0x2C, 0x00, 0x29, 0x28, 0x00, 0x29, 0x04, 0x0B, 
	0x1E, 0x04, 0x10, 0x11, 0x02, 0x0B, 0x02, 0x81, 0x00, 0x80, 0x02, 0x03, 0x0A, 0x0A, 0x02, 0x02, 
	0x80, 0x00, 0x05, 0x02, 0x02, 0x04, 0x02, 0x00, 0x00, 0x80, 0x02, 0x04, 0x0A, 0x02, 0x02, 0x00, 
	0x00, 0x81, 0x02, 0x83, 0x00, 0x8D, 0x02, 0x81, 0x00, 0x00, 0x02, 0x81, 0x00, 0x80, 0x02, 0x01, 
	0x0A, 0x0A, 0x83, 0x02, 0x80, 0x00, 0x09, 0x02, 0x02, 0x07, 0x53, 0x39, 0x7A, 0x87, 0x87, 0x4F, 
	0x00, 0x82, 0x02, 0x04, 0x32, 0x34, 0x34, 0x70, 0x70, 0x80, 0x72, 0x01, 0x32, 0x00, 0x80, 0x02, 
	0x06, 0x25, 0x7E, 0x82, 0x6E, 0x37, 0x1A, 0x06, 0x85, 0x02, 0x01, 0x19, 0x19, 0x80, 0x02, 0x31, 
	0x08, 0x25, 0x00, 0x19, 0x1A, 0x06, 0x36, 0x19, 0x07, 0x39, 0x02, 0x25, 0x38, 0x02, 0x4F, 0x27, 
	0x03, 0x56, 0x02, 0x4F, 0x50, 0x04, 0x56, 0x25, 0x27, 0x56, 0x06, 0x56, 0x50, 0x02, 0x7C, 0x03, 
	0x52, 0x7D, 0x00, 0xA0, 0x4E, 0x4E, 0xA1, 0x06, 0xA0, 0x56, 0x06, 0x02, 0x00, 0x7B, 0x89, 0x1B, 
	0x77, 0x18, 0x83, 0x06, 0x13, 0x02, 0x33, 0x79, 0x6D, 0x6D, 0x79, 0x3A, 0x00, 0x06, 0x3C, 0x6E, 
	0x3B, 0x6E, 0x3C, 0x37, 0x6D, 0x33, 0x6D, 0x3B, 0x00, 0x81, 0x02, 0x81, 0x00, 0x07, 0x05, 0x05, 
	0x0C, 0x0E, 0x2E, 0x0E, 0x0E, 0x05, 0x07, 0x05, 0x0E, 0x0E, 0x2E, 0x0E, 0x0C, 0x13, 0x05, 0x80, 
	0x00, 0x88, 0x02, 0x81, 0x00, 0x82, 0x02, 0x00, 0x00, 0x80, 0x02, 0x64, 0x11, 0x11, 0x65, 0xC5, 
	0x65, 0x02, 0x00, 0x10, 0x2B, 0x28, 0x12, 0x28, 0x00, 0x2C, 0x12, 0x1E, 0x5D, 0x04, 0x5A, 0x44, 
	0x0B, 0x66, 0x10, 0x44, 0x5E, 0x00, 0x64, 0x2C, 0x28, 0x98, 0x04, 0x63, 0x63, 0x04, 0x63, 0x10, 
	0xC6, 0xCB, 0x5E, 0x00, 0x00, 0x65, 0xCB, 0x97, 0x5A, 0xC3, 0x02, 0x98, 0x64, 0x0A, 0xC7, 0x2C, 
	0x5A, 0xC5, 0x02, 0xC2, 0x66, 0x00, 0xCE, 0x2D, 0x5E, 0xCA, 0x0B, 0xC2, 0xC7, 0x0A, 0xCA, 0x5E, 
	0x29, 0xCF, 0x02, 0x63, 0x98, 0x04, 0x98, 0x64, 0x0A, 0xC3, 0x2D, 0x44, 0x98, 0x00, 0x61, 0x61, 
	0x0A, 0x96, 0x41, 0x0D, 0x96, 0x0A, 0x48, 0x49, 0x02, 0x48, 0x42, 0x00, 0x8D, 0x22, 0x21, 0x8D, 
	0x02, 0x80, 0x00, 0x19, 0x48, 0x45, 0x0A, 0x49, 0x0D, 0x21, 0x48, 0x02, 0x46, 0x46, 0x04, 0x48, 
	0x41, 0x0D, 0x49, 0x0A, 0x02, 0x02, 0x00, 0x46, 0x42, 0x00, 0x54, 0x21, 0x1C, 0x49, 0x81, 0x02, 
	0x02, 0x7D, 0x56, 0x04, 0x80, 0x02, 0x04, 0x00, 0x00, 0x56, 0xA4, 0x39, 0x81, 0x00, 0x04, 0x3A, 
	0x87, 0xAA, 0xAA, 0x53, 0x85, 0x02, 0x00, 0x18, 0x81, 0x73, 0x02, 0x70, 0x34, 0x00, 0x80, 0x02, 
	0x05, 0x39, 0xA7, 0x85, 0x79, 0x3F, 0x32, 0x86, 0x02, 0x2E, 0x7A, 0x7A, 0x06, 0x02, 0x02, 0x36, 
	0x7E, 0x07, 0x3E, 0x76, 0x03, 0x7E, 0x4D, 0x19, 0x7E, 0x01, 0x4D, 0x7A, 0x00, 0x7D, 0x4F, 0x07, 
	0xA4, 0x02, 0x56, 0x7D, 0x04, 0xA0, 0x38, 0x27, 0x7C, 0x06, 0x56, 0x50, 0x03, 0x7C, 0x07, 0x4F, 
	0x55, 0x00, 0x56, 0x26, 0x27, 0x55, 0x06, 0x50, 0x38, 0x80, 0x02, 0x07, 0x1A, 0x1A, 0x01, 0x37, 
	0x09, 0x07, 0x07, 0x06, 0x82, 0x02, 0x04, 0x00, 0x00, 0x18, 0x1B, 0x01, 0x87, 0x02, 0x02, 0x3D, 
	0x18, 0x00, 0x82, 0x02, 0x80, 0x00, 0x07, 0x05, 0x05, 0x0E, 0x0E, 0x2E, 0x0E, 0x0E, 0x05, 0x07, 
	0x05, 0x0E, 0x0E, 0x2F, 0x0E, 0x0E, 0x0C, 0x05, 0x80, 0x00, 0x8A, 0x02, 0x01, 0x00, 0x00, 0x8C, 
	0x02, 0x82, 0x00, 0x8B, 0x02, 0x80, 0x00, 0x83, 0x02, 0x07, 0x04, 0x04, 0x02, 0x00, 0x00, 0x28, 
	0x28, 0x02, 0x80, 0x00, 0x08, 0x02, 0x02, 0x04, 0x04, 0x02, 0x04, 0x02, 0x04, 0x02, 0x81, 0x00, 
	0x29, 0x04, 0x00, 0x0B, 0x28, 0x0A, 0x29, 0x2A, 0x0A, 0x44, 0x1E, 0x0B, 0x5D, 0x00, 0x2C, 0x59, 
	0x04, 0x5A, 0x44, 0x0A, 0x60, 0x12, 0x29, 0x5D, 0x00, 0x45, 0x44, 0x02, 0x48, 0x21, 0x0D, 0x49, 
	0x0A, 0x42, 0x48, 0x04, 0x46, 0x41, 0x02, 0x49, 0x1C, 0x22, 0x49, 0x81, 0x00, 0x20, 0x46, 0x41, 
	0x02, 0x49, 0x0D, 0x21, 0x48, 0x0A, 0x46, 0x46, 0x02, 0x48, 0x21, 0x0D, 0x49, 0x0A, 0x02, 0x02, 
	0x00, 0x48, 0x42, 0x00, 0x54, 0x21, 0x20, 0x49, 0x04, 0x02, 0x02, 0x04, 0x7D, 0x56, 0x04, 0x80, 
	0x02, 0x05, 0x00, 0x00, 0x52, 0x7E, 0x36, 0x00, 0x80, 0x02, 0x08, 0x36, 0x7F, 0x87, 0x7F, 0x7A, 
	0x7A, 0x7D, 0x38, 0x04, 0x81, 0x02, 0x00, 0x08, 0x80, 0x72, 0x0C, 0x6C, 0x6C, 0x7A, 0x7F, 0x7E, 
	0x19, 0x02, 0x25, 0x7A, 0x7B, 0x3E, 0x32, 0x19, 0x80, 0x02, 0x07, 0x0F, 0x7E, 0x7F, 0x4D, 0x02, 
	0x02, 0x19, 0x08, 0x81, 0x02, 0x0B, 0x07, 0x06, 0x03, 0x07, 0x02, 0x03, 0x02, 0x02, 0x03, 0x02, 
	0x02, 0x00, 0x85, 0x02, 0x00, 0x06, 0x8F, 0x02, 0x02, 0x04, 0x06, 0x06, 0x81, 0x02, 0x0F, 0x3B, 
	0x78, 0x6D, 0x79, 0x89, 0x18, 0x04, 0x06, 0x02, 0x00, 0x02, 0x00, 0x00, 0x75, 0x89, 0x18, 0x83, 
	0x02, 0x06, 0x00, 0x02, 0x02, 0x03, 0x7B, 0x1A, 0x00, 0x82, 0x02, 0x80, 0x00, 0x80, 0x05, 0x04, 
	0x13, 0x2F, 0x0E, 0x0E, 0x05, 0x07, 0x05, 0x0E, 0x0E, 0x2F, 0x0E, 0x0E, 0x0C, 0x05, 0x81, 0x00, 
	0x82, 0x02, 0x07, 0x28, 0x2C, 0x06, 0x28, 0x02, 0x04, 0x0B, 0x00, 0x86, 0x02, 0x00, 0x00, 0x81, 
	0x02, 0x83, 0x00, 0x8D, 0x02, 0x80, 0x00, 0x82, 0x02, 0x07, 0xC3, 0x5B, 0x02, 0x02, 0x0A, 0xD4, 
	0xD5, 0x2A, 0x80, 0x02, 0x00, 0x00, 0x86, 0x02, 0x83, 0x00, 0x02, 0x02, 0x02, 0x04, 0x81, 0x02, 
	0x81, 0x00, 0x01, 0x02, 0x02, 0x80, 0x0A, 0x01, 0x02, 0x02, 0x82, 0x00, 0x80, 0x02, 0x01, 0x0A, 
	0x0A, 0x85, 0x02, 0x82, 0x00, 0x81, 0x02, 0x04, 0x00, 0x00, 0x02, 0x02, 0x0A, 0x82, 0x02, 0x01, 
	0x00, 0x00, 0x81, 0x02, 0x81, 0x00, 0x02, 0x02, 0x04, 0x04, 0x81, 0x02, 0x02, 0x04, 0x02, 0x0A, 
	0x81, 0x02, 0x83, 0x00, 0x84, 0x02, 0x04, 0x7F, 0xAA, 0xAA, 0x76, 0x04, 0x83, 0x02, 0x81, 0x00, 
	0x04, 0x7F, 0x85, 0xAB, 0x1A, 0x03, 0x81, 0x00, 0x82, 0x02, 0x04, 0x19, 0x88, 0x85, 0x7B, 0x04, 
	0x8E, 0x02, 0x00, 0x00, 0x9E, 0x02, 0x12, 0x00, 0x00, 0x3C, 0x81, 0x6F, 0x80, 0x80, 0x18, 0x18, 
	0x07, 0x08, 0x18, 0x00, 0x37, 0x08, 0x70, 0x80, 0x18, 0x01, 0x81, 0x02, 0x07, 0x08, 0x03, 0x03, 
	0x18, 0x19, 0x79, 0x34, 0x00, 0x80, 0x02, 0x82, 0x00, 0x80, 0x05, 0x04, 0x13, 0x2F, 0x0E, 0x0E, 
	0x05, 0x07, 0x05, 0x13, 0x0E, 0x2F, 0x13, 0x0E, 0x0E, 0x05, 0x81, 0x00, 0x81, 0x02, 0x30, 0x00, 
	0x64, 0xC5, 0x02, 0xCF, 0x2A, 0x66, 0xC5, 0x02, 0xCA, 0x5A, 0x59, 0xC5, 0x02, 0xC2, 0x5B, 0x2D, 
	0xC5, 0x02, 0x65, 0x63, 0x04, 0xC2, 0x00, 0x59, 0x5E, 0x00, 0x0B, 0x02, 0x44, 0x63, 0x06, 0x60, 
	0x2C, 0x12, 0x60, 0x02, 0x44, 0x44, 0x02, 0x59, 0x10, 0x11, 0x2D, 0x00, 0x1E, 0x0B, 0x00, 0x11, 
	0x80, 0x02, 0x08, 0x59, 0xD4, 0xCA, 0x02, 0x0A, 0x0A, 0xD5, 0xD5, 0x2B, 0x80, 0x02, 0x01, 0x00, 
	0x00, 0x85, 0x02, 0x83, 0x00, 0x02, 0x02, 0x02, 0x04, 0x81, 0x02, 0x81, 0x00, 0x85, 0x02, 0x81, 
	0x00, 0x03, 0x02, 0x02, 0x0A, 0x0A, 0x86, 0x02, 0x81, 0x00, 0x80, 0x02, 0x06, 0x0A, 0x02, 0x00, 
	0x00, 0x02, 0x02, 0x0A, 0x81, 0x02, 0x81, 0x00, 0x81, 0x02, 0x81, 0x00, 0x88, 0x02, 0x84, 0x00, 
	0x85, 0x02, 0x03, 0x53, 0x7F, 0x7E, 0x4C, 0x81, 0x02, 0x01, 0x00, 0x00, 0x80, 0x02, 0x08, 0x00, 
	0x00, 0x53, 0x76, 0x7A, 0x87, 0x87, 0x7E, 0x00, 0x80, 0x02, 0x00, 0x00, 0x80, 0x02, 0x04, 0x19, 
	0xAB, 0xA8, 0x7A, 0x04, 0x81, 0x02, 0x01, 0x00, 0x00, 0x8B, 0x02, 0x01, 0x06, 0x06, 0x83, 0x02, 
	0x00, 0x00, 0x81, 0x02, 0x30, 0x03, 0x04, 0x02, 0x0F, 0x06, 0x19, 0x23, 0x06, 0x4B, 0x0F, 0x26, 
	0x4F, 0x06, 0x52, 0x26, 0x0F, 0x56, 0x00, 0x52, 0x52, 0x3E, 0x81, 0x6F, 0x80, 0x80, 0x34, 0x7B, 
	0x33, 0x3E, 0x71, 0x19, 0x7B, 0x3D, 0x79, 0x80, 0x18, 0x71, 0x1B, 0x02, 0x02, 0x01, 0x7B, 0x33, 
	0x1B, 0x71, 0x19, 0x7B, 0x34, 0x00, 0x81, 0x02, 0x81, 0x00, 0x00, 0x05, 0x80, 0x13, 0x03, 0x24, 
	0x0E, 0x0E, 0x05, 0x07, 0x05, 0x13, 0x0E, 0x2F, 0x13, 0x0C, 0x17, 0x05, 0x81, 0x00, 0x84, 0x02, 
	0x68, 0x00, 0x04, 0x02, 0x0B, 0x12, 0x02, 0x2B, 0x12, 0x11, 0x44, 0x02, 0x59, 0x29, 0x1E, 0x60, 
	0x02, 0x5B, 0x5A, 0x02, 0x64, 0x00, 0x59, 0x5D, 0x00, 0x10, 0x02, 0x5A, 0x97, 0x02, 0xC2, 0x5E, 
	0x28, 0xC7, 0x0B, 0x66, 0x66, 0x02, 0xCF, 0x2D, 0x5E, 0xC7, 0x00, 0xC5, 0x63, 0x11, 0xCF, 0x04, 
	0x2C, 0x59, 0x04, 0xC1, 0x59, 0x5E, 0x97, 0x44, 0xD5, 0xD5, 0x2B, 0xC5, 0x28, 0x2C, 0xC2, 0x00, 
	0x63, 0x60, 0x04, 0x97, 0x2C, 0x2C, 0x64, 0x06, 0x5E, 0x5A, 0x00, 0x60, 0x12, 0x1E, 0x60, 0x04, 
	0x44, 0x5D, 0x04, 0x5D, 0x2A, 0x0B, 0x5D, 0x00, 0x28, 0x44, 0x02, 0x2A, 0x28, 0x02, 0x2A, 0x0B, 
	0x0D, 0x21, 0x02, 0x1C, 0x0D, 0x02, 0x1C, 0x0D, 0x0A, 0x1C, 0x81, 0x02, 0x07, 0x0D, 0x0D, 0x06, 
	0x0A, 0x00, 0x00, 0x02, 0x00, 0x80, 0x02, 0x00, 0x0A, 0x81, 0x02, 0x05, 0x0A, 0x0A, 0x04, 0x04, 
	0x02, 0x02, 0x81, 0x00, 0x82, 0x02, 0x80, 0x00, 0x01, 0x02, 0x04, 0x81, 0x0A, 0x04, 0x02, 0x02, 
	0x00, 0x02, 0x02, 0x81, 0x00, 0x80, 0x02, 0x00, 0x04, 0x80, 0x0A, 0x03, 0x02, 0x36, 0x4D, 0x0F, 
	0x81, 0x02, 0x01, 0x38, 0x4F, 0x83, 0x02, 0x08, 0x00, 0x00, 0x02, 0x02, 0x06, 0x03, 0x87, 0xA7, 
	0x7F, 0x80, 0x02, 0x0F, 0x39, 0x39, 0x00, 0x02, 0x02, 0x07, 0x53, 0x4D, 0x38, 0x02, 0x06, 0x37, 
	0x36, 0x00, 0x4D, 0x1A, 0x80, 0x02, 0x32, 0x3D, 0x3D, 0x02, 0x53, 0x25, 0x25, 0x7A, 0x02, 0x53, 
	0x56, 0x02, 0x7D, 0x38, 0x25, 0xA4, 0x02, 0x7D, 0x56, 0x02, 0xB5, 0x38, 0x4F, 0xA0, 0x06, 0xA0, 
	0x52, 0x19, 0xB6, 0x02, 0x7C, 0x7C, 0x03, 0xA5, 0x23, 0x52, 0xA0, 0x02, 0xA0, 0x4F, 0x19, 0xA0, 
	0x00, 0x56, 0x56, 0x37, 0x6E, 0x3B, 0x6D, 0x6D, 0x07, 0x07, 0x80, 0x03, 0x07, 0x06, 0x36, 0x01, 
	0x3B, 0x3B, 0x07, 0x33, 0x09, 0x80, 0x02, 0x05, 0x08, 0x03, 0x02, 0x01, 0x02, 0x07, 0x84, 0x02, 
	0x80, 0x00, 0x07, 0x05, 0x0C, 0x13, 0x14, 0x24, 0x0E, 0x0E, 0x05, 0x07, 0x05, 0x0E, 0x0E, 0x24, 
	0x13, 0x0E, 0x0E, 0x05, 0x81, 0x00, 0x81, 0x02, 0x04, 0x00, 0x02, 0x02, 0x00, 0x00, 0x84, 0x02, 
	0x00, 0x00, 0x81, 0x02, 0x02, 0x04, 0x02, 0x02, 0x84, 0x00, 0x8C, 0x02, 0x42, 0x00, 0x02, 0x00, 
	0x11, 0x0B, 0x00, 0x28, 0x00, 0x0B, 0x10, 0x02, 0x02, 0x0A, 0x65, 0xCB, 0x5E, 0xC3, 0xC7, 0x28, 
	0x66, 0x12, 0x29, 0x66, 0x00, 0x5E, 0x5E, 0x02, 0x66, 0x2B, 0x2B, 0x97, 0x02, 0x63, 0x60, 0x02, 
	0x98, 0x28, 0x2A, 0xC6, 0x02, 0x60, 0x66, 0x04, 0x98, 0x5A, 0x1E, 0xC5, 0x0B, 0x5E, 0x97, 0x00, 
	0x64, 0x60, 0x00, 0x98, 0x2A, 0x46, 0x99, 0x0A, 0x49, 0x61, 0x02, 0x96, 0x46, 0x1C, 0x9A, 0x0A, 
	0x80, 0x02, 0x2A, 0x8D, 0x49, 0x02, 0x8E, 0x45, 0x21, 0x90, 0x0A, 0x02, 0x02, 0x0A, 0x8F, 0x49, 
	0x0A, 0x8E, 0x1C, 0x41, 0x8E, 0x0A, 0x48, 0x49, 0x02, 0x49, 0x41, 0x0D, 0x8D, 0x02, 0x41, 0x8F, 
	0x02, 0x49, 0x48, 0x02, 0x92, 0x43, 0x0F, 0x38, 0x0C, 0x54, 0x92, 0x02, 0x9F, 0x7C, 0x80, 0x00, 
	0x0D, 0x26, 0xB9, 0x03, 0x00, 0x02, 0x04, 0x92, 0x54, 0x0A, 0x54, 0x24, 0x7A, 0xA7, 0x36, 0x81, 
	0x02, 0x02, 0x7E, 0xAF, 0x03, 0x82, 0x02, 0x00, 0x00, 0x81, 0x02, 0x03, 0x03, 0x87, 0xA7, 0x7F, 
	0x80, 0x02, 0x02, 0x7B, 0x7F, 0x00, 0x84, 0x02, 0x05, 0x06, 0x3E, 0x37, 0x01, 0x7A, 0x36, 0x80, 
	0x02, 0x1B, 0x3D, 0x3D, 0x02, 0x53, 0x25, 0x25, 0x7A, 0x03, 0x52, 0x53, 0x06, 0x56, 0x27, 0x19, 
	0x56, 0x02, 0x4F, 0x38, 0x02, 0x4F, 0x0F, 0x0F, 0x26, 0x06, 0x23, 0x0F, 0x06, 0x07, 0x82, 0x02, 
	0x03, 0x06, 0x06, 0x02, 0x02, 0x82, 0x00, 0x80, 0x02, 0x81, 0x00, 0x86, 0x02, 0x80, 0x00, 0x8D, 
	0x02, 0x81, 0x00, 0x07, 0x0C, 0x05, 0x17, 0x14, 0x1F, 0x0C, 0x0E, 0x05, 0x07, 0x05, 0x13, 0x13, 
	0x1F, 0x14, 0x05, 0x0C, 0x05, 0x81, 0x00, 0x07, 0x02, 0x02, 0x00, 0x00, 0x02, 0x02, 0x00, 0x00, 
	0x88, 0x02, 0x04, 0x04, 0x02, 0x04, 0x02, 0x02, 0x83, 0x00, 0x8D, 0x02, 0x85, 0x00, 0x83, 0x02, 
	0x80, 0x04, 0x83, 0x02, 0x81, 0x00, 0x89, 0x02, 0x01, 0x00, 0x00, 0x80, 0x02, 0x80, 0x0A, 0x02, 
	0x04, 0x02, 0x02, 0x81, 0x00, 0x0B, 0x02, 0x02, 0x0A, 0x0D, 0x02, 0x0A, 0x0A, 0x02, 0x0A, 0x02, 
	0x00, 0x0D, 0x81, 0x02, 0x06, 0x1C, 0x1C, 0x00, 0x22, 0x0D, 0x0D, 0x21, 0x81, 0x02, 0x24, 0x21, 
	0x21, 0x0A, 0x41, 0x0D, 0x1C, 0x41, 0x02, 0x21, 0x21, 0x02, 0x41, 0x1C, 0x02, 0x45, 0x02, 0x20, 
	0x41, 0x02, 0x21, 0x21, 0x02, 0x51, 0x24, 0x0A, 0x23, 0x0A, 0x26, 0x51, 0x02, 0x4B, 0x4B, 0x00, 
	0x00, 0x02, 0x16, 0x56, 0x80, 0x02, 0x08, 0x04, 0x43, 0x26, 0x0A, 0x26, 0x0F, 0x39, 0x7A, 0x19, 
	0x81, 0x02, 0x02, 0x39, 0x53, 0x00, 0x88, 0x02, 0x02, 0x4D, 0x4D, 0x39, 0x80, 0x02, 0x01, 0x07, 
	0x07, 0x85, 0x02, 0x00, 0x06, 0x88, 0x02, 0x06, 0x00, 0x02, 0x02, 0x04, 0x02, 0x06, 0x04, 0xA9, 
	0x02, 0x03, 0x04, 0x04, 0x02, 0x06, 0x81, 0x00, 0x03, 0x02, 0x00, 0x02, 0x00, 0x87, 0x02, 0x82, 
	0x00, 0x07, 0x05, 0x05, 0x17, 0x16, 0x1F, 0x0E, 0x0E, 0x05, 0x07, 0x05, 0x13, 0x13, 0x1F, 0x16, 
	0x0E, 0x13, 0x17, 0x81, 0x00, 0x01, 0x02, 0x02, 0x80, 0x00, 0x16, 0x2C, 0xC2, 0x02, 0x66, 0x2B, 
	0x2B, 0x63, 0x02, 0x5E, 0x2C, 0x11, 0x5E, 0x02, 0x2C, 0x29, 0x04, 0x2C, 0x06, 0x10, 0x10, 0x00, 
	0x02, 0x00, 0x90, 0x02, 0x82, 0x00, 0x86, 0x02, 0x01, 0x04, 0x04, 0x84, 0x02, 0x83, 0x00, 0x86, 
	0x02, 0x81, 0x00, 0x84, 0x02, 0x81, 0x00, 0x86, 0x02, 0x80, 0x00, 0x82, 0x02, 0x81, 0x00, 0x85, 
	0x02, 0x02, 0x04, 0x0A, 0x04, 0x83, 0x02, 0x84, 0x00, 0x82, 0x02, 0x00, 0x0A, 0x80, 0x02, 0x00, 
	0x04, 0x80, 0x02, 0x04, 0x00, 0x00, 0x02, 0x02, 0x00, 0x82, 0x02, 0x00, 0x04, 0x80, 0x02, 0x00, 
	0x00, 0xA3, 0x02, 0x00, 0x06, 0x84, 0x02, 0x00, 0x00, 0x82, 0x02, 0x00, 0x04, 0x90, 0x02, 0x06, 
	0x06, 0x06, 0x04, 0x02, 0x04, 0x02, 0x06, 0x81, 0x02, 0x07, 0x00, 0x02, 0x00, 0x02, 0x02, 0x06, 
	0x02, 0x02, 0x81, 0x00, 0x16, 0x06, 0x07, 0x04, 0x08, 0x03, 0x04, 0x1A, 0x07, 0x1A, 0x36, 0x00, 
	0x3B, 0x08, 0x33, 0x37, 0x00, 0x3E, 0x18, 0x1A, 0x3E, 0x03, 0x7A, 0x33, 0x80, 0x02, 0x83, 0x00, 
	0x07, 0x17, 0x0C, 0x13, 0x16, 0x1F, 0x0E, 0x0E, 0x05, 0x07, 0x05, 0x0E, 0x13, 0x1F, 0x16, 0x0E, 
	0x13, 0x13, 0x81, 0x00, 0x82, 0x02, 0x3F, 0x2B, 0x66, 0x02, 0x65, 0x2C, 0x44, 0x98, 0x02, 0xC1, 
	0x5E, 0x28, 0xC5, 0x02, 0x98, 0x63, 0x12, 0xCF, 0x04, 0xC2, 0xC2, 0x02, 0xCF, 0x12, 0x63, 0xC5, 
	0x02, 0xC5, 0x2C, 0x44, 0xC3, 0x02, 0x65, 0x5E, 0x0B, 0xC3, 0x02, 0x5D, 0x64, 0x02, 0x98, 0x2B, 
	0x2A, 0x66, 0x02, 0x5E, 0x44, 0x00, 0x60, 0x02, 0x2C, 0x59, 0x02, 0x59, 0x28, 0x0B, 0x2B, 0x06, 
	0x11, 0x1E, 0x04, 0x12, 0x0B, 0x0A, 0x10, 0x80, 0x02, 0x81, 0x00, 0x80, 0x02, 0x00, 0x0A, 0x82, 
	0x02, 0x81, 0x00, 0x03, 0x02, 0x04, 0x02, 0x04, 0x80, 0x02, 0x81, 0x00, 0x85, 0x02, 0x82, 0x00, 
	0x80, 0x02, 0x81, 0x00, 0x02, 0x02, 0x02, 0x0A, 0x83, 0x02, 0x03, 0x0A, 0x0A, 0x02, 0x02, 0x81, 
	0x00, 0x80, 0x02, 0x82, 0x00, 0x82, 0x02, 0x00, 0x0A, 0x83, 0x02, 0x81, 0x00, 0x8A, 0x02, 0x00, 
	0x00, 0x8E, 0x02, 0x80, 0x00, 0x82, 0x02, 0x00, 0x04, 0x86, 0x02, 0x04, 0x00, 0x02, 0x06, 0x04, 
	0x03, 0x80, 0x02, 0x83, 0x00, 0x42, 0x02, 0x03, 0x04, 0x03, 0x03, 0x04, 0x07, 0x06, 0x03, 0x19, 
	0x00, 0x23, 0x0F, 0x02, 0x4F, 0x03, 0x26, 0x4C, 0x00, 0x50, 0x27, 0x0F, 0x56, 0x04, 0x52, 0x50, 
	0x03, 0x7C, 0x07, 0x52, 0x56, 0x00, 0x7C, 0x38, 0x23, 0x7D, 0x06, 0x7D, 0x52, 0x08, 0xA4, 0x03, 
	0x3E, 0x3D, 0x03, 0x7A, 0x08, 0x3E, 0x33, 0x03, 0x7B, 0x19, 0x3E, 0x75, 0x01, 0x7B, 0x1A, 0x3B, 
	0x3E, 0x00, 0x71, 0x18, 0x1A, 0x3E, 0x02, 0x3E, 0x1A, 0x81, 0x02, 0x82, 0x00, 0x07, 0x05, 0x05, 
	0x0C, 0x15, 0x1F, 0x0E, 0x0E, 0x05, 0x07, 0x05, 0x13, 0x13, 0x1F, 0x15, 0x05, 0x0C, 0x17, 0x81, 
	0x00, 0x83, 0x02, 0x00, 0x00, 0x8A, 0x02, 0x67, 0x00, 0x02, 0x00, 0x10, 0x11, 0x02, 0x2A, 0x04, 
	0x29, 0x44, 0x02, 0x5D, 0x1E, 0x28, 0x60, 0x02, 0x5E, 0x59, 0x0B, 0x66, 0x02, 0x5D, 0x63, 0x02, 
	0xC3, 0x2C, 0x44, 0xC3, 0x06, 0xC2, 0x60, 0x00, 0xCF, 0x0B, 0x66, 0xC5, 0x02, 0xC7, 0x63, 0x2A, 
	0xCF, 0x02, 0x65, 0xC3, 0x04, 0xCE, 0x5A, 0x2C, 0xCF, 0x04, 0x65, 0xC2, 0x00, 0xC3, 0x59, 0x28, 
	0xC3, 0x02, 0x65, 0x97, 0x0A, 0xC8, 0x5B, 0x06, 0x02, 0x00, 0x5E, 0x64, 0x00, 0x66, 0x59, 0x0B, 
	0xC2, 0x0B, 0x59, 0x64, 0x00, 0x60, 0x5D, 0x00, 0x02, 0x02, 0x2C, 0x64, 0x0A, 0x5D, 0x5D, 0x02, 
	0x5D, 0x2C, 0x02, 0x5D, 0x00, 0x00, 0x02, 0x02, 0x41, 0x21, 0x02, 0x42, 0x20, 0x0D, 0x42, 0x0A, 
	0x80, 0x02, 0x25, 0x22, 0x22, 0x0A, 0x21, 0x0D, 0x0D, 0x21, 0x00, 0x1C, 0x1C, 0x02, 0x22, 0x0D, 
	0x02, 0x21, 0x02, 0x0D, 0x20, 0x02, 0x20, 0x20, 0x0A, 0x26, 0x1C, 0x04, 0x0A, 0x02, 0x23, 0x26, 
	0x00, 0x4B, 0x4B, 0x00, 0x02, 0x02, 0x26, 0x56, 0x16, 0x84, 0x02, 0x07, 0x27, 0x4D, 0x19, 0x03, 
	0x00, 0x02, 0x02, 0x00, 0x80, 0x02, 0x13, 0x0F, 0x7E, 0xAF, 0x75, 0x6E, 0x37, 0x02, 0x53, 0x7F, 
	0x7F, 0x7E, 0x00, 0x00, 0x02, 0x3E, 0x78, 0x36, 0x7A, 0x76, 0x04, 0x83, 0x02, 0x45, 0x06, 0x00, 
	0x76, 0x3D, 0x08, 0x7B, 0x1A, 0x02, 0x02, 0x00, 0x76, 0x4D, 0x00, 0x7E, 0x39, 0x36, 0x7A, 0x03, 
	0x7D, 0x7D, 0x03, 0xB9, 0x38, 0x50, 0xB6, 0x00, 0xA0, 0x56, 0x02, 0xB9, 0x23, 0x56, 0xA4, 0x00, 
	0xA0, 0x4C, 0x23, 0xA3, 0x03, 0x7D, 0x56, 0x03, 0xA0, 0x07, 0x52, 0x56, 0x02, 0x56, 0x26, 0x19, 
	0x52, 0x06, 0x4F, 0x38, 0x03, 0x4F, 0x00, 0x19, 0x19, 0x02, 0x18, 0x06, 0x08, 0x03, 0x06, 0x03, 
	0x06, 0x03, 0x03, 0x02, 0x85, 0x00, 0x85, 0x02, 0x82, 0x00, 0x07, 0x0C, 0x0C, 0x05, 0x1F, 0x1F, 
	0x0E, 0x0E, 0x05, 0x07, 0x05, 0x13, 0x0E, 0x1F, 0x1F, 0x0E, 0x13, 0x17, 0x81, 0x00, 0x80, 0x02, 
	0x00, 0x00, 0x80, 0x02, 0x80, 0x00, 0x86, 0x02, 0x81, 0x00, 0x81, 0x02, 0x00, 0x04, 0x81, 0x02, 
	0x01, 0x00, 0x00, 0x8A, 0x02, 0x04, 0x04, 0x02, 0x02, 0x00, 0x00, 0x85, 0x02, 0x3F, 0x11, 0x02, 
	0x11, 0x1E, 0x02, 0x2A, 0x10, 0x0B, 0x59, 0x04, 0x2A, 0x2C, 0x00, 0x5D, 0x29, 0x11, 0x5E, 0x02, 
	0x5A, 0x5B, 0x0A, 0xC6, 0x64, 0xC8, 0x5A, 0x00, 0x59, 0x60, 0x02, 0x66, 0x59, 0x0B, 0xC2, 0x0B, 
	0x5D, 0x66, 0x02, 0x64, 0x60, 0x00, 0x02, 0x02, 0x44, 0xC3, 0x0A, 0x64, 0x64, 0x02, 0x97, 0x5A, 
	0x0B, 0x98, 0x02, 0x00, 0x02, 0x00, 0x49, 0x49, 0x02, 0x8E, 0x46, 0x21, 0x90, 0x0A, 0x80, 0x02, 
	0x1F, 0x8F, 0x49, 0x0A, 0x8E, 0x22, 0x41, 0x8E, 0x00, 0x48, 0x49, 0x02, 0x8E, 0x46, 0x0D, 0x8E, 
	0x0D, 0x46, 0x8D, 0x02, 0x8D, 0x49, 0x0A, 0x92, 0x43, 0x0A, 0x27, 0x00, 0x55, 0xA2, 0x00, 0xA0, 
	0xA0, 0x80, 0x02, 0x02, 0x52, 0xBC, 0x26, 0x84, 0x02, 0x1E, 0x25, 0x53, 0x25, 0x07, 0x00, 0x00, 
	0x02, 0x00, 0x00, 0x02, 0x02, 0x19, 0xAD, 0xAC, 0x79, 0x6E, 0x33, 0x02, 0x7B, 0x85, 0x86, 0x84, 
	0x00, 0x00, 0x02, 0x76, 0x82, 0x37, 0x76, 0x76, 0x04, 0x84, 0x02, 0x25, 0x00, 0x3D, 0x36, 0x03, 
	0x3E, 0x19, 0x02, 0x02, 0x00, 0x39, 0x36, 0x00, 0x39, 0x19, 0x19, 0x38, 0x04, 0x25, 0x25, 0x02, 
	0x26, 0x0F, 0x0F, 0x23, 0x00, 0x07, 0x03, 0x06, 0x03, 0x02, 0x02, 0x00, 0x02, 0x00, 0x02, 0x02, 
	0x06, 0x02, 0x81, 0x06, 0x91, 0x02, 0x00, 0x00, 0x89, 0x02, 0x01, 0x00, 0x00, 0x86, 0x02, 0x80, 
	0x00, 0x00, 0x03, 0x80, 0x17, 0x04, 0x1F, 0x1F, 0x0E, 0x13, 0x05, 0x07, 0x05, 0x0E, 0x0E, 0x1F, 
	0x1F, 0x0E, 0x0E, 0x17, 0x81, 0x00, 0x80, 0x02, 0x07, 0x00, 0x02, 0x02, 0x12, 0x00, 0x02, 0x02, 
	0x00, 0x84, 0x02, 0x82, 0x00, 0xA5, 0x02, 0x00, 0x00, 0x86, 0x02, 0x0C, 0x00, 0x02, 0x02, 0x00, 
	0x00, 0x02, 0x5A, 0x97, 0x97, 0x98, 0xD4, 0x63, 0x00, 0x84, 0x02, 0x03, 0x04, 0x02, 0x0A, 0x04, 
	0x80, 0x02, 0x07, 0x5A, 0xC1, 0x65, 0x5A, 0x59, 0x2C, 0x0A, 0x02, 0x83, 0x00, 0x08, 0x02, 0x00, 
	0x02, 0x02, 0x04, 0x0A, 0x0A, 0x02, 0x0A, 0x81, 0x02, 0x30, 0x0A, 0x0A, 0x00, 0x02, 0x00, 0x02, 
	0x0A, 0x02, 0x0A, 0x0A, 0x02, 0x0D, 0x0A, 0x02, 0x0D, 0x02, 0x0A, 0x0D, 0x02, 0x0D, 0x0A, 0x02, 
	0x1D, 0x0D, 0x02, 0x02, 0x00, 0x03, 0x0F, 0x00, 0x0F, 0x0F, 0x04, 0x02, 0x06, 0x0F, 0x38, 0x0F, 
	0x56, 0x4C, 0x02, 0x7D, 0x52, 0x02, 0x02, 0x19, 0x38, 0x19, 0x53, 0x80, 0x7F, 0x0F, 0x7D, 0x19, 
	0x02, 0x02, 0x03, 0x4D, 0x4D, 0x36, 0x1A, 0x03, 0x02, 0x4D, 0x82, 0x83, 0x82, 0x00, 0x80, 0x02, 
	0x04, 0x03, 0x06, 0x04, 0x02, 0x04, 0x92, 0x02, 0x0B, 0x06, 0x06, 0x02, 0x06, 0x02, 0x02, 0x06, 
	0x02, 0x06, 0x02, 0x06, 0x06, 0x84, 0x02, 0x00, 0x06, 0x80, 0x02, 0x04, 0x00, 0x06, 0x02, 0x06, 
	0x06, 0x91, 0x02, 0x03, 0x00, 0x02, 0x06, 0x00, 0x81, 0x06, 0x01, 0x02, 0x02, 0x82, 0x00, 0x03, 
	0x01, 0x02, 0x08, 0x06, 0x82, 0x02, 0x80, 0x00, 0x08, 0x05, 0x17, 0x0C, 0x17, 0x1F, 0x15, 0x0E, 
	0x0E, 0x05, 0x08, 0x05, 0x0E, 0x0E, 0x15, 0x1F, 0x0C, 0x17, 0x17, 0x05, 0x80, 0x00, 0x80, 0x02, 
	0x16, 0x00, 0x02, 0x28, 0xCF, 0x02, 0xC2, 0x63, 0x28, 0xCE, 0x02, 0x65, 0x64, 0x0B, 0xC3, 0x02, 
	0x63, 0x63, 0x00, 0x65, 0x0B, 0x5B, 0x63, 0x04, 0x87, 0x02, 0x02, 0x0B, 0x04, 0x00, 0x81, 0x02, 
	0x01, 0x00, 0x00, 0x80, 0x02, 0x02, 0x06, 0x04, 0x04, 0x89, 0x02, 0x81, 0x00, 0x86, 0x02, 0x80, 
	0x00, 0x0A, 0xC6, 0xD6, 0xD6, 0xC6, 0x00, 0xCA, 0xC2, 0x02, 0x04, 0x02, 0x04, 0x82, 0x02, 0x00, 
	0x04, 0x80, 0x0B, 0x08, 0x66, 0xC8, 0xD4, 0xD4, 0xD5, 0xD5, 0xD4, 0x0A, 0x02, 0x82, 0x00, 0x8D, 
	0x02, 0x80, 0x00, 0x92, 0x02, 0x81, 0x00, 0x85, 0x02, 0x04, 0xAF, 0x7D, 0x02, 0xAF, 0x7D, 0x82, 
	0x02, 0x00, 0x7E, 0x80, 0xAA, 0x06, 0xA7, 0x1A, 0x00, 0x02, 0x02, 0x06, 0x06, 0x80, 0x04, 0x06, 
	0x19, 0x08, 0x1A, 0x37, 0x36, 0x00, 0x00, 0xA3, 0x02, 0x00, 0x06, 0x80, 0x02, 0x07, 0x00, 0x02, 
	0x02, 0x06, 0x04, 0x04, 0x06, 0x02, 0x81, 0x00, 0x02, 0x02, 0x02, 0x06, 0x86, 0x02, 0x1C, 0x06, 
	0x04, 0x06, 0x02, 0x36, 0x19, 0x09, 0x3D, 0x00, 0x3D, 0x36, 0x03, 0x7A, 0x07, 0x1A, 0x1A, 0x08, 
	0x7B, 0x18, 0x3E, 0x3E, 0x07, 0x7B, 0x08, 0x3B, 0x71, 0x07, 0x7B, 0x08, 0x81, 0x02, 0x81, 0x00, 
	0x08, 0x05, 0x13, 0x0E, 0x0E, 0x1F, 0x16, 0x0E, 0x0E, 0x05, 0x08, 0x05, 0x0E, 0x0E, 0x16, 0x1F, 
	0x0C, 0x0E, 0x0E, 0x05, 0x80, 0x00, 0x02, 0x02, 0x00, 0x00, 0x80, 0x02, 0x12, 0x28, 0x02, 0x28, 
	0x12, 0x0B, 0x5A, 0x02, 0x5A, 0x59, 0x02, 0x63, 0x02, 0x5B, 0x5E, 0x02, 0x65, 0x0B, 0x60, 0x65, 
	0x88, 0x02, 0x23, 0x1E, 0x1E, 0x02, 0xCF, 0x11, 0x5D, 0xC3, 0x00, 0xC3, 0x59, 0x10, 0xC5, 0x0B, 
	0x66, 0x60, 0x04, 0xC3, 0x28, 0x59, 0x64, 0x06, 0x60, 0x5A, 0x04, 0x66, 0x04, 0x59, 0x5E, 0x00, 
	0x5E, 0x29, 0x04, 0x5E, 0x02, 0x2C, 0x59, 0x81, 0x02, 0x0A, 0x00, 0xC8, 0xD4, 0xD4, 0xD5, 0x65, 
	0x5F, 0x02, 0x59, 0xC1, 0xCA, 0x86, 0x02, 0x0C, 0xC5, 0xD4, 0xC7, 0x98, 0x97, 0x5B, 0x97, 0xC7, 
	0xD1, 0xCA, 0x10, 0x0B, 0x02, 0x81, 0x00, 0x8C, 0x02, 0x83, 0x00, 0x81, 0x02, 0x00, 0x00, 0x87, 
	0x02, 0x85, 0x00, 0x85, 0x02, 0x06, 0x23, 0x0F, 0x02, 0x52, 0x39, 0x0F, 0x23, 0x80, 0x0F, 0x00, 
	0x4D, 0x80, 0x76, 0x01, 0x7A, 0x08, 0x80, 0x00, 0x0C, 0x08, 0x08, 0x02, 0x08, 0x19, 0x3D, 0x19, 
	0x02, 0x00, 0x00, 0x3D, 0x37, 0x00, 0x86, 0x02, 0x09, 0x08, 0x03, 0x02, 0x04, 0x04, 0x08, 0x03, 
	0x00, 0x08, 0x00, 0x80, 0x02, 0x25, 0x19, 0x08, 0x06, 0x1A, 0x03, 0x19, 0x36, 0x02, 0x38, 0x26, 
	0x00, 0x52, 0x03, 0x26, 0x55, 0x04, 0x56, 0x38, 0x03, 0x7C, 0x00, 0x52, 0x56, 0x04, 0xA0, 0x38, 
	0x27, 0x7C, 0x00, 0x7D, 0x52, 0x0F, 0xB5, 0x03, 0x02, 0x02, 0x07, 0x07, 0x81, 0x02, 0x1D, 0x03, 
	0x6D, 0x6D, 0x07, 0x02, 0x71, 0x37, 0x18, 0x7A, 0x01, 0x76, 0x37, 0x01, 0x7A, 0x09, 0x33, 0x33, 
	0x09, 0x71, 0x08, 0x37, 0x3A, 0x03, 0x37, 0x03, 0x19, 0x1A, 0x00, 0x1B, 0x00, 0x80, 0x02, 0x82, 
	0x00, 0x08, 0x05, 0x17, 0x0E, 0x0E, 0x24, 0x16, 0x0E, 0x0E, 0x05, 0x08, 0x05, 0x0E, 0x0E, 0x15, 
	0x24, 0x0E, 0x0E, 0x13, 0x05, 0x80, 0x00, 0x89, 0x02, 0x85, 0x00, 0x85, 0x02, 0x07, 0x63, 0xC4, 
	0xC1, 0xC4, 0xC6, 0x5A, 0xC2, 0x5D, 0x80, 0x02, 0x31, 0x2C, 0x02, 0x28, 0x5F, 0x00, 0x5E, 0x29, 
	0x04, 0x63, 0x02, 0x60, 0x5D, 0x04, 0x98, 0x28, 0x5D, 0x98, 0x02, 0x64, 0x5E, 0x0B, 0xC5, 0x0B, 
	0x63, 0xC2, 0x00, 0xC3, 0x5E, 0x11, 0xCF, 0x10, 0x66, 0xC3, 0x04, 0x02, 0x04, 0x0A, 0x02, 0xCB, 
	0xD4, 0xC8, 0xCB, 0x0B, 0x02, 0x02, 0x06, 0xC4, 0xD4, 0x04, 0x06, 0x83, 0x02, 0x05, 0x04, 0xCA, 
	0xD6, 0xCB, 0x04, 0x02, 0x81, 0x00, 0x05, 0x5E, 0xD4, 0xD4, 0xD1, 0xC2, 0x00, 0x82, 0x02, 0x07, 
	0x48, 0x48, 0x0A, 0x49, 0x41, 0x1C, 0x49, 0x0A, 0x80, 0x02, 0x1F, 0x42, 0x41, 0x00, 0x46, 0x0D, 
	0x1C, 0x46, 0x02, 0x21, 0x41, 0x02, 0x46, 0x21, 0x0A, 0x46, 0x0D, 0x21, 0x42, 0x0A, 0x43, 0x43, 
	0x00, 0x54, 0x27, 0x02, 0x25, 0x02, 0x26, 0x50, 0x00, 0x52, 0x52, 0x80, 0x02, 0x02, 0x38, 0xA0, 
	0x26, 0x82, 0x02, 0x05, 0x4B, 0x7D, 0x4C, 0x3D, 0x1A, 0x07, 0x80, 0x02, 0x81, 0x00, 0x0E, 0x39, 
	0xAB, 0x7E, 0x08, 0xAF, 0xAB, 0x36, 0x04, 0x06, 0x02, 0x00, 0x77, 0x3E, 0x01, 0x00, 0x84, 0x02, 
	0x0A, 0x19, 0x87, 0x3D, 0x0F, 0x19, 0x03, 0x7B, 0x3D, 0x18, 0x7E, 0x19, 0x80, 0x02, 0x26, 0x7B, 
	0x53, 0x03, 0xAF, 0x36, 0x53, 0x7E, 0x00, 0x7D, 0x56, 0x00, 0xA4, 0x08, 0x4F, 0xA4, 0x03, 0x7D, 
	0x4F, 0x03, 0xA4, 0x03, 0x56, 0x56, 0x04, 0x7D, 0x26, 0x23, 0x55, 0x00, 0x52, 0x38, 0x07, 0x53, 
	0x06, 0x02, 0x08, 0x89, 0x78, 0x00, 0x80, 0x02, 0x06, 0x07, 0x80, 0x80, 0x07, 0x06, 0x03, 0x02, 
	0x83, 0x00, 0x8A, 0x02, 0x02, 0x00, 0x02, 0x00, 0x81, 0x02, 0x82, 0x00, 0x00, 0x05, 0x80, 0x13, 
	0x04, 0x2F, 0x16, 0x0E, 0x0E, 0x05, 0x08, 0x05, 0x0E, 0x0E, 0x14, 0x1F, 0x0E, 0x13, 0x13, 0x05, 
	0x80, 0x00, 0x02, 0x02, 0x02, 0x00, 0x80, 0x02, 0x00, 0x06, 0x83, 0x02, 0x84, 0x00, 0x84, 0x02, 
	0x08, 0x04, 0xC4, 0xD7, 0xD4, 0xD7, 0xD7, 0xC1, 0xD5, 0xC1, 0x80, 0x02, 0x81, 0x00, 0x01, 0x02, 
	0x00, 0x84, 0x02, 0x01, 0x04, 0x04, 0x85, 0x02, 0x85, 0x00, 0x13, 0x02, 0x0B, 0x04, 0x02, 0x0B, 
	0xCB, 0xC4, 0xCB, 0xD7, 0xC7, 0x44, 0x00, 0x02, 0x02, 0xC5, 0xCB, 0xC1, 0xC8, 0x60, 0x00, 0x80, 
	0x02, 0x07, 0x00, 0x00, 0x66, 0xC5, 0xC5, 0xC2, 0xC4, 0x65, 0x81, 0x00, 0x07, 0x59, 0xCA, 0xCA, 
	0xCB, 0xCA, 0x66, 0x10, 0x04, 0x80, 0x02, 0x2A, 0x49, 0x49, 0x0A, 0x8F, 0x42, 0x22, 0x8E, 0x0A, 
	0x02, 0x02, 0x00, 0x49, 0x48, 0x02, 0x49, 0x22, 0x21, 0x8D, 0x00, 0x46, 0x49, 0x02, 0x49, 0x41, 
	0x0D, 0x8D, 0x0D, 0x42, 0x8F, 0x0A, 0x54, 0x54, 0x00, 0xA2, 0x4E, 0x03, 0x4C, 0x02, 0x50, 0x9F, 
	0x02, 0x7C, 0x7C, 0x80, 0x02, 0x02, 0x52, 0xAE, 0x4C, 0x82, 0x02, 0x05, 0x4F, 0x7F, 0x4D, 0x82, 
	0x82, 0x39, 0x83, 0x02, 0x0E, 0x00, 0x39, 0x87, 0x7F, 0x07, 0x87, 0x87, 0x1A, 0x02, 0x02, 0x04, 
	0x02, 0x76, 0x3E, 0x1A, 0x81, 0x00, 0x81, 0x02, 0x0A, 0x08, 0x3E, 0x1A, 0x0A, 0x0F, 0x04, 0x36, 
	0x19, 0x01, 0x36, 0x03, 0x80, 0x02, 0x09, 0x19, 0x08, 0x02, 0x19, 0x06, 0x02, 0x03, 0x02, 0x00, 
	0x00, 0x82, 0x02, 0x02, 0x06, 0x02, 0x06, 0x86, 0x02, 0x81, 0x00, 0x81, 0x02, 0x02, 0x08, 0x80, 
	0x89, 0x81, 0x00, 0x05, 0x08, 0x80, 0x80, 0x07, 0x02, 0x06, 0x80, 0x02, 0x01, 0x00, 0x00, 0x94, 
	0x02, 0x81, 0x00, 0x00, 0x05, 0x80, 0x0E, 0x04, 0x24, 0x14, 0x05, 0x0C, 0x05, 0x08, 0x05, 0x0E, 
	0x0E, 0x14, 0x1F, 0x0C, 0x0E, 0x0E, 0x05, 0x81, 0x00, 0x81, 0x02, 0x0E, 0x04, 0xC1, 0x11, 0x5A, 
	0x5B, 0x02, 0x5E, 0x04, 0x2A, 0x2C, 0x00, 0x2D, 0x00, 0x04, 0x10, 0x82, 0x02, 0x0A, 0x2A, 0x59, 
	0x2B, 0xC6, 0xD6, 0xD4, 0xD6, 0xD6, 0x65, 0xD5, 0xC6, 0x81, 0x02, 0x01, 0x00, 0x00, 0x81, 0x02, 
	0x01, 0x00, 0x00, 0x8B, 0x02, 0x86, 0x00, 0x80, 0x02, 0x0E, 0x11, 0xD5, 0xD4, 0xCB, 0xD7, 0xD1, 
	0x00, 0x00, 0x02, 0x02, 0xD1, 0xD5, 0x67, 0xD4, 0x97, 0x82, 0x00, 0x07, 0x63, 0xD1, 0xC8, 0x0A, 
	0x65, 0xD6, 0xD4, 0x02, 0x80, 0x00, 0x07, 0x12, 0x44, 0x2B, 0x5E, 0xD5, 0xD5, 0x2D, 0x04, 0x89, 
	0x02, 0x81, 0x00, 0x81, 0x02, 0x81, 0x00, 0x81, 0x02, 0x81, 0x0A, 0x01, 0x02, 0x04, 0x80, 0x02, 
	0x01, 0x00, 0x00, 0x87, 0x02, 0x01, 0x06, 0x03, 0x83, 0x02, 0x05, 0x27, 0x4F, 0x25, 0x39, 0x3D, 
	0x19, 0x82, 0x02, 0x84, 0x00, 0x01, 0x02, 0x06, 0x80, 0x02, 0x06, 0x06, 0x03, 0x02, 0x03, 0x07, 
	0x08, 0x03, 0x80, 0x00, 0x80, 0x02, 0x00, 0x06, 0x99, 0x02, 0x80, 0x06, 0x03, 0x23, 0x04, 0x23, 
	0x0F, 0x82, 0x02, 0x80, 0x06, 0x81, 0x02, 0x0F, 0x18, 0x89, 0x89, 0x1B, 0x3A, 0x6D, 0x3B, 0x18, 
	0x81, 0x80, 0x03, 0x02, 0x06, 0x06, 0x02, 0x06, 0x82, 0x00, 0x0F, 0x02, 0x01, 0x01, 0x06, 0x08, 
	0x02, 0x19, 0x19, 0x07, 0x36, 0x02, 0x33, 0x33, 0x08, 0x3D, 0x00, 0x82, 0x02, 0x80, 0x00, 0x00, 
	0x05, 0x80, 0x0C, 0x04, 0x24, 0x14, 0x0E, 0x0E, 0x05, 0x08, 0x05, 0x0E, 0x0E, 0x14, 0x2F, 0x0E, 
	0x13, 0x13, 0x05, 0x81, 0x00, 0x81, 0x02, 0x0F, 0x0B, 0xC5, 0x28, 0x65, 0x65, 0x04, 0xC5, 0x12, 
	0x66, 0xC2, 0x00, 0xCF, 0x28, 0x63, 0xC5, 0x00, 0x81, 0x02, 0x0A, 0xC5, 0xD6, 0xD6, 0xD4, 0x11, 
	0x12, 0x2B, 0x2C, 0x28, 0x59, 0x29, 0x85, 0x02, 0x08, 0x2C, 0x1E, 0x00, 0x1E, 0x00, 0x0B, 0x04, 
	0x04, 0x02, 0x80, 0x04, 0x01, 0x02, 0x06, 0x81, 0x02, 0x86, 0x00, 0x80, 0x02, 0x10, 0x11, 0xD4, 
	0xCB, 0xCB, 0xD5, 0xC7, 0x00, 0x02, 0x02, 0x04, 0xD4, 0xD5, 0x5A, 0xCB, 0x65, 0x11, 0x0B, 0x80, 
	0x00, 0x12, 0xD1, 0xD6, 0xC8, 0x0A, 0x65, 0xD6, 0xD4, 0x02, 0x02, 0x00, 0x00, 0x63, 0xD5, 0xD4, 
	0x5E, 0xD5, 0xD5, 0x2D, 0x04, 0x89, 0x02, 0x81, 0x00, 0x81, 0x02, 0x81, 0x00, 0xA2, 0x02, 0x00, 
	0x06, 0x90, 0x02, 0x04, 0x06, 0x04, 0x02, 0x03, 0x03, 0x81, 0x00, 0x88, 0x02, 0x01, 0x06, 0x06, 
	0x83, 0x02, 0x05, 0x00, 0x02, 0x02, 0x00, 0x02, 0x02, 0x80, 0x06, 0x82, 0x02, 0x36, 0x04, 0x4C, 
	0xB9, 0x4F, 0xA4, 0xA0, 0x00, 0x07, 0x00, 0x02, 0x03, 0x04, 0x19, 0x07, 0x03, 0x25, 0x02, 0x02, 
	0x08, 0x89, 0x89, 0x3B, 0x3E, 0x89, 0x6E, 0x1B, 0x7B, 0x77, 0x03, 0x06, 0x3B, 0x19, 0x33, 0x3E, 
	0x02, 0x33, 0x19, 0x07, 0x7A, 0x01, 0x71, 0x3D, 0x1A, 0x7B, 0x07, 0x71, 0x3E, 0x1B, 0x7B, 0x07, 
	0x6D, 0x3C, 0x1A, 0x7B, 0x01, 0x82, 0x02, 0x80, 0x00, 0x08, 0x05, 0x17, 0x17, 0x0E, 0x2F, 0x16, 
	0x0E, 0x0E, 0x05, 0x08, 0x05, 0x0E, 0x0E, 0x14, 0x2F, 0x0E, 0x13, 0x13, 0x0C, 0x81, 0x00, 0x84, 
	0x02, 0x01, 0x04, 0x06, 0x82, 0x02, 0x10, 0x00, 0x10, 0x00, 0x10, 0x1E, 0x00, 0x00, 0x02, 0x2C, 
	0x5A, 0xC4, 0xD6, 0xD5, 0xCB, 0x02, 0x02, 0x00, 0x89, 0x02, 0x23, 0xC7, 0x63, 0x04, 0xCF, 0x04, 
	0x98, 0x98, 0x04, 0xC7, 0x5D, 0x59, 0xC5, 0x04, 0x64, 0x63, 0x02, 0xC2, 0x28, 0x59, 0x97, 0x02, 
	0x64, 0x5A, 0x02, 0x98, 0x11, 0x59, 0x63, 0x02, 0x04, 0x0A, 0x5B, 0x59, 0xCB, 0xD4, 0x04, 0x80, 
	0x02, 0x07, 0x04, 0xD1, 0xD5, 0x0B, 0x00, 0xCA, 0xD5, 0xCA, 0x80, 0x02, 0x19, 0xD1, 0xD6, 0xCA, 
	0x04, 0x65, 0xD6, 0xD4, 0x04, 0x02, 0x02, 0x00, 0x59, 0xC8, 0xC6, 0x2C, 0xC3, 0xC3, 0x1E, 0x04, 
	0x02, 0x02, 0x00, 0x00, 0x02, 0x02, 0x04, 0x8C, 0x02, 0x00, 0x00, 0xA7, 0x02, 0x03, 0x06, 0x53, 
	0x53, 0x03, 0x89, 0x02, 0x08, 0x3E, 0x3E, 0x07, 0x02, 0x00, 0x00, 0x76, 0x3E, 0x00, 0x85, 0x02, 
	0x04, 0x37, 0x19, 0x08, 0x3D, 0x07, 0x80, 0x02, 0x26, 0x3D, 0x25, 0x00, 0x4D, 0x01, 0x38, 0x4D, 
	0x00, 0x53, 0x39, 0x03, 0x7D, 0x03, 0x4C, 0x7D, 0x02, 0x53, 0x38, 0x7D, 0xAE, 0x56, 0xAE, 0xA4, 
	0x03, 0xB9, 0x25, 0x4E, 0xA0, 0x03, 0xB5, 0x52, 0x25, 0xB5, 0x00, 0x02, 0x00, 0x07, 0x07, 0x01, 
	0x80, 0x03, 0x01, 0x06, 0x06, 0x80, 0x02, 0x14, 0x37, 0x19, 0x1A, 0x3B, 0x06, 0x1A, 0x08, 0x03, 
	0x39, 0x00, 0x33, 0x1A, 0x07, 0x1B, 0x06, 0x08, 0x09, 0x06, 0x07, 0x06, 0x01, 0x80, 0x00, 0x82, 
	0x02, 0x81, 0x00, 0x08, 0x05, 0x13, 0x13, 0x0E, 0x2E, 0x14, 0x0E, 0x0E, 0x05, 0x04, 0x05, 0x0E, 
	0x0E, 0x13, 0x2F, 0x80, 0x0E, 0x00, 0x05, 0x82, 0x00, 0x89, 0x02, 0x86, 0x00, 0x08, 0xC4, 0xD6, 
	0xD7, 0xD7, 0xC1, 0x04, 0x04, 0x02, 0x02, 0x80, 0x00, 0x86, 0x02, 0x1B, 0x0B, 0x04, 0x02, 0x2A, 
	0x02, 0x2A, 0x2A, 0x04, 0x5E, 0x29, 0x29, 0x5E, 0x02, 0x5A, 0x59, 0x02, 0x65, 0x1E, 0x59, 0x65, 
	0x02, 0x64, 0x5D, 0x02, 0xC3, 0x1E, 0x5A, 0x97, 0x81, 0x02, 0x0E, 0x04, 0xC1, 0xC4, 0x04, 0x02, 
	0x00, 0x02, 0x02, 0xD1, 0xD5, 0x10, 0x00, 0xCB, 0xD7, 0xD1, 0x80, 0x02, 0x07, 0xD1, 0xCB, 0x28, 
	0x02, 0x65, 0xD6, 0xD1, 0x02, 0x81, 0x00, 0x05, 0x5A, 0x1E, 0x0A, 0x0A, 0x04, 0x04, 0x80, 0x02, 
	0x05, 0x00, 0x48, 0x49, 0x02, 0x49, 0x46, 0x83, 0x02, 0x01, 0x48, 0x46, 0x80, 0x02, 0x04, 0x1C, 
	0x49, 0x0A, 0x42, 0x46, 0x80, 0x02, 0x13, 0x0D, 0x49, 0x0D, 0x02, 0x02, 0x00, 0x50, 0x50, 0x02, 
	0x57, 0x43, 0x00, 0x02, 0x02, 0x50, 0x7C, 0x04, 0x56, 0x56, 0x04, 0x8F, 0x02, 0x03, 0x03, 0x88, 
	0xAB, 0x07, 0x80, 0x02, 0x81, 0x00, 0x81, 0x02, 0x09, 0x03, 0x89, 0x80, 0x18, 0x04, 0x02, 0x01, 
	0x89, 0x77, 0x00, 0x84, 0x02, 0x05, 0x01, 0x7B, 0x39, 0x1A, 0x7B, 0x18, 0x80, 0x02, 0x23, 0x7A, 
	0x39, 0x00, 0x7E, 0x07, 0x3D, 0x7A, 0x00, 0x7A, 0x4D, 0x01, 0x7D, 0x03, 0x38, 0x53, 0x06, 0x3D, 
	0x1A, 0x19, 0xA4, 0x03, 0x52, 0x4B, 0x00, 0x4F, 0x07, 0x0F, 0x25, 0x04, 0x19, 0x0F, 0x02, 0x03, 
	0x00, 0x02, 0x00, 0x80, 0x08, 0x07, 0x1A, 0x36, 0x33, 0x08, 0x3B, 0x3B, 0x08, 0x00, 0x80, 0x02, 
	0x03, 0x06, 0x06, 0x02, 0x06, 0x8A, 0x02, 0x03, 0x00, 0x02, 0x02, 0x00, 0x82, 0x02, 0x81, 0x00, 
	0x00, 0x05, 0x80, 0x0E, 0x04, 0x2F, 0x13, 0x0E, 0x0E, 0x05, 0x04, 0x05, 0x0E, 0x0E, 0x13, 0x2F, 
	0x80, 0x0E, 0x00, 0x17, 0x82, 0x00, 0x8E, 0x02, 0x80, 0x00, 0x07, 0x65, 0xCB, 0xD7, 0xD7, 0xD6, 
	0xC6, 0x04, 0x04, 0x81, 0x02, 0x00, 0x00, 0x80, 0x02, 0x00, 0x06, 0x82, 0x02, 0x01, 0x00, 0x00, 
	0x96, 0x02, 0x80, 0x00, 0x26, 0x10, 0xCB, 0xCB, 0x65, 0x2D, 0x65, 0xD4, 0xD1, 0xC3, 0x65, 0x98, 
	0xD4, 0xC1, 0x00, 0x63, 0xCB, 0xCB, 0x0A, 0x02, 0x04, 0x97, 0x64, 0x0B, 0x02, 0x5D, 0xC7, 0xC3, 
	0x65, 0x64, 0x44, 0x63, 0x5E, 0x2C, 0x12, 0x2C, 0x5E, 0x59, 0x06, 0x02, 0x80, 0x00, 0x04, 0x45, 
	0x46, 0x02, 0x48, 0x41, 0x83, 0x02, 0x09, 0x48, 0x46, 0x02, 0x02, 0x00, 0x1C, 0x8D, 0x0A, 0x42, 
	0x48, 0x80, 0x02, 0x13, 0x0D, 0x8D, 0x0D, 0x04, 0x0D, 0x00, 0x55, 0x54, 0x00, 0x92, 0x4B, 0x00, 
	0x02, 0x02, 0x52, 0x9F, 0x04, 0x7C, 0x7C, 0x04, 0x90, 0x02, 0x02, 0x7B, 0x7E, 0x03, 0x80, 0x02, 
	0x04, 0x00, 0x00, 0x1A, 0x19, 0x00, 0x81, 0x02, 0x07, 0x3E, 0x3E, 0x07, 0x04, 0x02, 0x00, 0x3E, 
	0x39, 0x86, 0x02, 0x03, 0x08, 0x03, 0x02, 0x07, 0x81, 0x02, 0x84, 0x00, 0x85, 0x02, 0x02, 0x06, 
	0x06, 0x00, 0x82, 0x02, 0x01, 0x00, 0x00, 0x80, 0x02, 0x00, 0x04, 0x80, 0x06, 0x0D, 0x02, 0x02, 
	0x00, 0x3A, 0x89, 0x7B, 0x3B, 0x86, 0x86, 0x89, 0x32, 0x89, 0x78, 0x18, 0x80, 0x00, 0x84, 0x02, 
	0x00, 0x00, 0x81, 0x02, 0x02, 0x06, 0x02, 0x06, 0x82, 0x02, 0x01, 0x00, 0x00, 0x82, 0x02, 0x81, 
	0x00, 0x08, 0x17, 0x13, 0x0E, 0x0C, 0x2F, 0x13, 0x0E, 0x13, 0x05, 0x00, 0x05, 0x80, 0x0E, 0x00, 
	0x2F, 0x80, 0x0E, 0x00, 0x13, 0x82, 0x00, 0x81, 0x02, 0x17, 0xC3, 0x59, 0x5B, 0xC1, 0x02, 0x65, 
	0x2B, 0x2C, 0x97, 0x04, 0x64, 0x44, 0x2D, 0x63, 0x00, 0x00, 0x97, 0xCB, 0xD4, 0xC1, 0xC6, 0x97, 
	0x44, 0x04, 0x80, 0x02, 0x07, 0x00, 0x00, 0x0B, 0x5A, 0x59, 0x2C, 0x2B, 0x12, 0x87, 0x02, 0x00, 
	0x06, 0x85, 0x02, 0x01, 0x06, 0x06, 0x88, 0x02, 0x17, 0x00, 0x11, 0xD5, 0xD6, 0xC6, 0x04, 0xC6, 
	0xD7, 0xD7, 0xCB, 0xD7, 0xC4, 0xD5, 0xC4, 0x04, 0x2C, 0xC1, 0xC2, 0x0B, 0x2D, 0x28, 0x12, 0x02, 
	0x02, 0x80, 0x00, 0x0E, 0x67, 0xD6, 0xD5, 0xC6, 0xD6, 0xD4, 0x0B, 0x0A, 0x65, 0xD6, 0xD4, 0x02, 
	0x00, 0x02, 0x02, 0x81, 0x00, 0x94, 0x02, 0x02, 0x00, 0x00, 0x02, 0x84, 0x00, 0x80, 0x02, 0x00, 
	0x04, 0x9A, 0x02, 0x05, 0x00, 0x19, 0x88, 0x87, 0x07, 0x00, 0x80, 0x02, 0x03, 0x04, 0x06, 0x04, 
	0x04, 0x9B, 0x02, 0x00, 0x00, 0x81, 0x02, 0x09, 0x04, 0x04, 0x06, 0x02, 0x0F, 0x52, 0x00, 0x52, 
	0x38, 0x06, 0x81, 0x04, 0x00, 0x06, 0x81, 0x02, 0x2A, 0x00, 0x00, 0x37, 0x78, 0x77, 0x3B, 0x89, 
	0x80, 0x7B, 0x1A, 0x77, 0x6D, 0x1B, 0x08, 0x00, 0x00, 0x02, 0x03, 0x06, 0x08, 0x03, 0x08, 0x1A, 
	0x00, 0x37, 0x19, 0x1A, 0x3B, 0x00, 0x3B, 0x1A, 0x1A, 0x6D, 0x03, 0x6D, 0x37, 0x37, 0x71, 0x00, 
	0x02, 0x00, 0x02, 0x02, 0x81, 0x00, 0x80, 0x13, 0x05, 0x0E, 0x2E, 0x0E, 0x0C, 0x0E, 0x05, 0x04, 
	0x05, 0x0E, 0x0E, 0x0C, 0x2F, 0x80, 0x0E, 0x00, 0x13, 0x81, 0x00, 0x80, 0x02, 0x1A, 0x00, 0x00, 
	0x5B, 0x2D, 0x2C, 0x63, 0x02, 0x63, 0x2D, 0x2C, 0xC2, 0x04, 0xC3, 0x5E, 0x44, 0xCA, 0x00, 0x00, 
	0x02, 0x04, 0x62, 0x65, 0x04, 0x5E, 0x60, 0x02, 0x02, 0x81, 0x00, 0x00, 0x28, 0x81, 0xD6, 0x15, 
	0x65, 0x04, 0x02, 0x06, 0x06, 0x04, 0x04, 0x66, 0x10, 0x44, 0x5A, 0x02, 0x59, 0x29, 0x10, 0x2C, 
	0x00, 0x12, 0x12, 0x06, 0x11, 0x04, 0x81, 0x02, 0x02, 0x04, 0x04, 0x0A, 0x80, 0x04, 0x10, 0x02, 
	0x00, 0x10, 0xD6, 0xD6, 0xC4, 0x02, 0x97, 0xD5, 0xD5, 0xCA, 0xD4, 0xC3, 0xD5, 0xC5, 0x11, 0x65, 
	0x80, 0x0B, 0x14, 0xD4, 0xD5, 0xCB, 0xC1, 0xD1, 0x44, 0x00, 0x00, 0x67, 0xD7, 0xD5, 0xC6, 0xD6, 
	0xD4, 0x0B, 0x04, 0x65, 0xD6, 0xD4, 0x00, 0x00, 0x80, 0x02, 0x82, 0x00, 0x95, 0x02, 0x84, 0x00, 
	0x94, 0x02, 0x00, 0x00, 0x81, 0x02, 0x02, 0x06, 0x06, 0x04, 0x80, 0x02, 0x04, 0x19, 0x82, 0x7F, 
	0x00, 0x00, 0x8B, 0x02, 0x01, 0x06, 0x06, 0x8B, 0x02, 0x01, 0x06, 0x06, 0x81, 0x02, 0x81, 0x00, 
	0x3A, 0x02, 0x04, 0x03, 0x04, 0x03, 0x03, 0x7D, 0xAE, 0x52, 0xAE, 0xA4, 0x07, 0x7D, 0x0F, 0x25, 
	0x38, 0x00, 0x53, 0x19, 0x25, 0x4D, 0x1B, 0x7B, 0x07, 0x01, 0x01, 0x03, 0x01, 0x01, 0x03, 0x02, 
	0x02, 0x00, 0x77, 0x3E, 0x7B, 0x19, 0x3D, 0x7A, 0x03, 0x7B, 0x1A, 0x37, 0x7B, 0x01, 0x75, 0x36, 
	0x37, 0x71, 0x01, 0x71, 0x33, 0x33, 0x6D, 0x00, 0x3B, 0x33, 0x1A, 0x3B, 0x80, 0x02, 0x83, 0x00, 
	0x80, 0x13, 0x05, 0x0E, 0x2E, 0x0C, 0x05, 0x0E, 0x05, 0x08, 0x05, 0x0E, 0x0E, 0x05, 0x24, 0x13, 
	0x0E, 0x0E, 0x13, 0x81, 0x00, 0x82, 0x02, 0x00, 0x06, 0x85, 0x02, 0x80, 0x04, 0x80, 0x02, 0x04, 
	0x00, 0xC4, 0xD5, 0xD7, 0xCB, 0x81, 0x02, 0x06, 0x28, 0xC5, 0xC4, 0xC1, 0xC1, 0x63, 0xD1, 0x80, 
	0xD4, 0x49, 0x65, 0x2D, 0x1E, 0x02, 0x02, 0x04, 0x02, 0xC7, 0x1E, 0x63, 0x97, 0x00, 0xC2, 0x5E, 
	0x2C, 0xC5, 0x02, 0x66, 0x66, 0x02, 0xC7, 0x44, 0x44, 0xC7, 0x04, 0x97, 0x63, 0x0A, 0xC7, 0x2C, 
	0x59, 0xC2, 0x02, 0x00, 0x02, 0xC4, 0xCB, 0x65, 0x00, 0x02, 0x0B, 0x0B, 0x04, 0x0B, 0x04, 0x28, 
	0x12, 0x0B, 0x2C, 0xC5, 0xCB, 0xC7, 0x65, 0x97, 0x63, 0x5A, 0x97, 0xC4, 0xC4, 0x2C, 0x2C, 0xC4, 
	0xC5, 0x63, 0xC8, 0xC5, 0x02, 0x02, 0x5E, 0xCB, 0xC7, 0x02, 0x00, 0x00, 0x81, 0x02, 0x03, 0x00, 
	0x02, 0x00, 0x00, 0x83, 0x02, 0x00, 0x0A, 0x8D, 0x02, 0x84, 0x00, 0x87, 0x02, 0x02, 0x24, 0x56, 
	0x27, 0x86, 0x02, 0x09, 0x00, 0x7A, 0x7E, 0x25, 0x02, 0x02, 0x19, 0x7E, 0x7E, 0x4F, 0x80, 0x02, 
	0x03, 0x01, 0x01, 0x00, 0x00, 0x85, 0x02, 0x02, 0x03, 0x19, 0x03, 0x86, 0x02, 0x04, 0x3E, 0x19, 
	0x1A, 0x76, 0x07, 0x80, 0x02, 0x23, 0x3D, 0x1A, 0x08, 0x7A, 0x03, 0x3D, 0x4D, 0x00, 0x7D, 0x4F, 
	0x0F, 0x7E, 0x00, 0x53, 0x7D, 0x0A, 0x7D, 0x08, 0x52, 0xAE, 0x38, 0xA4, 0x7D, 0x19, 0xB9, 0x0F, 
	0x53, 0x7D, 0x00, 0x7D, 0x26, 0x38, 0x7D, 0x1B, 0x89, 0x07, 0x85, 0x02, 0x10, 0x00, 0x79, 0x3C, 
	0x37, 0x07, 0x19, 0x1A, 0x02, 0x18, 0x03, 0x03, 0x09, 0x02, 0x01, 0x00, 0x02, 0x00, 0x8B, 0x02, 
	0x82, 0x00, 0x00, 0x17, 0x80, 0x13, 0x04, 0x2F, 0x0C, 0x0E, 0x0E, 0x05, 0x00, 0x05, 0x80, 0x0E, 
	0x04, 0x24, 0x13, 0x0E, 0x0E, 0x13, 0x81, 0x00, 0x05, 0x02, 0x00, 0x00, 0x02, 0x02, 0x00, 0x87, 
	0x02, 0x0E, 0x06, 0x02, 0x04, 0x02, 0x02, 0xC8, 0xD7, 0xD7, 0xD1, 0x00, 0x02, 0x00, 0x02, 0x2B, 
	0xD6, 0x80, 0xD7, 0x00, 0xCB, 0x81, 0x02, 0x09, 0xD4, 0xD6, 0xCB, 0x1E, 0x04, 0x04, 0x02, 0x0A, 
	0x02, 0x02, 0x82, 0x00, 0x16, 0x02, 0x02, 0x0B, 0x0B, 0x02, 0x2D, 0x10, 0x12, 0x44, 0x02, 0x59, 
	0x2C, 0x0A, 0x60, 0x1E, 0x2A, 0x5E, 0x02, 0x02, 0x00, 0x12, 0xCB, 0x5A, 0x80, 0x00, 0x82, 0x02, 
	0x07, 0x04, 0x0B, 0x0B, 0xC2, 0xCA, 0xC7, 0x2B, 0x2D, 0x80, 0x00, 0x05, 0xD4, 0xD4, 0x5A, 0x00, 
	0x00, 0x06, 0x80, 0x04, 0x80, 0x02, 0x0C, 0x00, 0x02, 0xC8, 0x59, 0x02, 0x02, 0x04, 0x49, 0x8F, 
	0x02, 0x8F, 0x48, 0x00, 0x82, 0x02, 0x07, 0x49, 0x8F, 0x02, 0x8D, 0x41, 0x21, 0x90, 0x1C, 0x81, 
	0x02, 0x19, 0x00, 0x1C, 0x91, 0x1C, 0x02, 0x02, 0x00, 0x58, 0x55, 0x00, 0xA3, 0x55, 0x00, 0x02, 
	0x02, 0x56, 0xA0, 0x04, 0x7C, 0x56, 0x02, 0x02, 0x00, 0x52, 0xB1, 0x52, 0x86, 0x02, 0x09, 0x00, 
	0x7F, 0xAA, 0x39, 0x02, 0x02, 0x1A, 0xAB, 0xA9, 0x53, 0x83, 0x02, 0x00, 0x00, 0x83, 0x02, 0x04, 
	0x04, 0x04, 0x07, 0x1A, 0x07, 0x86, 0x02, 0x04, 0x76, 0x19, 0x1A, 0x7B, 0x07, 0x80, 0x02, 0x1A, 
	0x3D, 0x1A, 0x08, 0x76, 0x03, 0x36, 0x3D, 0x02, 0x4D, 0x25, 0x07, 0x4F, 0x00, 0x25, 0x38, 0x04, 
	0x38, 0x03, 0x0F, 0x4F, 0x02, 0x23, 0x0F, 0x04, 0x07, 0x04, 0x02, 0x81, 0x00, 0x08, 0x02, 0x00, 
	0x32, 0x89, 0x07, 0x02, 0x02, 0x06, 0x06, 0x82, 0x02, 0x01, 0x78, 0x3E, 0x83, 0x02, 0x00, 0x00, 
	0x83, 0x02, 0x00, 0x00, 0x8C, 0x02, 0x80, 0x00, 0x09, 0x06, 0x17, 0x0E, 0x13, 0x13, 0x2F, 0x0C, 
	0x0C, 0x0E, 0x05, 0x00, 0x05, 0x80, 0x0E, 0x05, 0x1F, 0x13, 0x0E, 0x0E, 0x13, 0x05, 0x80, 0x00, 
	0x82, 0x02, 0x07, 0x59, 0x2C, 0x0B, 0x2A, 0x02, 0x11, 0x0B, 0x04, 0x81, 0x02, 0x80, 0x04, 0x05, 
	0x97, 0xD4, 0xD6, 0xD6, 0xD4, 0x00, 0x80, 0x02, 0x05, 0x10, 0x65, 0xC1, 0xC4, 0xD5, 0xC1, 0x80, 
	0x02, 0x06, 0x00, 0xC2, 0xC8, 0xD4, 0x97, 0x04, 0x06, 0x80, 0x02, 0x83, 0x00, 0x89, 0x02, 0x81, 
	0x04, 0x80, 0x02, 0x02, 0x00, 0x00, 0x04, 0x80, 0x00, 0x83, 0x02, 0x11, 0x0A, 0xD1, 0xD4, 0x11, 
	0x0A, 0x0B, 0xD4, 0xD5, 0x28, 0x00, 0x00, 0x65, 0x62, 0x00, 0x00, 0x02, 0x04, 0x04, 0x82, 0x02, 
	0x0C, 0x00, 0x00, 0x5E, 0x29, 0x02, 0x02, 0x04, 0x21, 0x41, 0x04, 0x41, 0x21, 0x00, 0x82, 0x02, 
	0x09, 0x42, 0x46, 0x02, 0x48, 0x21, 0x1C, 0x49, 0x0D, 0x0A, 0x0A, 0x80, 0x00, 0x0A, 0x0D, 0x48, 
	0x0D, 0x02, 0x02, 0x00, 0x50, 0x50, 0x02, 0x57, 0x4B, 0x80, 0x02, 0x0A, 0x4C, 0x56, 0x06, 0x50, 
	0x50, 0x00, 0x02, 0x02, 0x4F, 0xAE, 0x4C, 0x83, 0x02, 0x05, 0x0F, 0x52, 0x52, 0x4F, 0x7D, 0x7E, 
	0x80, 0x53, 0x03, 0x4D, 0x7E, 0x7F, 0x38, 0x84, 0x02, 0x00, 0x00, 0x81, 0x02, 0x03, 0x37, 0x3E, 
	0x19, 0x07, 0x91, 0x02, 0x02, 0x06, 0x02, 0x06, 0x8B, 0x02, 0x04, 0x06, 0x02, 0x02, 0x06, 0x06, 
	0x87, 0x02, 0x06, 0x37, 0x89, 0x07, 0x02, 0x02, 0x06, 0x00, 0x81, 0x02, 0x02, 0x03, 0x80, 0x3E, 
	0x86, 0x02, 0x81, 0x06, 0x0C, 0x02, 0x02, 0x03, 0x02, 0x00, 0x01, 0x02, 0x08, 0x03, 0x18, 0x19, 
	0x00, 0x00, 0x80, 0x02, 0x80, 0x00, 0x09, 0x05, 0x13, 0x13, 0x0E, 0x13, 0x2F, 0x0C, 0x0E, 0x0E, 
	0x05, 0x00, 0x05, 0x80, 0x0E, 0x05, 0x1F, 0x13, 0x0E, 0x0E, 0x17, 0x05, 0x80, 0x00, 0x1A, 0x02, 
	0x00, 0x00, 0x02, 0x02, 0xC2, 0x63, 0x2B, 0xCE, 0x02, 0xC5, 0x64, 0x28, 0xCA, 0x04, 0x97, 0x64, 
	0x12, 0xC7, 0x10, 0xCB, 0xD6, 0xD6, 0xD7, 0xD4, 0x00, 0x00, 0x82, 0x02, 0x02, 0x59, 0xD5, 0x2D, 
	0x80, 0x02, 0x09, 0x00, 0x00, 0x02, 0xD4, 0xCB, 0x02, 0x02, 0x04, 0x04, 0x02, 0x82, 0x00, 0x88, 
	0x02, 0x84, 0x04, 0x00, 0x02, 0x84, 0x00, 0x83, 0x02, 0x0D, 0x0B, 0xD5, 0xD5, 0x12, 0x02, 0x02, 
	0xD1, 0xD5, 0x28, 0x00, 0x00, 0x67, 0x67, 0x00, 0x83, 0x02, 0x01, 0x00, 0x00, 0x88, 0x02, 0x01, 
	0x06, 0x02, 0x83, 0x00, 0x84, 0x02, 0x02, 0x04, 0x48, 0x91, 0x82, 0x00, 0x8E, 0x02, 0x00, 0x00, 
	0x81, 0x02, 0x00, 0x06, 0x83, 0x02, 0x0C, 0x23, 0xAD, 0xAA, 0xA7, 0x53, 0x00, 0x87, 0xAA, 0xAA, 
	0x87, 0x03, 0x04, 0x06, 0x80, 0x02, 0x00, 0x06, 0x85, 0x02, 0x03, 0x6D, 0x70, 0x3A, 0x1A, 0x91, 
	0x02, 0x80, 0x06, 0x02, 0x02, 0x1B, 0x3B, 0x80, 0x02, 0x00, 0x06, 0x81, 0x02, 0x80, 0x00, 0x07, 
	0x26, 0x56, 0x03, 0x7D, 0x38, 0x06, 0x02, 0x02, 0x80, 0x00, 0x07, 0x02, 0x02, 0x04, 0x04, 0x37, 
	0x89, 0x03, 0x06, 0x84, 0x02, 0x1A, 0x03, 0x79, 0x3B, 0x37, 0x03, 0x36, 0x36, 0x02, 0x3D, 0x03, 
	0x37, 0x3E, 0x03, 0x71, 0x18, 0x3B, 0x6D, 0x01, 0x75, 0x1B, 0x3B, 0x71, 0x00, 0x7B, 0x1B, 0x3E, 
	0x71, 0x82, 0x02, 0x80, 0x00, 0x00, 0x05, 0x80, 0x13, 0x05, 0x14, 0x24, 0x05, 0x0E, 0x0E, 0x05, 
	0x00, 0x05, 0x80, 0x0E, 0x05, 0x1F, 0x14, 0x0E, 0x0E, 0x17, 0x05, 0x80, 0x00, 0x03, 0x02, 0x00, 
	0x00, 0x02, 0x81, 0x00, 0x12, 0x10, 0x02, 0x29, 0x28, 0x0B, 0x5E, 0x00, 0x59, 0x59, 0x10, 0x98, 
	0x10, 0xCB, 0xC8, 0x67, 0x62, 0x63, 0x00, 0x00, 0x82, 0x02, 0x29, 0x59, 0xD6, 0x65, 0x0A, 0x02, 
	0x28, 0xC1, 0xC1, 0x59, 0xD4, 0xD1, 0x04, 0x02, 0x04, 0xC3, 0x2C, 0x59, 0x64, 0x00, 0x60, 0x5A, 
	0x0B, 0x63, 0x02, 0x2C, 0x5A, 0x06, 0x5D, 0x29, 0x0B, 0x5D, 0x04, 0x2A, 0x2A, 0x04, 0x2A, 0x10, 
	0x04, 0x11, 0x06, 0x02, 0x02, 0x83, 0x00, 0x00, 0x02, 0x80, 0x04, 0x0F, 0x02, 0x0B, 0xD4, 0xD5, 
	0x12, 0x02, 0x02, 0x2A, 0x2C, 0x0B, 0x02, 0x00, 0x02, 0x02, 0x12, 0x10, 0x81, 0x02, 0x80, 0x00, 
	0x83, 0x02, 0x00, 0x04, 0x82, 0x02, 0x01, 0x41, 0x8E, 0x80, 0x8F, 0x02, 0x8D, 0x1C, 0x00, 0x83, 
	0x02, 0x02, 0x04, 0x21, 0x41, 0x83, 0x00, 0x01, 0x02, 0x00, 0x89, 0x02, 0x81, 0x00, 0x87, 0x02, 
	0x0A, 0x19, 0xA4, 0xA4, 0x7F, 0x39, 0x00, 0x7A, 0x7F, 0x7F, 0x7B, 0x03, 0x81, 0x02, 0x02, 0x36, 
	0x39, 0x36, 0x80, 0x02, 0x00, 0x00, 0x80, 0x02, 0x04, 0x3E, 0x83, 0x80, 0x77, 0x03, 0x84, 0x02, 
	0x01, 0x08, 0x07, 0x81, 0x02, 0x00, 0x00, 0x81, 0x02, 0x16, 0x03, 0x06, 0x02, 0x03, 0x06, 0x1B, 
	0x3E, 0x02, 0x19, 0x07, 0x0F, 0x25, 0x06, 0x25, 0x25, 0x00, 0x25, 0x00, 0xA4, 0xAF, 0x57, 0xAE, 
	0xA4, 0x80, 0x02, 0x09, 0x53, 0x53, 0x00, 0x7D, 0x23, 0x39, 0x7A, 0x3B, 0x89, 0x03, 0x82, 0x02, 
	0x1D, 0x00, 0x02, 0x02, 0x03, 0x80, 0x3B, 0x7B, 0x08, 0x6D, 0x3E, 0x01, 0x7A, 0x09, 0x37, 0x3E, 
	0x03, 0x3E, 0x08, 0x36, 0x3B, 0x01, 0x37, 0x09, 0x19, 0x1B, 0x00, 0x18, 0x03, 0x03, 0x01, 0x82, 
	0x02, 0x80, 0x00, 0x09, 0x05, 0x17, 0x13, 0x0E, 0x14, 0x24, 0x0E, 0x0E, 0x13, 0x05, 0x00, 0x05, 
	0x80, 0x0E, 0x05, 0x1F, 0x14, 0x0E, 0x13, 0x13, 0x05, 0x80, 0x00, 0x83, 0x02, 0x01, 0x00, 0x00, 
	0x82, 0x02, 0x80, 0x00, 0x0A, 0x02, 0x02, 0x04, 0x02, 0xCA, 0xC4, 0x11, 0xD1, 0xCB, 0x00, 0x00, 
	0x82, 0x02, 0x0A, 0x44, 0xD6, 0xCB, 0x04, 0x04, 0x44, 0xD5, 0xD4, 0x65, 0xD4, 0xD1, 0x80, 0x02, 
	0x2B, 0x63, 0x29, 0x2C, 0x63, 0x02, 0x60, 0x5A, 0x0B, 0x98, 0x02, 0x5D, 0x64, 0x02, 0xC2, 0x59, 
	0x1E, 0xC7, 0x04, 0x66, 0x66, 0x02, 0xC5, 0x59, 0x2A, 0xCE, 0x02, 0x98, 0x98, 0x02, 0xC5, 0x2C, 
	0x2A, 0xC5, 0x00, 0x63, 0x98, 0x04, 0x04, 0x02, 0x04, 0x59, 0x63, 0xD1, 0xC8, 0x82, 0x02, 0x05, 
	0x00, 0x02, 0x0B, 0x2D, 0x1E, 0x04, 0x80, 0x02, 0x0A, 0x28, 0x60, 0x00, 0x45, 0x45, 0x02, 0x46, 
	0x20, 0x0D, 0x46, 0x0D, 0x81, 0x02, 0x01, 0x21, 0x8E, 0x80, 0x8F, 0x00, 0x8E, 0x80, 0x1C, 0x02, 
	0x02, 0x0D, 0x0A, 0x80, 0x02, 0x0C, 0x0D, 0x1C, 0x00, 0x00, 0x02, 0x00, 0x0D, 0x00, 0x02, 0x0A, 
	0x02, 0x0D, 0x0D, 0x83, 0x02, 0x05, 0x0F, 0x0F, 0x00, 0x19, 0x0F, 0x00, 0x8D, 0x02, 0x00, 0x00, 
	0x80, 0x1A, 0x08, 0x36, 0x1A, 0x07, 0x02, 0x02, 0x06, 0x7E, 0xA7, 0x7F, 0x84, 0x02, 0x06, 0x4D, 
	0xA7, 0x85, 0x82, 0x07, 0x76, 0x1A, 0x82, 0x02, 0x01, 0x19, 0x0F, 0x80, 0x02, 0x29, 0x33, 0x7B, 
	0x00, 0x02, 0x02, 0x00, 0x7B, 0x36, 0x19, 0x3E, 0x02, 0x1B, 0x37, 0x06, 0x7E, 0x40, 0x39, 0x7E, 
	0x03, 0x7A, 0x7A, 0x00, 0x7A, 0x00, 0x52, 0x7D, 0x0F, 0xA0, 0x4C, 0x02, 0x02, 0x00, 0x4D, 0x53, 
	0x06, 0x7D, 0x19, 0x38, 0x4D, 0x3B, 0x89, 0x01, 0x80, 0x00, 0x80, 0x02, 0x05, 0x01, 0x01, 0x07, 
	0x89, 0x37, 0x03, 0x82, 0x06, 0x93, 0x02, 0x81, 0x00, 0x09, 0x05, 0x13, 0x13, 0x0E, 0x16, 0x24, 
	0x0E, 0x0E, 0x13, 0x05, 0x00, 0x05, 0x80, 0x0E, 0x05, 0x15, 0x14, 0x0E, 0x0E, 0x0C, 0x05, 0x80, 
	0x00, 0x88, 0x02, 0x81, 0x00, 0x82, 0x02, 0x06, 0xCA, 0xCA, 0x10, 0xD5, 0xD5, 0x02, 0x00, 0x80, 
	0x02, 0x0C, 0x04, 0x02, 0x28, 0xC6, 0x65, 0x04, 0x5E, 0x98, 0xC6, 0xC8, 0x65, 0xD4, 0xD1, 0x80, 
	0x02, 0x00, 0x00, 0x8D, 0x02, 0x00, 0x04, 0x80, 0x02, 0x0E, 0x0B, 0x02, 0x02, 0x1E, 0x02, 0x28, 
	0x28, 0x06, 0x59, 0x10, 0x12, 0x5D, 0x00, 0x44, 0x5D, 0x82, 0x02, 0x02, 0x44, 0xD4, 0xCB, 0x84, 
	0x02, 0x02, 0x12, 0x67, 0x44, 0x80, 0x02, 0x0B, 0x00, 0x44, 0xC7, 0x00, 0x61, 0x61, 0x04, 0x96, 
	0x45, 0x1C, 0x9A, 0x1C, 0x83, 0x02, 0x82, 0x00, 0x04, 0x49, 0x8D, 0x0A, 0x21, 0x20, 0x80, 0x02, 
	0x01, 0x46, 0x8E, 0x80, 0x02, 0x08, 0x0D, 0x93, 0x1C, 0x43, 0x49, 0x02, 0x92, 0x58, 0x0A, 0x82, 
	0x02, 0x06, 0x58, 0xA3, 0x00, 0xA0, 0xA0, 0x00, 0x00, 0x8D, 0x02, 0x0D, 0x36, 0x33, 0x25, 0x37, 
	0x36, 0x0F, 0x02, 0x02, 0x06, 0x7F, 0xA7, 0x7F, 0x00, 0x00, 0x82, 0x02, 0x06, 0x4D, 0x85, 0x86, 
	0x78, 0x01, 0x7A, 0x1A, 0x87, 0x02, 0x01, 0x19, 0x3D, 0x81, 0x02, 0x0D, 0x37, 0x19, 0x03, 0x19, 
	0x02, 0x0F, 0x25, 0x04, 0x19, 0x08, 0x03, 0x08, 0x04, 0x02, 0x80, 0x00, 0x02, 0x02, 0x00, 0x00, 
	0x85, 0x02, 0x06, 0x04, 0x04, 0x06, 0x02, 0x02, 0x3B, 0x79, 0x80, 0x6D, 0x08, 0x3E, 0x00, 0x06, 
	0x3E, 0x89, 0x89, 0x7B, 0x3C, 0x19, 0x97, 0x02, 0x83, 0x00, 0x00, 0x05, 0x80, 0x13, 0x01, 0x16, 
	0x1F, 0x80, 0x0E, 0x00, 0x05, 0x09, 0x05, 0x0E, 0x0C, 0x0E, 0x15, 0x16, 0x0C, 0x0C, 0x0E, 0x05, 
	0x81, 0x00, 0x81, 0x02, 0x27, 0x5E, 0x66, 0x02, 0x66, 0x0B, 0x2C, 0x5F, 0x00, 0x5D, 0x0B, 0x29, 
	0x2C, 0x02, 0x11, 0x04, 0xC8, 0xCA, 0x0B, 0xD5, 0xD5, 0x04, 0x00, 0x00, 0x02, 0x04, 0x02, 0x02, 
	0x04, 0x28, 0x10, 0x0B, 0xC4, 0xD4, 0x0B, 0xC1, 0xD5, 0xD4, 0xD4, 0x00, 0x00, 0x93, 0x02, 0x80, 
	0x00, 0x03, 0x02, 0x02, 0x04, 0x04, 0x80, 0x02, 0x01, 0x00, 0x00, 0x85, 0x02, 0x0F, 0x04, 0x0B, 
	0x02, 0x02, 0xCA, 0xD4, 0xCA, 0xD4, 0xD4, 0xCB, 0x11, 0xD4, 0xD4, 0xC1, 0x02, 0x02, 0x82, 0x00, 
	0x01, 0x02, 0x02, 0x81, 0x0A, 0x80, 0x02, 0x04, 0x00, 0x02, 0x0D, 0x8E, 0x41, 0x80, 0x02, 0x05, 
	0x00, 0x1C, 0x1C, 0x02, 0x0D, 0x0D, 0x80, 0x02, 0x01, 0x0D, 0x21, 0x81, 0x02, 0x06, 0x20, 0x02, 
	0x0A, 0x1D, 0x02, 0x23, 0x1D, 0x83, 0x02, 0x06, 0x23, 0x27, 0x00, 0x27, 0x27, 0x00, 0x00, 0x89, 
	0x02, 0x04, 0x4C, 0x53, 0x0F, 0x02, 0x02, 0x81, 0x00, 0x81, 0x02, 0x0D, 0x39, 0x3D, 0x38, 0x00, 
	0x02, 0x1A, 0x3C, 0x37, 0x02, 0x02, 0x19, 0x39, 0x3A, 0x1A, 0x95, 0x02, 0x02, 0x32, 0x3E, 0x04, 
	0x96, 0x02, 0x01, 0x19, 0x32, 0x80, 0x80, 0x09, 0x79, 0x02, 0x02, 0x76, 0x83, 0x83, 0x79, 0x01, 
	0x02, 0x06, 0x83, 0x02, 0x10, 0x01, 0x01, 0x00, 0x08, 0x06, 0x19, 0x19, 0x03, 0x36, 0x06, 0x33, 
	0x33, 0x09, 0x3C, 0x01, 0x3B, 0x37, 0x80, 0x02, 0x82, 0x00, 0x09, 0x05, 0x13, 0x17, 0x13, 0x16, 
	0x15, 0x0E, 0x05, 0x0E, 0x05, 0x00, 0x05, 0x80, 0x0E, 0x05, 0x15, 0x15, 0x0E, 0x0E, 0x0C, 0x05, 
	0x81, 0x00, 0x81, 0x02, 0x25, 0x5B, 0x63, 0x02, 0xC2, 0x10, 0x5E, 0x66, 0x00, 0xCA, 0x28, 0x64, 
	0xC5, 0x02, 0xCF, 0x2B, 0xC4, 0xCB, 0x02, 0xD4, 0xD7, 0x11, 0x00, 0x65, 0xD4, 0x97, 0x04, 0x02, 
	0x44, 0xD6, 0xCA, 0xCB, 0xD7, 0xD4, 0x0B, 0xC1, 0xD7, 0xD4, 0xD4, 0x80, 0x00, 0x05, 0x10, 0x0B, 
	0x04, 0x0B, 0x04, 0x04, 0x80, 0x02, 0x01, 0x00, 0x00, 0x86, 0x02, 0x81, 0x00, 0x03, 0x02, 0x02, 
	0x04, 0x04, 0x85, 0x02, 0x01, 0x04, 0x04, 0x82, 0x02, 0x0B, 0x00, 0x02, 0xCB, 0xD4, 0xCB, 0xD7, 
	0xD6, 0xD4, 0x0B, 0xD5, 0xD7, 0xC4, 0x80, 0x02, 0x80, 0x00, 0x80, 0x02, 0x00, 0x04, 0x81, 0x02, 
	0x07, 0x48, 0x8F, 0x00, 0x02, 0x1C, 0x94, 0x48, 0x21, 0x90, 0x02, 0x02, 0x03, 0x23, 0x1D, 0x86, 
	0x02, 0x82, 0x00, 0x8A, 0x02, 0x02, 0x7F, 0xAB, 0x19, 0x8C, 0x02, 0x03, 0x3D, 0x81, 0x77, 0x06, 
	0x89, 0x02, 0x01, 0x36, 0x03, 0x8C, 0x02, 0x01, 0x34, 0x3E, 0x82, 0x02, 0x80, 0x04, 0x82, 0x02, 
	0x80, 0x00, 0x80, 0x02, 0x80, 0x04, 0x81, 0x02, 0x27, 0x03, 0x08, 0x37, 0x34, 0x33, 0x1A, 0x02, 
	0x02, 0x08, 0x18, 0x08, 0x01, 0x00, 0x18, 0x7A, 0x01, 0x6D, 0x3B, 0x18, 0x7B, 0x07, 0x6D, 0x3E, 
	0x18, 0x7B, 0x07, 0x6D, 0x3E, 0x18, 0x75, 0x01, 0x3C, 0x3B, 0x18, 0x71, 0x01, 0x3C, 0x37, 0x02, 
	0x02, 0x83, 0x00, 0x05, 0x0C, 0x17, 0x13, 0x13, 0x15, 0x1F, 0x80, 0x0E, 0x00, 0x05, 0x09, 0x05, 
	0x0E, 0x0E, 0x05, 0x15, 0x1F, 0x0E, 0x0E, 0x13, 0x13, 0x82, 0x00, 0x81, 0x02, 0x83, 0x00, 0x1E, 
	0x02, 0x02, 0x04, 0x10, 0x1E, 0x04, 0x44, 0x10, 0xC4, 0xCB, 0x00, 0xD4, 0xD5, 0x1E, 0x02, 0x97, 
	0xD7, 0xC4, 0x02, 0x02, 0x2B, 0xD6, 0xCB, 0xC6, 0xD4, 0xC4, 0x0A, 0xC1, 0xD6, 0xD6, 0xD4, 0x80, 
	0x00, 0x25, 0xC5, 0x64, 0x59, 0xC7, 0x0A, 0x64, 0x64, 0x04, 0xC2, 0x1E, 0x44, 0x64, 0x02, 0x60, 
	0x5A, 0x0B, 0x66, 0x02, 0x59, 0x5F, 0x00, 0x5D, 0x2C, 0x0B, 0x5E, 0x02, 0x2C, 0x44, 0x04, 0x44, 
	0x1E, 0x0B, 0x2A, 0x02, 0x0B, 0x11, 0x02, 0x0B, 0x81, 0x02, 0x0C, 0x00, 0x63, 0xCB, 0x44, 0x5A, 
	0xCB, 0xD7, 0xD1, 0x63, 0x0B, 0x65, 0xC1, 0x5E, 0x80, 0x02, 0x80, 0x00, 0x85, 0x02, 0x08, 0x48, 
	0x8F, 0x00, 0x02, 0x1C, 0x94, 0x8E, 0x49, 0x0A, 0x83, 0x02, 0x07, 0x00, 0x02, 0x46, 0x46, 0x0D, 
	0x02, 0x02, 0x00, 0x81, 0x02, 0x02, 0x0D, 0x26, 0x23, 0x97, 0x02, 0x05, 0x04, 0x7F, 0x87, 0x19, 
	0x04, 0x04, 0x80, 0x02, 0x80, 0x00, 0x84, 0x02, 0x0A, 0x36, 0x6E, 0x3E, 0x3A, 0x3A, 0x19, 0x02, 
	0x02, 0x00, 0x19, 0x07, 0x81, 0x02, 0x08, 0x07, 0x89, 0x18, 0x02, 0x02, 0x03, 0x02, 0x03, 0x08, 
	0x81, 0x02, 0x06, 0x00, 0x02, 0x08, 0x36, 0x02, 0x3F, 0x6D, 0x80, 0x04, 0x14, 0x07, 0x03, 0x02, 
	0x1A, 0x19, 0x0F, 0x0F, 0x00, 0x39, 0x4D, 0x00, 0x7A, 0x1A, 0x03, 0x0F, 0x04, 0x7A, 0x53, 0x08, 
	0xA4, 0x07, 0x81, 0x02, 0x03, 0x00, 0x06, 0x02, 0x06, 0x82, 0x02, 0x12, 0x00, 0x00, 0x18, 0x6D, 
	0x01, 0x3B, 0x33, 0x08, 0x3B, 0x03, 0x33, 0x32, 0x03, 0x33, 0x02, 0x08, 0x08, 0x00, 0x01, 0x81, 
	0x00, 0x85, 0x02, 0x81, 0x00, 0x81, 0x13, 0x01, 0x1F, 0x1F, 0x80, 0x0E, 0x00, 0x05, 0x05, 0x05, 
	0x0E, 0x0E, 0x0C, 0x16, 0x1F, 0x80, 0x0E, 0x00, 0x13, 0x82, 0x00, 0x82, 0x02, 0x81, 0x00, 0x01, 
	0x02, 0x02, 0x81, 0x04, 0x43, 0x02, 0x02, 0x00, 0xC6, 0xCB, 0x00, 0x59, 0x65, 0xCA, 0x5A, 0x64, 
	0xD4, 0x63, 0x02, 0x02, 0x2D, 0xD1, 0x62, 0xC4, 0xD7, 0xD4, 0xC8, 0xCB, 0xD6, 0xD4, 0xC1, 0x02, 
	0x00, 0x00, 0x2D, 0x28, 0x12, 0x59, 0x04, 0x59, 0x59, 0x02, 0x63, 0x12, 0x2C, 0x63, 0x04, 0x60, 
	0x5A, 0x0B, 0xC3, 0x02, 0x5E, 0x63, 0x00, 0x65, 0x5D, 0x12, 0xC3, 0x02, 0x63, 0x98, 0x0A, 0xC7, 
	0x60, 0x2D, 0xCF, 0x0B, 0x63, 0xC5, 0x06, 0xC7, 0x60, 0x80, 0x02, 0x09, 0x00, 0x65, 0xD4, 0x0B, 
	0x00, 0xCA, 0xD7, 0xCB, 0x0A, 0x0A, 0x83, 0x02, 0x14, 0x2D, 0x98, 0x02, 0x61, 0x5D, 0x02, 0x49, 
	0x2A, 0x02, 0x02, 0x00, 0x0D, 0x46, 0x0D, 0x00, 0x0D, 0x94, 0x48, 0x46, 0x8E, 0x0A, 0x81, 0x02, 
	0x09, 0x00, 0x00, 0x48, 0x90, 0x94, 0x22, 0x02, 0x02, 0x00, 0x00, 0x80, 0x02, 0x02, 0x50, 0xA2, 
	0x1D, 0x82, 0x02, 0x02, 0x4C, 0xAE, 0x4F, 0x82, 0x02, 0x05, 0x27, 0x7D, 0x03, 0x14, 0x43, 0x03, 
	0x85, 0x02, 0x0A, 0x08, 0x19, 0x7E, 0x87, 0x7D, 0x02, 0x02, 0x03, 0x75, 0x6D, 0x00, 0x85, 0x02, 
	0x09, 0x04, 0x1A, 0x89, 0x80, 0x3E, 0x00, 0x02, 0x19, 0x87, 0x39, 0x81, 0x02, 0x08, 0x08, 0x89, 
	0x18, 0x02, 0x03, 0x19, 0x02, 0x39, 0x7B, 0x81, 0x02, 0x1D, 0x36, 0x08, 0x36, 0x7B, 0x03, 0x3F, 
	0x6D, 0x02, 0x03, 0x06, 0x0F, 0x07, 0x02, 0x36, 0x36, 0x08, 0x19, 0x00, 0x39, 0x4D, 0x00, 0x53, 
	0x23, 0x03, 0x0F, 0x04, 0x39, 0x38, 0x07, 0x53, 0x81, 0x02, 0x0D, 0x1A, 0x7A, 0x7A, 0x37, 0x3B, 
	0x3B, 0x75, 0x37, 0x3E, 0x3B, 0x03, 0x02, 0x02, 0x00, 0x98, 0x02, 0x81, 0x00, 0x80, 0x13, 0x06, 
	0x0E, 0x1F, 0x16, 0x0C, 0x0C, 0x0E, 0x05, 0x00, 0x05, 0x80, 0x0E, 0x05, 0x16, 0x1F, 0x0E, 0x0E, 
	0x13, 0x13, 0x82, 0x00, 0x80, 0x02, 0x01, 0x04, 0x10, 0x80, 0x00, 0x00, 0x02, 0x82, 0x04, 0x1A, 
	0x02, 0x02, 0x00, 0x00, 0xC1, 0xCB, 0x00, 0x00, 0x10, 0xD5, 0x65, 0x44, 0x63, 0x0B, 0x02, 0x04, 
	0x28, 0x64, 0x12, 0x65, 0xD1, 0xD1, 0xD5, 0xD4, 0xD6, 0xD4, 0x11, 0x83, 0x02, 0x02, 0x04, 0x02, 
	0x06, 0x83, 0x02, 0x02, 0x06, 0x02, 0x02, 0x86, 0x00, 0x80, 0x02, 0x01, 0x04, 0x04, 0x80, 0x0B, 
	0x14, 0x12, 0x04, 0x12, 0x2D, 0x02, 0x2B, 0x1E, 0x02, 0x02, 0x00, 0x00, 0x64, 0xD5, 0x10, 0x00, 
	0x97, 0xCB, 0xC3, 0x44, 0x65, 0x2D, 0x82, 0x02, 0x14, 0x2A, 0xC3, 0x0A, 0x61, 0x61, 0x02, 0x61, 
	0x45, 0x00, 0x02, 0x02, 0x00, 0x49, 0x20, 0x02, 0x0D, 0x94, 0x48, 0x46, 0x90, 0x0A, 0x81, 0x02, 
	0x0F, 0x00, 0x00, 0x8F, 0x94, 0x94, 0x22, 0x04, 0x02, 0x00, 0x00, 0x02, 0x04, 0x0A, 0x57, 0xA5, 
	0x0A, 0x81, 0x02, 0x03, 0x00, 0x52, 0xB1, 0x52, 0x82, 0x02, 0x06, 0x4B, 0xB9, 0x07, 0x24, 0x4E, 
	0x0D, 0x00, 0x84, 0x02, 0x1C, 0x06, 0x03, 0xAF, 0xAA, 0x7E, 0x04, 0x02, 0x03, 0x6E, 0x6D, 0x00, 
	0x00, 0x02, 0x02, 0x04, 0x03, 0x03, 0x04, 0x02, 0x02, 0x19, 0x7B, 0x78, 0x3D, 0x02, 0x02, 0x07, 
	0x4D, 0x1A, 0x81, 0x02, 0x13, 0x07, 0x7B, 0x08, 0x02, 0x02, 0x03, 0x02, 0x08, 0x1A, 0x02, 0x00, 
	0x02, 0x02, 0x08, 0x02, 0x02, 0x07, 0x02, 0x1A, 0x1A, 0x84, 0x02, 0x00, 0x04, 0x80, 0x02, 0x82, 
	0x00, 0x80, 0x02, 0x01, 0x06, 0x06, 0x83, 0x02, 0x0A, 0x37, 0x86, 0x89, 0x70, 0x6E, 0x3C, 0x78, 
	0x6F, 0x80, 0x80, 0x08, 0x8B, 0x02, 0x01, 0x00, 0x00, 0x85, 0x02, 0x00, 0x01, 0x81, 0x02, 0x82, 
	0x00, 0x05, 0x13, 0x0C, 0x13, 0x13, 0x1F, 0x15, 0x80, 0x0C, 0x00, 0x05, 0x00, 0x05, 0x80, 0x0E, 
	0x06, 0x16, 0x1F, 0x0E, 0x0E, 0x13, 0x13, 0x06, 0x80, 0x00, 0x2A, 0x02, 0x00, 0x00, 0x02, 0x5D, 
	0xCE, 0x00, 0xC3, 0x59, 0x44, 0xC3, 0x0B, 0x97, 0x59, 0x2C, 0x65, 0x00, 0x5E, 0x2C, 0x65, 0xCB, 
	0x00, 0x02, 0x0B, 0xD4, 0xCA, 0x63, 0x10, 0x0B, 0x2D, 0x28, 0x11, 0x0A, 0x02, 0x00, 0x00, 0x10, 
	0xD5, 0xD4, 0xD5, 0xD4, 0x11, 0x04, 0x8E, 0x02, 0x83, 0x00, 0x86, 0x02, 0x80, 0x04, 0x02, 0x02, 
	0x06, 0x06, 0x82, 0x02, 0x04, 0x00, 0x00, 0x64, 0xD5, 0x12, 0x81, 0x02, 0x02, 0x65, 0xD6, 0x5B, 
	0x83, 0x02, 0x06, 0x0A, 0x04, 0x0A, 0x02, 0x02, 0x00, 0x00, 0x80, 0x02, 0x80, 0x00, 0x06, 0x02, 
	0x0D, 0x94, 0x46, 0x0D, 0x1C, 0x0A, 0x80, 0x02, 0x80, 0x00, 0x0C, 0x42, 0x90, 0x90, 0x41, 0x43, 
	0x02, 0x49, 0x43, 0x0F, 0xA0, 0x50, 0x0F, 0x23, 0x82, 0x02, 0x04, 0x00, 0x38, 0xA0, 0x26, 0x00, 
	0x81, 0x02, 0x01, 0x04, 0x0F, 0x80, 0x02, 0x00, 0x00, 0x80, 0x02, 0x01, 0x7D, 0xA0, 0x80, 0x02, 
	0x80, 0x76, 0x04, 0x7A, 0x53, 0x06, 0x02, 0x02, 0x80, 0x00, 0x80, 0x02, 0x03, 0x04, 0x7A, 0x7B, 
	0x03, 0x82, 0x02, 0x00, 0x00, 0xAD, 0x02, 0x00, 0x06, 0x84, 0x02, 0x24, 0x3A, 0x89, 0x79, 0x3B, 
	0x37, 0x08, 0x1B, 0x77, 0x86, 0x83, 0x08, 0x02, 0x00, 0x07, 0x00, 0x08, 0x03, 0x08, 0x1A, 0x03, 
	0x33, 0x1A, 0x19, 0x37, 0x02, 0x3B, 0x33, 0x1A, 0x3C, 0x00, 0x3E, 0x33, 0x33, 0x6D, 0x01, 0x71, 
	0x33, 0x81, 0x02, 0x81, 0x00, 0x05, 0x17, 0x17, 0x0E, 0x0E, 0x1F, 0x15, 0x80, 0x0E, 0x00, 0x05, 
	0x06, 0x05, 0x0E, 0x05, 0x0E, 0x14, 0x1F, 0x0E, 0x80, 0x13, 0x00, 0x05, 0x80, 0x00, 0x81, 0x02, 
	0x37, 0x10, 0x2A, 0x00, 0x59, 0x29, 0x29, 0x63, 0x0B, 0x64, 0x59, 0x2C, 0x98, 0x00, 0x65, 0x5D, 
	0x64, 0xCB, 0x02, 0x04, 0x0A, 0xC4, 0xD6, 0xD4, 0x02, 0x2C, 0xD5, 0xD5, 0xCB, 0x0B, 0x04, 0x5A, 
	0xC8, 0xCB, 0xD7, 0xCB, 0xC1, 0xC2, 0x0B, 0x0B, 0x04, 0x04, 0x5E, 0x59, 0x02, 0x5E, 0x02, 0x29, 
	0x2C, 0x02, 0x28, 0x0B, 0x0A, 0x10, 0x04, 0x02, 0x02, 0x83, 0x00, 0x84, 0x02, 0x01, 0x06, 0x02, 
	0x81, 0x04, 0x81, 0x02, 0x82, 0x00, 0x02, 0x64, 0xD6, 0x28, 0x80, 0x02, 0x03, 0x00, 0x65, 0xD7, 
	0x5B, 0x83, 0x02, 0x80, 0x04, 0x01, 0x02, 0x02, 0x80, 0x00, 0x01, 0x02, 0x02, 0x80, 0x00, 0x03, 
	0x02, 0x0D, 0x94, 0x46, 0x82, 0x02, 0x00, 0x00, 0x83, 0x02, 0x07, 0x49, 0x8E, 0x02, 0x93, 0x49, 
	0x23, 0xB1, 0x7C, 0x86, 0x02, 0x80, 0x00, 0x8A, 0x02, 0x09, 0xA4, 0xAF, 0x00, 0x02, 0x02, 0x7A, 
	0x4D, 0x19, 0x19, 0x03, 0x80, 0x02, 0x01, 0x00, 0x00, 0x82, 0x02, 0x02, 0x79, 0x82, 0x03, 0x82, 
	0x02, 0x80, 0x00, 0x04, 0x02, 0x02, 0x06, 0x02, 0x04, 0x80, 0x02, 0x00, 0x06, 0x90, 0x02, 0x04, 
	0x06, 0x06, 0x04, 0x04, 0x06, 0x84, 0x02, 0x0A, 0x06, 0x07, 0x06, 0x03, 0x07, 0x06, 0x19, 0x08, 
	0x07, 0x38, 0x00, 0x80, 0x02, 0x24, 0x07, 0x18, 0x03, 0x04, 0x02, 0x3E, 0x37, 0x77, 0x86, 0x89, 
	0x07, 0x02, 0x3B, 0x7B, 0x01, 0x75, 0x3B, 0x33, 0x7B, 0x01, 0x6D, 0x37, 0x32, 0x6D, 0x01, 0x3C, 
	0x33, 0x1A, 0x3C, 0x02, 0x3B, 0x1B, 0x1A, 0x37, 0x02, 0x3A, 0x08, 0x84, 0x00, 0x06, 0x06, 0x0C, 
	0x13, 0x0E, 0x13, 0x24, 0x16, 0x80, 0x0E, 0x00, 0x05, 0x00, 0x05, 0x80, 0x0E, 0x01, 0x13, 0x2F, 
	0x80, 0x0E, 0x01, 0x13, 0x05, 0x82, 0x00, 0x83, 0x02, 0x82, 0x04, 0x01, 0x02, 0x02, 0x81, 0x00, 
	0x28, 0x62, 0xCB, 0x0B, 0x0A, 0x0A, 0x59, 0xCB, 0xC7, 0x02, 0x2D, 0xD5, 0xD6, 0xD4, 0x2C, 0x2B, 
	0x62, 0xD4, 0xD4, 0xD7, 0xCB, 0x02, 0x02, 0x1E, 0xC5, 0x0B, 0x04, 0x65, 0x64, 0x0B, 0xCE, 0x02, 
	0x63, 0xC2, 0x02, 0xC7, 0x5A, 0x2A, 0xCE, 0x04, 0x66, 0x64, 0x80, 0x00, 0x1B, 0x60, 0xC1, 0x00, 
	0x02, 0x02, 0x0B, 0xC2, 0x0B, 0x59, 0x63, 0x06, 0x60, 0x59, 0x0B, 0x63, 0x10, 0x29, 0x5D, 0x02, 
	0x44, 0x29, 0x00, 0x00, 0x02, 0x02, 0x63, 0xD5, 0x28, 0x81, 0x02, 0x03, 0x62, 0xD5, 0x5B, 0x00, 
	0x83, 0x02, 0x80, 0x04, 0x00, 0x02, 0x80, 0x00, 0x00, 0x02, 0x80, 0x00, 0x04, 0x02, 0x02, 0x0D, 
	0x94, 0x46, 0x81, 0x02, 0x01, 0x00, 0x00, 0x83, 0x02, 0x07, 0x1D, 0x21, 0x06, 0x20, 0x0D, 0x02, 
	0x27, 0x16, 0x86, 0x02, 0x01, 0x00, 0x00, 0x80, 0x02, 0x01, 0x04, 0x0A, 0x86, 0x02, 0x06, 0x7D, 
	0xA4, 0x00, 0x02, 0x02, 0x19, 0x07, 0x83, 0x02, 0x02, 0x18, 0x19, 0x06, 0x81, 0x02, 0x02, 0x76, 
	0x76, 0x03, 0x81, 0x02, 0x09, 0x19, 0x7B, 0x37, 0x3A, 0x19, 0x02, 0x06, 0x33, 0x3B, 0x3A, 0x80, 
	0x02, 0x06, 0x1A, 0x19, 0x08, 0x36, 0x02, 0x1A, 0x37, 0x80, 0x02, 0x1F, 0x07, 0x3D, 0x07, 0x1A, 
	0x3D, 0x00, 0x3D, 0x37, 0x07, 0x7A, 0x03, 0x4D, 0x53, 0x02, 0x7A, 0x39, 0x36, 0x7A, 0x02, 0x7D, 
	0x7A, 0x03, 0xB5, 0x1A, 0x36, 0x3D, 0x00, 0x7E, 0x40, 0x25, 0x7E, 0x00, 0x80, 0x02, 0x14, 0x03, 
	0x08, 0x06, 0x02, 0x00, 0x3E, 0x3A, 0x3C, 0x70, 0x6D, 0x00, 0x02, 0x19, 0x3A, 0x02, 0x1A, 0x08, 
	0x03, 0x08, 0x00, 0x03, 0x88, 0x02, 0x00, 0x00, 0x81, 0x02, 0x84, 0x00, 0x06, 0x05, 0x17, 0x13, 
	0x0E, 0x0E, 0x24, 0x14, 0x80, 0x0E, 0x00, 0x05, 0x00, 0x05, 0x80, 0x0E, 0x06, 0x13, 0x2F, 0x0E, 
	0x13, 0x0E, 0x13, 0x05, 0x80, 0x00, 0x85, 0x02, 0x00, 0x04, 0x81, 0x02, 0x83, 0x00, 0x0D, 0x62, 
	0xD5, 0xD4, 0x65, 0x04, 0x02, 0x0A, 0x02, 0x29, 0x00, 0xCB, 0xD7, 0xD6, 0xCA, 0x80, 0xD6, 0x0A, 
	0xD4, 0x67, 0x5B, 0x00, 0x02, 0xCB, 0xD4, 0x10, 0x04, 0x04, 0x02, 0x80, 0x00, 0x09, 0x02, 0x0B, 
	0x04, 0x1E, 0x0B, 0x10, 0x59, 0x02, 0x2C, 0x2C, 0x80, 0x00, 0x23, 0x44, 0x60, 0x00, 0x02, 0x02, 
	0x0B, 0xC2, 0x10, 0x5D, 0x66, 0x02, 0x97, 0x60, 0x0B, 0xC7, 0x1E, 0x5A, 0xC3, 0x00, 0xC2, 0x63, 
	0x00, 0x00, 0x02, 0x02, 0x2D, 0x63, 0xCA, 0xD1, 0xC8, 0xCB, 0xCB, 0xC5, 0x97, 0x2D, 0x00, 0x81, 
	0x02, 0x17, 0x2D, 0xC3, 0x0B, 0x61, 0x61, 0x06, 0x49, 0x45, 0x00, 0x04, 0x02, 0x46, 0x8F, 0x02, 
	0x02, 0x0A, 0x48, 0x8D, 0x48, 0x0A, 0x0D, 0x00, 0x46, 0x48, 0x98, 0x02, 0x05, 0x04, 0x7C, 0x52, 
	0x0F, 0x55, 0x03, 0x84, 0x02, 0x00, 0x00, 0x87, 0x02, 0x03, 0x19, 0xAB, 0x87, 0x03, 0x88, 0x02, 
	0x35, 0x1B, 0x84, 0x80, 0x70, 0x34, 0x06, 0x02, 0x6E, 0x81, 0x77, 0x02, 0x00, 0x00, 0x7B, 0x3B, 
	0x1A, 0x7B, 0x03, 0x3D, 0x76, 0x06, 0x02, 0x02, 0x08, 0x7B, 0x08, 0x39, 0x7A, 0x00, 0x7A, 0x3D, 
	0x07, 0x7A, 0x03, 0x3D, 0x4D, 0x02, 0x4D, 0x36, 0x23, 0x39, 0x06, 0x39, 0x38, 0x04, 0x36, 0x03, 
	0x07, 0x08, 0x00, 0x08, 0x03, 0x00, 0x07, 0x88, 0x02, 0x81, 0x00, 0x92, 0x02, 0x00, 0x00, 0x83, 
	0x02, 0x82, 0x00, 0x01, 0x05, 0x0C, 0x80, 0x0E, 0x01, 0x2F, 0x13, 0x80, 0x0E, 0x00, 0x05, 0x00, 
	0x05, 0x81, 0x0E, 0x01, 0x24, 0x0E, 0x80, 0x13, 0x00, 0x05, 0x80, 0x00, 0x81, 0x02, 0x09, 0x10, 
	0x64, 0x04, 0x59, 0x2C, 0x04, 0x2C, 0x02, 0x04, 0x02, 0x82, 0x00, 0x0D, 0x67, 0xD6, 0xD6, 0xC4, 
	0x04, 0x02, 0x04, 0x02, 0x1E, 0x10, 0xCB, 0xD6, 0xD6, 0xCA, 0x80, 0xD6, 0x00, 0xD4, 0x81, 0x00, 
	0x10, 0xD1, 0xC4, 0x04, 0x02, 0x04, 0x04, 0x02, 0x00, 0x00, 0x02, 0x06, 0x06, 0x02, 0x06, 0x06, 
	0x04, 0x02, 0x80, 0x00, 0x03, 0x5B, 0x59, 0x00, 0x00, 0x80, 0x02, 0x02, 0x06, 0x02, 0x06, 0x80, 
	0x02, 0x02, 0x04, 0x02, 0x02, 0x80, 0x04, 0x04, 0x06, 0x00, 0x02, 0x00, 0x00, 0x81, 0x02, 0x08, 
	0x04, 0x97, 0xC6, 0x97, 0xC8, 0xCA, 0xC1, 0x00, 0x00, 0x81, 0x02, 0x0D, 0x04, 0x1E, 0x63, 0x04, 
	0x45, 0x46, 0x04, 0x48, 0x21, 0x00, 0x06, 0x02, 0x46, 0x49, 0x81, 0x02, 0x06, 0x49, 0x48, 0x04, 
	0x0A, 0x02, 0x46, 0x48, 0x83, 0x02, 0x01, 0x0A, 0x0A, 0x82, 0x02, 0x04, 0x0D, 0x0D, 0x02, 0x00, 
	0x00, 0x87, 0x02, 0x05, 0xA0, 0x7D, 0x0F, 0x57, 0x03, 0x04, 0x8E, 0x02, 0x05, 0x1A, 0x87, 0x87, 
	0x03, 0x04, 0x06, 0x85, 0x02, 0x15, 0x00, 0x1B, 0x82, 0x80, 0x79, 0x37, 0x02, 0x00, 0x3B, 0x6E, 
	0x3E, 0x33, 0x33, 0x01, 0x19, 0x08, 0x03, 0x08, 0x02, 0x03, 0x03, 0x06, 0x83, 0x02, 0x03, 0x00, 
	0x02, 0x00, 0x00, 0x89, 0x02, 0x00, 0x06, 0x80, 0x02, 0x01, 0x06, 0x06, 0x83, 0x02, 0x00, 0x06, 
	0x83, 0x02, 0x00, 0x00, 0x81, 0x02, 0x02, 0x00, 0x00, 0x02, 0x81, 0x06, 0x01, 0x02, 0x02, 0x82, 
	0x00, 0x02, 0x02, 0x02, 0x03, 0x81, 0x02, 0x06, 0x19, 0x03, 0x1B, 0x1B, 0x01, 0x3B, 0x07, 0x84, 
	0x00, 0x00, 0x05, 0x80, 0x13, 0x01, 0x0E, 0x2F, 0x81, 0x0E, 0x00, 0x05, 0x05, 0x05, 0x0E, 0x0E, 
	0x0C, 0x05, 0x1F, 0x81, 0x0E, 0x00, 0x17, 0x81, 0x00, 0x80, 0x02, 0x12, 0x12, 0xC5, 0x0B, 0x65, 
	0x63, 0x10, 0xCF, 0x04, 0x98, 0x66, 0x10, 0xCE, 0x04, 0x64, 0x63, 0x5B, 0xD6, 0xD7, 0xC4, 0x81, 
	0x02, 0x0F, 0x00, 0x65, 0xD4, 0x59, 0x5A, 0x59, 0x65, 0xC1, 0xC6, 0xC2, 0x00, 0x00, 0x28, 0x65, 
	0xCB, 0x5B, 0x84, 0x02, 0x11, 0x04, 0x04, 0x02, 0x02, 0x06, 0x02, 0x06, 0x02, 0x00, 0x04, 0x2A, 
	0xC8, 0xC6, 0x00, 0x02, 0x02, 0x44, 0x2C, 0x93, 0x02, 0x06, 0x10, 0x11, 0x11, 0x10, 0x04, 0x00, 
	0x00, 0x86, 0x02, 0x03, 0x04, 0x04, 0x02, 0x02, 0x82, 0x00, 0x85, 0x02, 0x00, 0x00, 0x85, 0x02, 
	0x03, 0x21, 0x93, 0x93, 0x46, 0x81, 0x02, 0x04, 0x91, 0x94, 0x91, 0x02, 0x00, 0x88, 0x02, 0x80, 
	0x00, 0x02, 0x02, 0x24, 0x4E, 0x8E, 0x02, 0x05, 0x08, 0x07, 0x38, 0x4D, 0x03, 0x06, 0x86, 0x02, 
	0x03, 0x19, 0x89, 0x86, 0x3E, 0x80, 0x02, 0x04, 0x00, 0x37, 0x80, 0x80, 0x18, 0x99, 0x02, 0x81, 
	0x06, 0x01, 0x02, 0x06, 0x84, 0x02, 0x81, 0x06, 0x81, 0x02, 0x81, 0x00, 0x1C, 0x01, 0x02, 0x1A, 
	0x07, 0x1A, 0x3A, 0x03, 0x3B, 0x19, 0x1A, 0x37, 0x00, 0x3E, 0x19, 0x3A, 0x3B, 0x01, 0x71, 0x1A, 
	0x07, 0x08, 0x03, 0x7B, 0x1A, 0x3C, 0x3E, 0x07, 0x71, 0x08, 0x81, 0x02, 0x80, 0x00, 0x01, 0x05, 
	0x17, 0x80, 0x13, 0x05, 0x24, 0x0E, 0x0C, 0x0E, 0x0E, 0x05, 0x00, 0x05, 0x80, 0x0E, 0x02, 0x05, 
	0x24, 0x0E, 0x80, 0x13, 0x00, 0x17, 0x81, 0x00, 0x81, 0x02, 0x11, 0x04, 0x04, 0x02, 0x04, 0x02, 
	0x10, 0x00, 0x2A, 0x2A, 0x00, 0x63, 0x02, 0x5D, 0x5D, 0x5A, 0xD6, 0xD5, 0xC4, 0x81, 0x02, 0x23, 
	0x00, 0x62, 0xD5, 0x1E, 0x02, 0x02, 0x04, 0x0A, 0x0A, 0x02, 0x02, 0x00, 0x44, 0xD5, 0xD7, 0x67, 
	0x02, 0x00, 0x60, 0x65, 0x0A, 0xC1, 0x2D, 0x2C, 0x64, 0x04, 0x5E, 0x44, 0x02, 0x5E, 0x02, 0x29, 
	0x59, 0x67, 0xD4, 0xCB, 0x80, 0x02, 0x01, 0xC1, 0x65, 0x83, 0x02, 0x04, 0x04, 0x04, 0x02, 0x02, 
	0x06, 0x80, 0x02, 0x0C, 0x06, 0x04, 0x06, 0x04, 0x02, 0x02, 0x06, 0x02, 0xCB, 0xD4, 0xD1, 0xD5, 
	0xD3, 0x80, 0x02, 0x00, 0x04, 0x82, 0x02, 0x00, 0x00, 0x98, 0x02, 0x03, 0x48, 0x94, 0x94, 0x48, 
	0x81, 0x02, 0x05, 0x8F, 0x94, 0x90, 0x0A, 0x00, 0x00, 0x87, 0x02, 0x80, 0x00, 0x02, 0x02, 0x55, 
	0xA3, 0x90, 0x02, 0x02, 0x76, 0x83, 0x08, 0x87, 0x02, 0x03, 0x03, 0x82, 0x86, 0x3D, 0x80, 0x02, 
	0x04, 0x00, 0x37, 0x89, 0x89, 0x18, 0x83, 0x02, 0x00, 0x06, 0x89, 0x02, 0x3D, 0x00, 0x02, 0x00, 
	0x00, 0x02, 0x03, 0x02, 0x03, 0x08, 0x06, 0x23, 0x19, 0x03, 0x38, 0x03, 0x36, 0x36, 0x00, 0x3D, 
	0x19, 0x1A, 0x3E, 0x03, 0x6D, 0x36, 0x1A, 0x76, 0x02, 0x02, 0x00, 0x07, 0x7B, 0x08, 0x3E, 0x3E, 
	0x01, 0x71, 0x19, 0x3E, 0x6D, 0x03, 0x6D, 0x1B, 0x36, 0x3B, 0x00, 0x3E, 0x19, 0x33, 0x37, 0x00, 
	0x37, 0x18, 0x03, 0x03, 0x06, 0x18, 0x03, 0x03, 0x01, 0x02, 0x00, 0x80, 0x02, 0x82, 0x00, 0x00, 
	0x05, 0x81, 0x13, 0x05, 0x24, 0x05, 0x05, 0x0E, 0x0E, 0x05, 0x00, 0x05, 0x80, 0x0E, 0x01, 0x0C, 
	0x24, 0x82, 0x13, 0x82, 0x00, 0x84, 0x02, 0x84, 0x00, 0x08, 0x02, 0x04, 0x04, 0x28, 0xC1, 0xD4, 
	0xD4, 0xCB, 0x10, 0x80, 0x00, 0x05, 0x59, 0xC8, 0x97, 0xC1, 0x65, 0x65, 0x80, 0x5B, 0x19, 0x28, 
	0x1E, 0x2C, 0xD6, 0xD7, 0x62, 0x02, 0x00, 0x5A, 0x64, 0x04, 0xC3, 0x2B, 0x59, 0xC3, 0x04, 0xC2, 
	0x63, 0x0B, 0xC7, 0x04, 0x5E, 0xC3, 0x28, 0xD1, 0xCB, 0x80, 0x02, 0x01, 0xC4, 0xC6, 0x80, 0x02, 
	0x25, 0x5A, 0xC5, 0x04, 0x65, 0x63, 0x02, 0xC2, 0x28, 0x2A, 0x66, 0x02, 0x63, 0x5E, 0x04, 0x63, 
	0x29, 0x29, 0x5E, 0x02, 0x44, 0x5A, 0x5A, 0x67, 0x5E, 0x02, 0x2C, 0x04, 0x1E, 0x1E, 0x02, 0x10, 
	0x02, 0x00, 0x02, 0x00, 0x00, 0x02, 0x00, 0x83, 0x02, 0x01, 0x0A, 0x04, 0x81, 0x02, 0x80, 0x00, 
	0x85, 0x02, 0x03, 0x48, 0x94, 0x94, 0x48, 0x81, 0x02, 0x07, 0x8F, 0x94, 0x94, 0x0A, 0x00, 0x00, 
	0x02, 0x06, 0x84, 0x02, 0x01, 0x00, 0x00, 0x80, 0x02, 0x01, 0x26, 0x55, 0x81, 0x02, 0x00, 0x06, 
	0x81, 0x02, 0x01, 0x03, 0x0F, 0x85, 0x02, 0x02, 0x36, 0x3E, 0x03, 0x87, 0x02, 0x03, 0x06, 0x6D, 
	0x79, 0x3A, 0x80, 0x02, 0x0B, 0x00, 0x07, 0x1A, 0x1A, 0x00, 0x02, 0x02, 0x19, 0x3D, 0x03, 0x36, 
	0x3D, 0x80, 0x02, 0x23, 0x18, 0x3E, 0x03, 0x19, 0x1A, 0x02, 0x7A, 0x39, 0x02, 0x19, 0x00, 0x7A, 
	0x53, 0x00, 0x7E, 0x39, 0x53, 0x7E, 0x04, 0x7E, 0x7A, 0x07, 0x7E, 0x01, 0x3E, 0x6D, 0x00, 0x7A, 
	0x1A, 0x37, 0x6D, 0x03, 0x3E, 0x33, 0x19, 0x3E, 0x80, 0x02, 0x06, 0x00, 0x37, 0x01, 0x19, 0x19, 
	0x02, 0x09, 0x80, 0x03, 0x03, 0x02, 0x02, 0x06, 0x02, 0x80, 0x00, 0x80, 0x02, 0x02, 0x03, 0x18, 
	0x03, 0x83, 0x02, 0x80, 0x00, 0x81, 0x02, 0x81, 0x00, 0x0A, 0x17, 0x0C, 0x17, 0x13, 0x0E, 0x1F, 
	0x05, 0x05, 0x0E, 0x0E, 0x05, 0x05, 0x05, 0x0E, 0x0C, 0x0E, 0x05, 0x1F, 0x82, 0x13, 0x82, 0x00, 
	0x80, 0x02, 0x00, 0x04, 0x80, 0x02, 0x83, 0x00, 0x09, 0x02, 0x06, 0x04, 0x04, 0x02, 0x0B, 0xCB, 
	0xD6, 0xD6, 0x28, 0x81, 0x00, 0x01, 0x02, 0xD4, 0x80, 0xD7, 0x08, 0xCB, 0xD1, 0xD7, 0xC4, 0xD5, 
	0xD5, 0xD7, 0xD7, 0x65, 0x81, 0x00, 0x0F, 0x02, 0x04, 0x02, 0x04, 0x04, 0x02, 0x02, 0x00, 0x00, 
	0x02, 0x00, 0x02, 0x04, 0x00, 0x5A, 0x59, 0x80, 0x02, 0x01, 0x5D, 0x5D, 0x80, 0x02, 0x11, 0x2A, 
	0x64, 0x02, 0x5E, 0x5E, 0x00, 0x98, 0x28, 0x2C, 0xC2, 0x02, 0x65, 0x66, 0x02, 0xC3, 0x44, 0x59, 
	0xC5, 0x81, 0x02, 0x16, 0x00, 0x00, 0x0B, 0xCF, 0x0A, 0xC2, 0xC2, 0x02, 0xC7, 0x5E, 0x11, 0xCE, 
	0x00, 0x48, 0x96, 0x00, 0x96, 0x48, 0x02, 0x02, 0x04, 0x41, 0x8D, 0x81, 0x02, 0x06, 0x8D, 0x41, 
	0x21, 0x49, 0x02, 0x46, 0x49, 0x82, 0x02, 0x03, 0x41, 0x90, 0x94, 0x8E, 0x81, 0x8F, 0x03, 0x90, 
	0x94, 0x93, 0x0A, 0x80, 0x02, 0x09, 0xA3, 0x56, 0x06, 0x02, 0x02, 0x56, 0x7C, 0x02, 0x7C, 0x56, 
	0x86, 0x02, 0x01, 0x56, 0x7C, 0x80, 0x02, 0x01, 0x19, 0x25, 0x93, 0x02, 0x02, 0x37, 0x6D, 0x1A, 
	0x81, 0x02, 0x00, 0x00, 0x82, 0x02, 0x22, 0x1A, 0x76, 0x03, 0x3B, 0x3E, 0x06, 0x02, 0x02, 0x19, 
	0x3E, 0x03, 0x19, 0x19, 0x02, 0x3D, 0x25, 0x02, 0x08, 0x02, 0x38, 0x36, 0x02, 0x39, 0x19, 0x0F, 
	0x19, 0x04, 0x08, 0x07, 0x02, 0x03, 0x02, 0x00, 0x00, 0x06, 0x89, 0x02, 0x01, 0x00, 0x00, 0x85, 
	0x02, 0x00, 0x00, 0x81, 0x02, 0x00, 0x00, 0x81, 0x02, 0x02, 0x37, 0x77, 0x18, 0x80, 0x02, 0x03, 
	0x06, 0x02, 0x02, 0x00, 0x83, 0x02, 0x81, 0x00, 0x06, 0x13, 0x0C, 0x17, 0x13, 0x0E, 0x24, 0x05, 
	0x80, 0x0E, 0x00, 0x05, 0x0A, 0x05, 0x13, 0x13, 0x0C, 0x05, 0x1F, 0x13, 0x13, 0x0E, 0x13, 0x0E, 
	0x81, 0x00, 0x81, 0x02, 0x18, 0xC5, 0x29, 0x60, 0x64, 0x00, 0x66, 0x12, 0x59, 0x5D, 0x06, 0x5E, 
	0x12, 0x29, 0x2A, 0x02, 0x04, 0x65, 0xCB, 0xD4, 0x97, 0x60, 0x00, 0x02, 0x02, 0x04, 0x80, 0xD4, 
	0x04, 0xD7, 0xCB, 0xCB, 0xD7, 0xC8, 0x80, 0xD6, 0x01, 0xCB, 0x60, 0x81, 0x00, 0x81, 0x02, 0x06, 
	0x04, 0x02, 0x00, 0x00, 0x02, 0x02, 0x00, 0x80, 0x02, 0x01, 0x1E, 0x12, 0x80, 0x02, 0x02, 0xC1, 
	0xC4, 0x04, 0x82, 0x02, 0x83, 0x00, 0x00, 0x06, 0x8B, 0x02, 0x0F, 0x04, 0x11, 0x04, 0x1E, 0x1E, 
	0x06, 0x2D, 0x11, 0x02, 0x2C, 0x00, 0x20, 0x2A, 0x00, 0x41, 0x21, 0x80, 0x04, 0x01, 0x21, 0x48, 
	0x81, 0x02, 0x08, 0x48, 0x21, 0x22, 0x48, 0x00, 0x41, 0x46, 0x04, 0x04, 0x81, 0x02, 0x01, 0x46, 
	0x49, 0x80, 0x93, 0x04, 0x94, 0x94, 0x93, 0x8F, 0x46, 0x81, 0x02, 0x0B, 0xA3, 0x52, 0x02, 0x02, 
	0x00, 0x52, 0x7C, 0x02, 0x56, 0x52, 0x04, 0x04, 0x80, 0x02, 0x00, 0x00, 0x80, 0x02, 0x01, 0x50, 
	0x56, 0x80, 0x02, 0x01, 0x07, 0x0F, 0x87, 0x02, 0x00, 0x00, 0x88, 0x02, 0x02, 0x19, 0x33, 0x08, 
	0x88, 0x02, 0x02, 0x06, 0x02, 0x06, 0x85, 0x02, 0x00, 0x06, 0x9B, 0x02, 0x00, 0x06, 0x83, 0x02, 
	0x01, 0x06, 0x06, 0x82, 0x02, 0x01, 0x06, 0x06, 0x80, 0x02, 0x10, 0x03, 0x1B, 0x08, 0x02, 0x02, 
	0x19, 0x33, 0x07, 0x33, 0x19, 0x08, 0x3E, 0x01, 0x3B, 0x33, 0x1B, 0x71, 0x80, 0x00, 0x00, 0x02, 
	0x81, 0x00, 0x01, 0x13, 0x17, 0x80, 0x13, 0x05, 0x1F, 0x05, 0x0C, 0x0C, 0x0E, 0x05, 0x00, 0x05, 
	0x80, 0x13, 0x03, 0x0C, 0x2F, 0x14, 0x0E, 0x80, 0x13, 0x00, 0x06, 0x80, 0x00, 0x81, 0x02, 0x28, 
	0x5E, 0x12, 0x44, 0x5D, 0x00, 0x66, 0x1E, 0x5E, 0x64, 0x04, 0xC5, 0x2C, 0x66, 0xC2, 0x04, 0x02, 
	0x02, 0x00, 0xC6, 0xD7, 0xD4, 0x02, 0x02, 0x04, 0x04, 0x10, 0x28, 0x5B, 0xD7, 0xCB, 0xCB, 0xD7, 
	0xC6, 0x63, 0x64, 0x65, 0x2A, 0x00, 0x04, 0x00, 0x00, 0x80, 0x02, 0x02, 0x06, 0x02, 0x02, 0x81, 
	0x00, 0x06, 0x02, 0x02, 0x59, 0x98, 0x0A, 0xC8, 0xCA, 0x80, 0x02, 0x06, 0xC4, 0xD4, 0x04, 0x02, 
	0x02, 0x04, 0x02, 0x83, 0x00, 0x94, 0x02, 0x84, 0x00, 0x01, 0x02, 0x02, 0x82, 0x04, 0x81, 0x02, 
	0x83, 0x00, 0x02, 0x02, 0x04, 0x04, 0x81, 0x02, 0x03, 0x00, 0x00, 0x02, 0x02, 0x80, 0x0A, 0x87, 
	0x02, 0x81, 0x00, 0x01, 0x02, 0x04, 0x83, 0x02, 0x01, 0x00, 0x00, 0x84, 0x02, 0x00, 0x00, 0x86, 
	0x02, 0x02, 0x25, 0x3D, 0x00, 0xB7, 0x02, 0x00, 0x06, 0x82, 0x02, 0x2A, 0x01, 0x02, 0x03, 0x08, 
	0x02, 0x18, 0x07, 0x07, 0x36, 0x02, 0x3A, 0x33, 0x08, 0x6D, 0x01, 0x3B, 0x37, 0x08, 0x71, 0x08, 
	0x02, 0x02, 0x37, 0x80, 0x3C, 0x02, 0x02, 0x0F, 0x1A, 0x07, 0x37, 0x19, 0x19, 0x6D, 0x00, 0x3B, 
	0x32, 0x19, 0x3B, 0x02, 0x00, 0x02, 0x02, 0x80, 0x00, 0x00, 0x06, 0x82, 0x13, 0x05, 0x24, 0x0C, 
	0x05, 0x0E, 0x0E, 0x05, 0x00, 0x05, 0x81, 0x0E, 0x01, 0x1F, 0x14, 0x81, 0x13, 0x00, 0x05, 0x80, 
	0x00, 0x82, 0x02, 0x81, 0x00, 0x80, 0x02, 0x05, 0x04, 0x04, 0x0A, 0x04, 0x0B, 0x11, 0x80, 0x02, 
	0x03, 0x00, 0x5A, 0xC6, 0xC2, 0x81, 0x0B, 0x26, 0x02, 0x02, 0x59, 0xD5, 0xCB, 0xCA, 0xD7, 0xC6, 
	0x0A, 0x02, 0x02, 0x04, 0x02, 0xCF, 0x2B, 0x5E, 0xC5, 0x02, 0xC2, 0x5E, 0x12, 0xC3, 0x00, 0x60, 
	0x63, 0x02, 0x66, 0x28, 0x2D, 0x63, 0x0A, 0xCB, 0xCB, 0x04, 0x02, 0x02, 0xC4, 0xD4, 0x0A, 0x80, 
	0x02, 0x00, 0x10, 0x82, 0x00, 0x84, 0x02, 0x05, 0x06, 0x02, 0x06, 0x02, 0x06, 0x06, 0x82, 0x02, 
	0x81, 0x04, 0x80, 0x02, 0x83, 0x00, 0x83, 0x02, 0x00, 0x04, 0x81, 0x02, 0x82, 0x00, 0x02, 0x02, 
	0x02, 0x04, 0x83, 0x02, 0x01, 0x00, 0x00, 0x8A, 0x02, 0x00, 0x00, 0x9C, 0x02, 0x01, 0x76, 0x77, 
	0x96, 0x02, 0x00, 0x06, 0x80, 0x02, 0x01, 0x03, 0x19, 0x81, 0x02, 0x3D, 0x06, 0x03, 0x03, 0x02, 
	0x08, 0x03, 0x0F, 0x19, 0x02, 0x23, 0x19, 0x02, 0x38, 0x03, 0x25, 0x39, 0x02, 0x53, 0x38, 0x25, 
	0x56, 0x06, 0x4D, 0x3D, 0x07, 0x7A, 0x07, 0x3D, 0x6D, 0x00, 0x7A, 0x1B, 0x3D, 0x76, 0x01, 0x71, 
	0x36, 0x1A, 0x6D, 0x03, 0x3E, 0x3B, 0x08, 0x71, 0x01, 0x3B, 0x3A, 0x07, 0x3E, 0x07, 0x02, 0x02, 
	0x33, 0x70, 0x34, 0x02, 0x02, 0x08, 0x19, 0x03, 0x00, 0x00, 0x88, 0x02, 0x80, 0x00, 0x01, 0x05, 
	0x0C, 0x80, 0x13, 0x01, 0x14, 0x15, 0x80, 0x05, 0x01, 0x0C, 0x05, 0x00, 0x05, 0x81, 0x0E, 0x01, 
	0x1F, 0x14, 0x81, 0x13, 0x00, 0x05, 0x80, 0x00, 0x81, 0x02, 0x81, 0x00, 0x8A, 0x02, 0x05, 0x00, 
	0x00, 0x02, 0x04, 0xC3, 0xD5, 0x80, 0xD4, 0x06, 0xD1, 0xCB, 0x59, 0x44, 0x44, 0x67, 0x59, 0x82, 
	0x02, 0x13, 0x59, 0x11, 0x2D, 0x5B, 0x00, 0x5E, 0x2C, 0x10, 0x66, 0x00, 0x5E, 0x60, 0x02, 0xC2, 
	0x2A, 0x04, 0x0A, 0x04, 0xC8, 0xCA, 0x80, 0x02, 0x2C, 0xC1, 0xD1, 0x04, 0x02, 0x02, 0x28, 0xCF, 
	0x04, 0x66, 0xC2, 0x00, 0xC5, 0x5D, 0x28, 0xCE, 0x02, 0x66, 0x66, 0x02, 0x98, 0x59, 0x1E, 0x98, 
	0x04, 0x5D, 0x63, 0x06, 0x63, 0x2C, 0x04, 0x64, 0x02, 0x2C, 0x5D, 0x02, 0x5D, 0x2A, 0x02, 0x5F, 
	0x02, 0x1E, 0x2A, 0x02, 0x20, 0x20, 0x80, 0x02, 0x00, 0x04, 0x82, 0x02, 0x81, 0x00, 0x96, 0x02, 
	0x00, 0x00, 0x9C, 0x02, 0x02, 0x36, 0x39, 0x03, 0x80, 0x06, 0x8C, 0x02, 0x02, 0x07, 0x37, 0x19, 
	0x80, 0x02, 0x35, 0x36, 0x1A, 0x00, 0x02, 0x4D, 0x87, 0x02, 0x02, 0x25, 0x3D, 0x03, 0x3E, 0x4D, 
	0x03, 0x7E, 0x39, 0x3D, 0x7E, 0x03, 0x7E, 0x53, 0x01, 0xA4, 0x08, 0x53, 0x7D, 0x02, 0x7E, 0x4F, 
	0x36, 0x7D, 0x02, 0x4D, 0x3D, 0x07, 0x3E, 0x03, 0x36, 0x3A, 0x00, 0x37, 0x07, 0x19, 0x1A, 0x02, 
	0x19, 0x07, 0x06, 0x03, 0x02, 0x03, 0x02, 0x02, 0x00, 0x87, 0x02, 0x03, 0x08, 0x70, 0x3C, 0x06, 
	0x81, 0x00, 0x87, 0x02, 0x81, 0x00, 0x0B, 0x05, 0x0C, 0x0E, 0x13, 0x13, 0x14, 0x15, 0x05, 0x05, 
	0x0C, 0x0C, 0x05, 0x00, 0x05, 0x80, 0x0E, 0x02, 0x0C, 0x15, 0x16, 0x81, 0x13, 0x00, 0x05, 0x80, 
	0x00, 0x81, 0x02, 0x0C, 0x44, 0x29, 0x04, 0x28, 0x02, 0x0B, 0x02, 0x04, 0x0A, 0x04, 0x0A, 0x06, 
	0x02, 0x83, 0x00, 0x03, 0x02, 0x04, 0x5B, 0xC6, 0x82, 0xC4, 0x02, 0x02, 0x00, 0x00, 0x83, 0x02, 
	0x01, 0x04, 0x04, 0x80, 0x02, 0x83, 0x00, 0x0E, 0x02, 0x02, 0x06, 0x02, 0x04, 0x04, 0x02, 0x04, 
	0x0B, 0x0B, 0x04, 0x02, 0x02, 0x28, 0x2B, 0x81, 0x02, 0x26, 0x2B, 0x02, 0x29, 0x2C, 0x02, 0x5E, 
	0x2A, 0x10, 0x63, 0x02, 0x5D, 0x5E, 0x02, 0x66, 0x44, 0x1E, 0xC2, 0x02, 0x60, 0x65, 0x04, 0xC2, 
	0x59, 0x04, 0xCE, 0x02, 0x60, 0x98, 0x02, 0x98, 0x5E, 0x10, 0xCE, 0x0B, 0x61, 0x98, 0x02, 0x96, 
	0x61, 0x85, 0x02, 0x84, 0x00, 0x00, 0x06, 0x87, 0x00, 0x00, 0x06, 0x80, 0x02, 0x80, 0x06, 0x81, 
	0x02, 0x80, 0x00, 0x80, 0x02, 0x80, 0x00, 0x01, 0x02, 0x02, 0x95, 0x00, 0x83, 0x03, 0x00, 0x02, 
	0x82, 0x00, 0x00, 0x02, 0x83, 0x00, 0x1C, 0x03, 0x3A, 0x1A, 0x04, 0x02, 0x02, 0x33, 0x1A, 0x00, 
	0x02, 0x39, 0x7B, 0x02, 0x02, 0x19, 0x36, 0x04, 0x25, 0x25, 0x02, 0x36, 0x08, 0x08, 0x19, 0x06, 
	0x0F, 0x07, 0x02, 0x08, 0xA4, 0x02, 0x10, 0x03, 0x09, 0x08, 0x6D, 0x3B, 0x3A, 0x3B, 0x00, 0x02, 
	0x00, 0x00, 0x01, 0x00, 0x08, 0x03, 0x19, 0x1B, 0x80, 0x02, 0x81, 0x00, 0x00, 0x05, 0x81, 0x13, 
	0x01, 0x16, 0x15, 0x81, 0x0E, 0x00, 0x05, 0x00, 0x05, 0x80, 0x0E, 0x02, 0x0C, 0x14, 0x15, 0x81, 
	0x13, 0x00, 0x05, 0x81, 0x00, 0x80, 0x02, 0x18, 0x66, 0x60, 0x2C, 0xC3, 0x02, 0xC2, 0x63, 0x2C, 
	0xC3, 0x0A, 0x66, 0x5E, 0x28, 0x63, 0x00, 0x5E, 0x44, 0x11, 0x5D, 0x04, 0x12, 0x10, 0x0B, 0x1E, 
	0x04, 0x84, 0x00, 0x00, 0x02, 0x80, 0x04, 0x00, 0x0A, 0x80, 0x04, 0x01, 0x02, 0x02, 0x83, 0x00, 
	0x02, 0x02, 0x02, 0x06, 0x83, 0x02, 0x06, 0x04, 0x2D, 0x2B, 0x04, 0xC1, 0xD1, 0x02, 0x81, 0x00, 
	0x02, 0x02, 0x02, 0x06, 0x83, 0x02, 0x00, 0x00, 0x86, 0x02, 0x00, 0x04, 0x80, 0x02, 0x82, 0x00, 
	0x83, 0x02, 0x00, 0x0A, 0x86, 0x02, 0x86, 0x00, 0x00, 0x02, 0x8D, 0x00, 0x83, 0x02, 0x9F, 0x00, 
	0x05, 0x01, 0x03, 0x01, 0x01, 0x03, 0x03, 0x89, 0x00, 0x04, 0x01, 0x3A, 0x7F, 0x87, 0x7A, 0xAA, 
	0x02, 0x00, 0x06, 0x80, 0x02, 0x83, 0x06, 0x05, 0x02, 0x02, 0x01, 0x02, 0x08, 0x1A, 0x80, 0x02, 
	0x10, 0x3C, 0x70, 0x3A, 0x02, 0x02, 0x6F, 0x70, 0x01, 0x02, 0x00, 0x3B, 0x6D, 0x01, 0x7A, 0x1B, 
	0x3B, 0x3C, 0x80, 0x02, 0x81, 0x00, 0x00, 0x05, 0x81, 0x13, 0x06, 0x15, 0x14, 0x05, 0x05, 0x0E, 
	0x0E, 0x05, 0x00, 0x05, 0x80, 0x0E, 0x02, 0x05, 0x13, 0x15, 0x81, 0x13, 0x00, 0x0E, 0x81, 0x00, 
	0x81, 0x02, 0x19, 0x00, 0x02, 0x0B, 0x02, 0x28, 0x1E, 0x12, 0x5D, 0x04, 0x5E, 0x5A, 0x28, 0x66, 
	0x00, 0x63, 0x5E, 0x28, 0xC5, 0x0B, 0x1E, 0x1E, 0x12, 0xCF, 0x02, 0x65, 0x64, 0x80, 0x00, 0x16, 
	0x5B, 0x63, 0x02, 0x5E, 0x0B, 0x59, 0x63, 0x0A, 0x5E, 0x28, 0x12, 0x5F, 0x02, 0x28, 0x11, 0x00, 
	0x0B, 0x00, 0x02, 0x02, 0x04, 0x02, 0x04, 0x80, 0x02, 0x07, 0x04, 0x04, 0x67, 0x97, 0x0B, 0xC1, 
	0xD4, 0x44, 0x80, 0x00, 0x03, 0x02, 0x02, 0x04, 0x04, 0x91, 0x02, 0x81, 0x00, 0x84, 0x02, 0x00, 
	0x04, 0x83, 0x02, 0x96, 0x00, 0x01, 0x68, 0x69, 0x83, 0x00, 0x00, 0x02, 0x9E, 0x00, 0x00, 0xDC, 
	0x90, 0x00, 0x04, 0x01, 0x3F, 0x84, 0x85, 0x7A, 0x88, 0x02, 0x00, 0x06, 0x89, 0x02, 0x00, 0x06, 
	0x86, 0x02, 0x1A, 0x03, 0x02, 0x03, 0x08, 0x02, 0x08, 0x08, 0x02, 0x25, 0x03, 0x1A, 0x36, 0x02, 
	0x37, 0x08, 0x36, 0x3B, 0x03, 0x3E, 0x1A, 0x36, 0x6D, 0x02, 0x6D, 0x3A, 0x36, 0x75, 0x80, 0x02, 
	0x0D, 0x3B, 0x70, 0x33, 0x02, 0x00, 0x3B, 0x3F, 0x00, 0x02, 0x02, 0x19, 0x1A, 0x00, 0x19, 0x80, 
	0x03, 0x80, 0x02, 0x81, 0x00, 0x00, 0x05, 0x81, 0x13, 0x01, 0x15, 0x13, 0x82, 0x05, 0x06, 0x05, 
	0x0E, 0x05, 0x05, 0x0C, 0x13, 0x1F, 0x81, 0x13, 0x00, 0x0E, 0x81, 0x00, 0x02, 0x02, 0x02, 0x00, 
	0x89, 0x02, 0x82, 0x00, 0x09, 0x02, 0x02, 0x04, 0x02, 0x02, 0x0A, 0x2A, 0x02, 0x2C, 0x2C, 0x80, 
	0x00, 0x30, 0x59, 0x5E, 0x00, 0x5A, 0x0B, 0x5A, 0x65, 0x0A, 0xC3, 0x59, 0x2A, 0xC7, 0x02, 0xC2, 
	0x66, 0x02, 0xCE, 0x1E, 0x60, 0xC2, 0x02, 0xC1, 0x5A, 0x1E, 0x97, 0x02, 0x64, 0x65, 0x11, 0x1E, 
	0x0A, 0x65, 0xD4, 0x44, 0x04, 0x06, 0x02, 0x5E, 0x0B, 0x29, 0x59, 0x02, 0x2A, 0x1E, 0x02, 0x28, 
	0x02, 0x04, 0x0B, 0x84, 0x02, 0x80, 0x04, 0x00, 0x06, 0x80, 0x02, 0x80, 0x00, 0x81, 0x02, 0x81, 
	0x04, 0x81, 0x02, 0x82, 0x00, 0x03, 0xDC, 0xF2, 0xF2, 0xDE, 0x8E, 0x00, 0x01, 0xE1, 0xE0, 0x8C, 
	0x00, 0x0A, 0xE0, 0x00, 0x00, 0x2E, 0xDE, 0x00, 0x00, 0xDF, 0xF2, 0xF2, 0x6A, 0x8A, 0x00, 0x01, 
	0x05, 0xF9, 0x91, 0x00, 0x03, 0x3A, 0x87, 0x87, 0x4D, 0x87, 0x02, 0x32, 0x03, 0x0F, 0x06, 0x19, 
	0x19, 0x02, 0x40, 0x08, 0x25, 0x39, 0x02, 0x53, 0x38, 0x19, 0x7A, 0x03, 0x53, 0x53, 0x00, 0x7E, 
	0x19, 0x53, 0x7D, 0x02, 0x7A, 0x3D, 0x36, 0x7B, 0x01, 0x76, 0x3E, 0x08, 0x7A, 0x08, 0x3D, 0x3E, 
	0x03, 0x6D, 0x18, 0x3A, 0x3C, 0x03, 0x3B, 0x19, 0x19, 0x3A, 0x02, 0x1A, 0x0F, 0x03, 0x07, 0x80, 
	0x02, 0x01, 0x03, 0x03, 0x8F, 0x02, 0x81, 0x00, 0x01, 0x05, 0x0C, 0x80, 0x13, 0x01, 0x1F, 0x13, 
	0x80, 0x05, 0x01, 0x0E, 0x05, 0x00, 0x05, 0x80, 0x0E, 0x02, 0x0C, 0x13, 0x24, 0x80, 0x13, 0x01, 
	0x0E, 0x13, 0x81, 0x00, 0x9D, 0x02, 0x81, 0x00, 0x87, 0x02, 0x0E, 0x10, 0x10, 0x02, 0x2A, 0x04, 
	0x28, 0x44, 0x02, 0x5A, 0x2A, 0x10, 0x60, 0x04, 0x63, 0x65, 0x80, 0x02, 0x02, 0x5B, 0xCA, 0x02, 
	0x80, 0x0B, 0x28, 0xCF, 0x1E, 0x60, 0xC7, 0x02, 0xC5, 0x66, 0x04, 0xCF, 0x11, 0x66, 0xC3, 0x02, 
	0xC2, 0x64, 0x0B, 0xCE, 0x04, 0x5E, 0xC2, 0x02, 0x97, 0x5E, 0x02, 0xC3, 0x10, 0x59, 0x66, 0x02, 
	0x60, 0x5A, 0x0A, 0x66, 0x11, 0x2A, 0x60, 0x04, 0x45, 0x45, 0x02, 0x02, 0x82, 0x00, 0x04, 0xE0, 
	0xDF, 0xDC, 0xDE, 0xDE, 0x8D, 0x00, 0x01, 0x68, 0x6A, 0x8B, 0x00, 0x07, 0x05, 0xF9, 0x00, 0x00, 
	0x30, 0xF3, 0x00, 0xDF, 0x80, 0xDC, 0x01, 0xF4, 0x31, 0x89, 0x00, 0x01, 0x05, 0xF9, 0x92, 0x00, 
	0x02, 0x01, 0x01, 0x00, 0x87, 0x02, 0x20, 0x4D, 0x7B, 0x02, 0x7A, 0x4D, 0x07, 0x7E, 0x19, 0x39, 
	0x7A, 0x06, 0x7D, 0x4F, 0x25, 0x7E, 0x03, 0x53, 0x4D, 0x00, 0x7D, 0x0F, 0x38, 0x4D, 0x02, 0x36, 
	0x19, 0x07, 0x1A, 0x02, 0x08, 0x08, 0x02, 0x07, 0x8F, 0x02, 0x00, 0x06, 0x85, 0x02, 0x00, 0x00, 
	0x83, 0x02, 0x00, 0x00, 0x81, 0x02, 0x01, 0x00, 0x02, 0x81, 0x00, 0x82, 0x13, 0x06, 0x24, 0x13, 
	0x0C, 0x0C, 0x05, 0x0E, 0x05, 0x00, 0x05, 0x80, 0x0E, 0x02, 0x0C, 0x13, 0x24, 0x80, 0x13, 0x01, 
	0x0E, 0x13, 0x81, 0x00, 0x80, 0x02, 0x11, 0x5B, 0x63, 0x02, 0x66, 0x0B, 0x59, 0x5D, 0x02, 0x5D, 
	0x02, 0x12, 0x12, 0x02, 0x04, 0x02, 0x06, 0x02, 0x06, 0xAD, 0x02, 0x00, 0x06, 0x80, 0x02, 0x25, 
	0x0B, 0x02, 0x11, 0x10, 0x02, 0x2B, 0x02, 0x29, 0x2C, 0x02, 0x59, 0x2C, 0x02, 0x63, 0x02, 0x44, 
	0x60, 0x02, 0x63, 0x59, 0x02, 0x98, 0x10, 0x59, 0x66, 0x02, 0x64, 0x5E, 0x0A, 0xC3, 0x1E, 0x44, 
	0x98, 0x02, 0x61, 0x61, 0x02, 0x02, 0x82, 0x00, 0x16, 0xE0, 0xDE, 0x00, 0x14, 0xDF, 0xDC, 0x00, 
	0xDC, 0xF9, 0xF9, 0xF4, 0x68, 0xF3, 0xF9, 0xF2, 0xF2, 0xF9, 0x69, 0x00, 0x00, 0xF3, 0xFE, 0xE0, 
	0x80, 0x00, 0x36, 0xDF, 0xF9, 0xF9, 0xDF, 0x30, 0x69, 0xFC, 0xF9, 0xF9, 0xF4, 0x68, 0x05, 0xF9, 
	0x00, 0x00, 0x30, 0xF3, 0x00, 0xF3, 0x6A, 0x00, 0x00, 0x2F, 0x00, 0x68, 0xF2, 0xF9, 0xF9, 0xDF, 
	0x30, 0x31, 0xE0, 0xF9, 0xF9, 0xF4, 0x68, 0x05, 0xF9, 0xDE, 0xF9, 0xF9, 0x69, 0x00, 0x6A, 0xF3, 
	0xF9, 0xF9, 0xE1, 0x14, 0xE0, 0xE1, 0x00, 0x00, 0xDF, 0xDC, 0x81, 0x00, 0x82, 0x02, 0x01, 0x07, 
	0x0F, 0x83, 0x02, 0x06, 0x08, 0x19, 0x02, 0x07, 0x03, 0x02, 0x03, 0x80, 0x02, 0x00, 0x06, 0xA3, 
	0x02, 0x01, 0x06, 0x06, 0x84, 0x02, 0x0C, 0x00, 0x07, 0x07, 0x02, 0x1A, 0x02, 0x36, 0x36, 0x08, 
	0x3B, 0x03, 0x3B, 0x36, 0x80, 0x02, 0x81, 0x00, 0x82, 0x13, 0x06, 0x24, 0x13, 0x0E, 0x0E, 0x0C, 
	0x0C, 0x05, 0x06, 0x05, 0x0E, 0x0E, 0x0C, 0x05, 0x0E, 0x1F, 0x82, 0x13, 0x81, 0x00, 0x80, 0x02, 
	0x1F, 0x2C, 0x5A, 0x02, 0x64, 0x0B, 0x5E, 0x63, 0x02, 0xC3, 0x0B, 0x63, 0x98, 0x02, 0xCE, 0x10, 
	0x63, 0x98, 0x02, 0xC2, 0x12, 0x5A, 0x63, 0x02, 0x5E, 0x12, 0x29, 0x2C, 0x02, 0x2A, 0x0B, 0x02, 
	0x0B, 0x89, 0x02, 0x03, 0x06, 0x02, 0x02, 0x06, 0x89, 0x02, 0x01, 0x00, 0x00, 0x92, 0x02, 0x81, 
	0x00, 0x92, 0x02, 0x82, 0x00, 0x05, 0xE0, 0xDE, 0x00, 0x00, 0xDF, 0xDC, 0x81, 0x00, 0x07, 0xDC, 
	0xDF, 0xF3, 0x68, 0xDE, 0xE0, 0x30, 0xF3, 0x80, 0x00, 0x01, 0xE1, 0xE0, 0x83, 0x00, 0x10, 0xDF, 
	0xDC, 0x69, 0xF2, 0x00, 0x00, 0xDC, 0xDF, 0x05, 0xF9, 0x00, 0x00, 0x30, 0xF3, 0x00, 0xF3, 0x68, 
	0x81, 0x00, 0x1E, 0xE0, 0xDE, 0x00, 0x00, 0xDF, 0xDC, 0x69, 0xF4, 0x00, 0x00, 0x69, 0xDC, 0x05, 
	0xFE, 0xDE, 0x00, 0x30, 0xF3, 0x00, 0xF3, 0x6A, 0x00, 0x00, 0xF3, 0x30, 0xE0, 0xDE, 0x00, 0x00, 
	0xDF, 0xDC, 0x80, 0x00, 0x83, 0x02, 0x01, 0x1A, 0x1A, 0xA1, 0x02, 0x08, 0x06, 0x06, 0x02, 0x06, 
	0x02, 0x06, 0x02, 0x06, 0x06, 0x80, 0x02, 0x1C, 0x07, 0x02, 0x19, 0x1A, 0x02, 0x36, 0x07, 0x1A, 
	0x3A, 0x03, 0x37, 0x03, 0x3B, 0x3E, 0x07, 0x7A, 0x07, 0x3E, 0x3E, 0x08, 0x7B, 0x07, 0x3E, 0x3B, 
	0x19, 0x6D, 0x01, 0x37, 0x32, 0x80, 0x02, 0x81, 0x00, 0x81, 0x13, 0x07, 0x0E, 0x1F, 0x13, 0x0C, 
	0x0E, 0x0C, 0x05, 0x05, 0x02, 0x05, 0x0E, 0x0E, 0x80, 0x05, 0x00, 0x15, 0x82, 0x13, 0x00, 0x05, 
	0x80, 0x00, 0x8B, 0x02, 0x2B, 0x0B, 0x02, 0x29, 0x02, 0x2C, 0x59, 0x02, 0x64, 0x12, 0x59, 0x64, 
	0x02, 0x66, 0x2D, 0x5D, 0x65, 0x02, 0xC5, 0x59, 0x59, 0xC3, 0x02, 0xC2, 0x59, 0x2C, 0x98, 0x02, 
	0x63, 0x5A, 0x02, 0x66, 0x0B, 0x59, 0x5D, 0x02, 0x5D, 0x28, 0x12, 0x44, 0x02, 0x28, 0x11, 0x02, 
	0x10, 0x88, 0x02, 0x00, 0x06, 0xA7, 0x02, 0x81, 0x00, 0x11, 0xE0, 0xDE, 0x00, 0x00, 0xDF, 0xDC, 
	0x00, 0xDC, 0xF4, 0xF4, 0xF3, 0xDF, 0xF3, 0x68, 0xDE, 0xE0, 0x30, 0xF3, 0x80, 0x00, 0x01, 0xE1, 
	0xE0, 0x80, 0x00, 0x13, 0xDE, 0xF4, 0xF4, 0xF9, 0xDC, 0x69, 0xF2, 0x00, 0x00, 0xDC, 0xDF, 0x05, 
	0xF9, 0x00, 0x00, 0x30, 0xF3, 0x00, 0xF3, 0x68, 0x81, 0x00, 0x07, 0xE0, 0xF3, 0xF4, 0xF4, 0xF9, 
	0xDC, 0x69, 0xF2, 0x81, 0x00, 0x12, 0x06, 0xF9, 0x00, 0x00, 0x30, 0xF3, 0x00, 0xF3, 0x6A, 0x00, 
	0x00, 0xF3, 0x30, 0xE0, 0xDE, 0x00, 0x00, 0xDF, 0xDC, 0x80, 0x00, 0x94, 0x02, 0x00, 0x06, 0x86, 
	0x02, 0x2B, 0x07, 0x02, 0x0F, 0x19, 0x02, 0x39, 0x0F, 0x25, 0x38, 0x02, 0x3D, 0x1A, 0x19, 0x3D, 
	0x03, 0x3B, 0x37, 0x08, 0x3E, 0x03, 0x3B, 0x3D, 0x01, 0x7B, 0x19, 0x3E, 0x6D, 0x01, 0x71, 0x18, 
	0x37, 0x3B, 0x03, 0x36, 0x01, 0x3A, 0x3A, 0x03, 0x37, 0x01, 0x19, 0x18, 0x00, 0x07, 0x81, 0x02, 
	0x00, 0x00, 0x82, 0x02, 0x81, 0x00, 0x0C, 0x05, 0x13, 0x13, 0x0E, 0x13, 0x0E, 0x15, 0x0C, 0x0C, 
	0x0E, 0x0E, 0x0C, 0x05, 0x00, 0x05, 0x80, 0x0E, 0x02, 0x05, 0x0E, 0x1F, 0x82, 0x13, 0x00, 0x05, 
	0x80, 0x00, 0x9C, 0x02, 0x37, 0x0B, 0x02, 0x0B, 0x28, 0x02, 0x2C, 0x28, 0x1E, 0x5E, 0x02, 0x5E, 
	0x59, 0x02, 0x66, 0x11, 0x5E, 0x66, 0x02, 0xC2, 0x59, 0x2C, 0xC5, 0x02, 0xC2, 0x63, 0x10, 0xCF, 
	0x11, 0x63, 0xC1, 0x02, 0xC2, 0x5A, 0x28, 0xC2, 0x04, 0x63, 0x63, 0x02, 0x98, 0x2B, 0x28, 0x66, 
	0x02, 0x5E, 0x5D, 0x02, 0x63, 0x1E, 0x29, 0x59, 0x06, 0x28, 0x1E, 0x02, 0x11, 0x96, 0x02, 0x81, 
	0x00, 0x11, 0xE0, 0xDE, 0x00, 0x00, 0xDF, 0xDC, 0x69, 0xF2, 0x69, 0x69, 0xDE, 0xDF, 0xF3, 0x68, 
	0xDE, 0xE0, 0x30, 0xF3, 0x80, 0x00, 0x1E, 0xE1, 0xE0, 0x00, 0x00, 0xDE, 0xDE, 0x69, 0x69, 0xF2, 
	0xDC, 0x69, 0xF4, 0x00, 0x00, 0xDC, 0xDF, 0x05, 0xF3, 0x31, 0x00, 0x68, 0xF3, 0x00, 0xF3, 0x6A, 
	0x00, 0x00, 0x30, 0x06, 0xE0, 0xDF, 0x80, 0x69, 0x02, 0x30, 0x69, 0xF4, 0x81, 0x00, 0x12, 0x06, 
	0xF9, 0x00, 0x00, 0x30, 0xF3, 0x00, 0xF3, 0x6A, 0x00, 0x00, 0xF3, 0x30, 0xDE, 0xDE, 0x13, 0x2F, 
	0xDF, 0xDC, 0x81, 0x00, 0x86, 0x02, 0x00, 0x03, 0x80, 0x02, 0x2A, 0x19, 0x1A, 0x02, 0x4D, 0x36, 
	0x0F, 0x7A, 0x03, 0x53, 0x53, 0x00, 0x7D, 0x38, 0x38, 0x7D, 0x02, 0x7E, 0x53, 0x23, 0xB6, 0x03, 
	0x7D, 0x7D, 0x00, 0x87, 0x25, 0x39, 0x4D, 0x00, 0x3E, 0x36, 0x1A, 0x3E, 0x02, 0x37, 0x33, 0x08, 
	0x37, 0x03, 0x1A, 0x1A, 0x02, 0x1A, 0x80, 0x03, 0x01, 0x02, 0x03, 0x97, 0x02, 0x80, 0x00, 0x00, 
	0x05, 0x82, 0x13, 0x00, 0x1F, 0x81, 0x05, 0x01, 0x0C, 0x05, 0x00, 0x05, 0x82, 0x0E, 0x00, 0x1F, 
	0x82, 0x13, 0x00, 0x05, 0x80, 0x00, 0xB3, 0x02, 0x39, 0x0B, 0x0B, 0x02, 0x2A, 0x02, 0x2D, 0x2C, 
	0x02, 0x5A, 0x29, 0x11, 0x63, 0x02, 0x5B, 0x5E, 0x02, 0x98, 0x2B, 0x2A, 0xC2, 0x04, 0x66, 0x66, 
	0x02, 0xCF, 0x2C, 0x5E, 0xC5, 0x02, 0xC2, 0x66, 0x02, 0xCF, 0x12, 0x5F, 0xCE, 0x02, 0xC2, 0x66, 
	0x02, 0xC5, 0x2A, 0x59, 0xC3, 0x02, 0x64, 0x63, 0x02, 0x98, 0x28, 0x20, 0x61, 0x02, 0x47, 0x61, 
	0x04, 0x06, 0x02, 0x81, 0x00, 0x33, 0xE0, 0xF2, 0xDC, 0xDC, 0xDF, 0x69, 0x6A, 0xF2, 0xDC, 0xDC, 
	0xDF, 0xDF, 0xF3, 0x68, 0xDE, 0xE0, 0x30, 0xF3, 0x00, 0x00, 0xDC, 0xDF, 0xF4, 0xDC, 0x15, 0xDC, 
	0xE0, 0xDC, 0xDC, 0xF4, 0xDC, 0x69, 0xF4, 0x00, 0x00, 0xDC, 0xDF, 0x00, 0x68, 0xF2, 0xDC, 0xF2, 
	0x2F, 0x00, 0xDF, 0xE1, 0xDC, 0xDC, 0xF2, 0x31, 0xDC, 0xE0, 0x80, 0xDC, 0x02, 0x68, 0x6A, 0xF2, 
	0x80, 0xDC, 0x12, 0x69, 0x05, 0xF9, 0x00, 0x00, 0x30, 0xF3, 0x00, 0xDF, 0xE1, 0xDC, 0xDC, 0xF2, 
	0x31, 0x00, 0xDF, 0xE1, 0xDE, 0xE1, 0x82, 0x00, 0x85, 0x02, 0x01, 0x19, 0x1A, 0x80, 0x02, 0x18, 
	0x36, 0x36, 0x02, 0x7A, 0x39, 0x19, 0x7D, 0x03, 0x4D, 0x53, 0x02, 0x7A, 0x25, 0x23, 0x39, 0x02, 
	0x39, 0x25, 0x03, 0x38, 0x02, 0x19, 0x0F, 0x02, 0x08, 0x81, 0x02, 0x00, 0x00, 0xA9, 0x02, 0x80, 
	0x00, 0x00, 0x05, 0x82, 0x13, 0x06, 0x1F, 0x0E, 0x05, 0x13, 0x05, 0x0E, 0x05, 0x00, 0x05, 0x82, 
	0x0E, 0x00, 0x1F, 0x82, 0x13, 0x00, 0x05, 0x81, 0x00, 0xC6, 0x02, 0x00, 0x06, 0x85, 0x02, 0x19, 
	0x0B, 0x0B, 0x02, 0x12, 0x02, 0x0B, 0x2D, 0x02, 0x2C, 0x2A, 0x02, 0x5D, 0x12, 0x29, 0x5E, 0x02, 
	0x5D, 0x5D, 0x02, 0x64, 0x1E, 0x1E, 0x61, 0x02, 0x44, 0x61, 0x80, 0x02, 0x81, 0x00, 0x00, 0x69, 
	0x80, 0xDF, 0x03, 0xDC, 0x00, 0x00, 0x69, 0x80, 0xDF, 0x09, 0xDC, 0xE1, 0x30, 0x69, 0x69, 0x2E, 
	0xDE, 0x00, 0x00, 0xE0, 0x80, 0xDF, 0x02, 0x2E, 0x00, 0xE1, 0x80, 0xDF, 0x0B, 0x6A, 0x68, 0xDC, 
	0x00, 0x00, 0x6A, 0xDC, 0x00, 0x00, 0x69, 0xDF, 0x68, 0x80, 0x00, 0x0C, 0xE0, 0xDF, 0xDF, 0x6A, 
	0x00, 0x00, 0x69, 0xDE, 0xDF, 0xDF, 0x6A, 0x00, 0x69, 0x80, 0xDF, 0x0C, 0xDC, 0x00, 0xDE, 0x00, 
	0x00, 0x2E, 0xDE, 0x00, 0x00, 0xE0, 0xDF, 0xDF, 0x6A, 0x80, 0x00, 0x01, 0xE0, 0xE1, 0x83, 0x00, 
	0x85, 0x02, 0x01, 0x03, 0x03, 0xC8, 0x02, 0x01, 0x00, 0x02, 0x80, 0x00, 0x00, 0x05, 0x82, 0x13, 
	0x00, 0x24, 0x81, 0x0E, 0x01, 0x0C, 0x05, 0x00, 0x05, 0x81, 0x0E, 0x01, 0x05, 0x1F, 0x83, 0x13, 
	0x81, 0x00, 0xB8, 0x02, 0x00, 0x00, 0xA7, 0x02, 0x00, 0x00, 0x85, 0x02, 0xD5, 0x00, 0xD4, 0x02, 
	0x81, 0x00, 0x00, 0x17, 0x82, 0x13, 0x06, 0x24, 0x05, 0x0C, 0x0C, 0x0E, 0x05, 0x05, 0x06, 0x05, 
	0x0E, 0x0E, 0x0C, 0x05, 0x05, 0x15, 0x83, 0x13, 0x81, 0x00, 0xE0, 0x02, 0x00, 0x00, 0x86, 0x02, 
	0xD7, 0x00, 0xD3, 0x02, 0x82, 0x00, 0x01, 0x17, 0x17, 0x81, 0x13, 0x00, 0x1F, 0x80, 0x05, 0x02, 
	0x0E, 0x05, 0x05, 0x02, 0x05, 0x0E, 0x0E, 0x80, 0x05, 0x01, 0x16, 0x14, 0x82, 0x13, 0x82, 0x00, 
	0x82, 0x02, 0x00, 0x00, 0xE3, 0x02, 0x90, 0x00, 0x00, 0x02, 0x85, 0x00, 0x01, 0x02, 0x02, 0xB8, 
	0x00, 0xD5, 0x02, 0x81, 0x00, 0x82, 0x13, 0x07, 0x14, 0x15, 0x0E, 0x0E, 0x05, 0x0E, 0x0E, 0x05, 
	0x00, 0x05, 0x80, 0x0E, 0x03, 0x05, 0x05, 0x16, 0x14, 0x82, 0x13, 0x81, 0x00, 0xEB, 0x02, 0x82, 
	0x00, 0x81, 0x02, 0x80, 0x00, 0x80, 0x02, 0x04, 0x00, 0x00, 0x02, 0x02, 0x00, 0x80, 0x02, 0x80, 
	0x00, 0x81, 0x02, 0x88, 0x00, 0x03, 0x06, 0x02, 0x02, 0x00, 0x81, 0x02, 0x82, 0x00, 0x00, 0x02, 
	0x88, 0x00, 0x00, 0x02, 0x86, 0x00, 0x80, 0x02, 0x82, 0x00, 0x80, 0x02, 0x00, 0x00, 0xD5, 0x02, 
	0x81, 0x00, 0x82, 0x13, 0x03, 0x14, 0x15, 0x0E, 0x0C, 0x80, 0x0E, 0x00, 0x05, 0x00, 0x05, 0x80, 
	0x0E, 0x03, 0x0C, 0x05, 0x16, 0x16, 0x82, 0x13, 0x00, 0x05, 0x80, 0x00, 0xFF, 0x02, 0x8A, 0x02, 
	0x01, 0x06, 0x06, 0x93, 0x02, 0x00, 0x06, 0xF3, 0x02, 0x80, 0x00, 0x00, 0x05, 0x82, 0x13, 0x07, 
	0x16, 0x16, 0x0C, 0x05, 0x0C, 0x0C, 0x0E, 0x05, 0x09, 0x05, 0x0E, 0x0C, 0x0C, 0x0E, 0x0C, 0x13, 
	0x16, 0x0E, 0x0E, 0x80, 0x13, 0x00, 0x05, 0x80, 0x00, 0x9F, 0x02, 0x00, 0x00, 0xFF, 0x02, 0xF6, 
	0x02, 0x80, 0x00, 0x00, 0x05, 0x82, 0x13, 0x07, 0x16, 0x14, 0x05, 0x05, 0x0C, 0x05, 0x0E, 0x05, 
	0x09, 0x05, 0x0E, 0x0E, 0x05, 0x0C, 0x0C, 0x13, 0x15, 0x13, 0x0E, 0x80, 0x13, 0x00, 0x05, 0x80, 
	0x00, 0x9A, 0x02, 0x00, 0x00, 0xF4, 0x02, 0x00, 0x00, 0xFF, 0x02, 0x00, 0x00, 0x81, 0x02, 0x81, 
	0x00, 0x00, 0x05, 0x82, 0x13, 0x01, 0x1F, 0x13, 0x80, 0x05, 0x02, 0x0E, 0x0E, 0x05, 0x00, 0x05, 
	0x80, 0x0E, 0x03, 0x05, 0x05, 0x13, 0x1F, 0x81, 0x13, 0x01, 0x0E, 0x05, 0x81, 0x00, 0xF0, 0x02, 
	0x00, 0x04, 0xFF, 0x02, 0xA3, 0x02, 0x81, 0x00, 0x00, 0x05, 0x82, 0x13, 0x07, 0x1F, 0x13, 0x05, 
	0x0C, 0x0C, 0x0E, 0x0C, 0x05, 0x00, 0x05, 0x80, 0x0E, 0x03, 0x0C, 0x0E, 0x13, 0x1F, 0x83, 0x13, 
	0x81, 0x00, 0x92, 0x02, 0x02, 0x00, 0x02, 0x00, 0x82, 0x02, 0x00, 0x00, 0xC9, 0x02, 0x0F, 0x97, 
	0xC3, 0x60, 0x60, 0xC3, 0x98, 0x28, 0xC2, 0xC2, 0x60, 0x5A, 0x65, 0x2C, 0x1E, 0x64, 0x59, 0x81, 
	0x02, 0x15, 0x63, 0xC5, 0x59, 0x63, 0x66, 0x63, 0x5F, 0x2A, 0x44, 0x59, 0x66, 0x64, 0x5A, 0x63, 
	0x64, 0x5E, 0x5D, 0x63, 0x2B, 0x02, 0xC2, 0xC2, 0x81, 0x02, 0x06, 0x60, 0x63, 0x63, 0x10, 0x63, 
	0x5A, 0x06, 0x80, 0x02, 0x0F, 0x59, 0x63, 0x28, 0x63, 0x65, 0x66, 0x12, 0x5E, 0x5A, 0x29, 0x66, 
	0x66, 0x1E, 0xC2, 0xC3, 0x98, 0x81, 0x02, 0x01, 0xD0, 0x2A, 0x84, 0x02, 0x02, 0x5A, 0xC2, 0x06, 
	0x80, 0x02, 0x03, 0x44, 0xCA, 0xC3, 0x0B, 0xB7, 0x02, 0x00, 0x00, 0x95, 0x02, 0x81, 0x00, 0x83, 
	0x13, 0x01, 0x24, 0x13, 0x82, 0x0E, 0x00, 0x05, 0x00, 0x05, 0x80, 0x0E, 0x03, 0x05, 0x05, 0x13, 
	0x1F, 0x83, 0x13, 0x81, 0x00, 0xE7, 0x02, 0x10, 0xC7, 0x5B, 0xCA, 0xC5, 0x64, 0xC3, 0x63, 0xC7, 
	0x67, 0x59, 0xCA, 0x65, 0xCE, 0xC5, 0xC2, 0xCF, 0x28, 0x80, 0x02, 0x15, 0xC2, 0x5B, 0x0B, 0xC7, 
	0x65, 0x64, 0xCA, 0xC7, 0xC3, 0x63, 0xC5, 0xCB, 0x60, 0xCA, 0x97, 0x63, 0xCA, 0xC3, 0xCF, 0x10, 
	0x0B, 0xCE, 0x81, 0x02, 0x19, 0x66, 0xCB, 0x98, 0xC1, 0xC3, 0xCF, 0x2B, 0x02, 0x02, 0x0B, 0xCF, 
	0xC3, 0xC5, 0x63, 0xCB, 0x66, 0x1E, 0xCF, 0xCA, 0x5B, 0xCA, 0xC2, 0xC3, 0x5A, 0xCB, 0x59, 0x81, 
	0x02, 0x0A, 0xD0, 0x2C, 0x02, 0x02, 0x00, 0x29, 0x2C, 0x28, 0x2C, 0x66, 0xCA, 0x81, 0x02, 0x03, 
	0xC5, 0x64, 0xD1, 0x59, 0xD0, 0x02, 0x81, 0x00, 0x83, 0x13, 0x01, 0x2F, 0x13, 0x82, 0x0E, 0x00, 
	0x05, 0x00, 0x05, 0x83, 0x0E, 0x00, 0x1F, 0x83, 0x13, 0x81, 0x00, 0x02, 0x02, 0x02, 0x00, 0x80, 
	0x02, 0x00, 0x00, 0xE0, 0x02, 0x10, 0xCA, 0xC2, 0xCA, 0xC4, 0xC7, 0xCA, 0x5B, 0xCB, 0xC5, 0x5E, 
	0xC3, 0xC5, 0x44, 0x97, 0xC7, 0x5B, 0x04, 0x80, 0x02, 0x15, 0xC2, 0x67, 0x02, 0xC7, 0xC3, 0x63, 
	0xC5, 0xCB, 0xC5, 0x5B, 0x5A, 0xC3, 0x0B, 0xCB, 0xC2, 0x5E, 0xCA, 0x62, 0xCA, 0x10, 0x0B, 0xCE, 
	0x82, 0x02, 0x17, 0xC7, 0x0B, 0xC7, 0x28, 0xC6, 0x5B, 0x00, 0x02, 0x0B, 0xCF, 0xC2, 0x28, 0x04, 
	0xC7, 0x0B, 0x63, 0xC1, 0xC7, 0x63, 0xCA, 0xC5, 0x97, 0x02, 0xCA, 0x82, 0x02, 0x0A, 0xD0, 0x2A, 
	0x02, 0x02, 0x00, 0x5D, 0xC5, 0xC2, 0x64, 0x0B, 0xCE, 0x81, 0x02, 0x03, 0xC5, 0xC7, 0xCA, 0x5A, 
	0xD0, 0x02, 0x81, 0x00, 0x83, 0x13, 0x07, 0x1F, 0x0E, 0x0C, 0x0C, 0x05, 0x0E, 0x0E, 0x05, 0x00, 
	0x05, 0x80, 0x0E, 0x03, 0x05, 0x0E, 0x0E, 0x15, 0x83, 0x13, 0x81, 0x00, 0x03, 0x02, 0x02, 0x00, 
	0x00, 0xE3, 0x02, 0x10, 0xCA, 0x67, 0x2B, 0xC6, 0x97, 0xCA, 0x2D, 0xC8, 0x2B, 0x1E, 0x60, 0x5B, 
	0xCA, 0x5E, 0x5A, 0xCA, 0x2D, 0x80, 0x02, 0x15, 0xC2, 0x67, 0x02, 0xC5, 0x59, 0x2B, 0xC5, 0x65, 
	0xD1, 0x5B, 0x5B, 0xC3, 0x0B, 0xCA, 0x5A, 0x2B, 0xCA, 0xCA, 0xC1, 0x02, 0x0B, 0xCE, 0x82, 0x02, 
	0x17, 0xCA, 0x04, 0xC7, 0x28, 0xC5, 0x5B, 0x02, 0x02, 0x11, 0x5A, 0x97, 0xC7, 0x0B, 0xC7, 0x0B, 
	0xC3, 0xCA, 0xCB, 0xC2, 0xCA, 0xCB, 0x28, 0x02, 0xCF, 0x82, 0x02, 0x12, 0xD0, 0x2D, 0x02, 0x02, 
	0x00, 0x0B, 0xCA, 0xCA, 0x1E, 0x0B, 0xC7, 0x0B, 0x02, 0x2C, 0x02, 0xC7, 0xC4, 0xCA, 0x59, 0xD0, 
	0x02, 0x81, 0x00, 0x83, 0x13, 0x07, 0x1F, 0x0C, 0x0E, 0x05, 0x0E, 0x05, 0x0E, 0x05, 0x00, 0x05, 
	0x80, 0x0E, 0x03, 0x05, 0x0E, 0x05, 0x15, 0x83, 0x13, 0x82, 0x00, 0x98, 0x02, 0x00, 0x00, 0xCA, 
	0x02, 0x10, 0xC7, 0x11, 0x02, 0xC2, 0x60, 0xC2, 0x63, 0xCB, 0xC7, 0x66, 0xC5, 0xC7, 0xC7, 0xC2, 
	0xC7, 0xCA, 0x2D, 0x80, 0x02, 0x15, 0xC1, 0x65, 0x28, 0xCA, 0xC3, 0x98, 0xC5, 0x2B, 0xD1, 0x5B, 
	0x5E, 0xC3, 0x0B, 0xCB, 0xC2, 0x66, 0xCA, 0x28, 0xCF, 0x10, 0x28, 0xCE, 0x82, 0x02, 0x17, 0xCE, 
	0x04, 0x97, 0xC4, 0xCA, 0x2D, 0x02, 0x02, 0x11, 0xCA, 0xC7, 0xC5, 0x02, 0xCE, 0x0B, 0xCE, 0x2C, 
	0x65, 0xC3, 0xC5, 0x65, 0xC2, 0x02, 0xCE, 0x82, 0x02, 0x01, 0xD0, 0x28, 0x80, 0x02, 0x0C, 0x00, 
	0xC3, 0xC5, 0x02, 0xC3, 0xCB, 0x98, 0x10, 0xCE, 0x0B, 0x59, 0xCA, 0xC3, 0xB4, 0x02, 0x00, 0x00, 
	0x98, 0x02, 0x81, 0x00, 0x00, 0x06, 0x83, 0x13, 0x02, 0x15, 0x05, 0x05, 0x81, 0x0E, 0x00, 0x05, 
	0x07, 0x05, 0x0E, 0x0E, 0x0C, 0x0C, 0x0E, 0x0E, 0x15, 0x83, 0x13, 0x00, 0x05, 0x81, 0x00, 0xE6, 
	0x02, 0x00, 0x0B, 0x82, 0x02, 0x09, 0x0B, 0x11, 0x1E, 0x12, 0x11, 0x44, 0x12, 0x02, 0x59, 0x2D, 
	0x81, 0x02, 0x15, 0x5A, 0x98, 0x44, 0x59, 0x5B, 0x5A, 0x2C, 0x10, 0x59, 0x28, 0x28, 0x59, 0x02, 
	0x5E, 0x63, 0x5B, 0x5F, 0x02, 0x59, 0x11, 0xC2, 0x98, 0x82, 0x02, 0x04, 0x59, 0x02, 0x0B, 0x63, 
	0x59, 0x81, 0x02, 0x0E, 0x2C, 0x5B, 0x10, 0x02, 0x44, 0x02, 0x2A, 0x0B, 0x28, 0x29, 0x28, 0x0B, 
	0x28, 0x02, 0x2A, 0x82, 0x02, 0x01, 0x66, 0x12, 0xE0, 0x02, 0x81, 0x00, 0x00, 0x05, 0x82, 0x13, 
	0x03, 0x14, 0x15, 0x0C, 0x0C, 0x81, 0x0E, 0x00, 0x05, 0x00, 0x05, 0x81, 0x0E, 0x03, 0x05, 0x0E, 
	0x15, 0x14, 0x82, 0x13, 0x00, 0x05, 0x82, 0x00, 0xFF, 0x02, 0x95, 0x02, 0x01, 0x00, 0x00, 0xF9, 
	0x02, 0x82, 0x00, 0x00, 0x05, 0x82, 0x13, 0x04, 0x16, 0x15, 0x0C, 0x0C, 0x05, 0x80, 0x0E, 0x00, 
	0x05, 0x00, 0x05, 0x83, 0x0E, 0x01, 0x15, 0x16, 0x83, 0x13, 0x83, 0x00, 0xFF, 0x02, 0xFF, 0x02, 
	0x90, 0x02, 0x82, 0x00, 0x00, 0x0C, 0x82, 0x13, 0x01, 0x16, 0x15, 0x83, 0x0E, 0x00, 0x05, 0x00, 
	0x05, 0x81, 0x0E, 0x03, 0x0C, 0x0E, 0x16, 0x15, 0x81, 0x13, 0x01, 0x14, 0x16, 0x84, 0x00, 0xFF, 
	0x02, 0xFF, 0x02, 0x8A, 0x02, 0x02, 0x06, 0x02, 0x02, 0x84, 0x00, 0x00, 0x14, 0x82, 0x13, 0x08, 
	0x15, 0x16, 0x05, 0x0E, 0x0E, 0x05, 0x0E, 0x0E, 0x05, 0x00, 0x05, 0x82, 0x0E, 0x02, 0x0C, 0x16, 
	0x15, 0x81, 0x13, 0x02, 0x14, 0x29, 0x05, 0x84, 0x00, 0x83, 0x02, 0x01, 0x06, 0x06, 0xFF, 0x02, 
	0xFF, 0x02, 0x80, 0x02, 0x02, 0x06, 0x06, 0x02, 0x85, 0x00, 0x07, 0x16, 0x14, 0x14, 0x13, 0x13, 
	0x14, 0x15, 0x16, 0x80, 0x0C, 0x80, 0x0E, 0x00, 0x05, 0x00, 0x05, 0x81, 0x0E, 0x03, 0x0C, 0x05, 
	0x14, 0x15, 0x81, 0x13, 0x02, 0x15, 0x2F, 0x2E, 0x85, 0x00, 0x83, 0x02, 0x01, 0x06, 0x06, 0xFF, 
	0x02, 0xFF, 0x02, 0x03, 0x06, 0x02, 0x06, 0x06, 0x80, 0x00, 0x81, 0x06, 0x02, 0x05, 0x13, 0x1F, 
	0x80, 0x14, 0x06, 0x13, 0x13, 0x15, 0x14, 0x0C, 0x05, 0x0C, 0x80, 0x0E, 0x00, 0x05, 0x00, 0x05, 
	0x80, 0x0E, 0x04, 0x0C, 0x05, 0x05, 0x13, 0x15, 0x80, 0x13, 0x04, 0x14, 0x1F, 0x31, 0x30, 0x2F, 
	0x8C, 0x00, 0x97, 0x02, 0x00, 0x00, 0xFF, 0x02, 0xDF, 0x02, 0x8A, 0x00, 0x13, 0x06, 0x05, 0x05, 
	0x13, 0x31, 0x30, 0x31, 0x15, 0x14, 0x14, 0x13, 0x15, 0x13, 0x05, 0x0C, 0x0E, 0x05, 0x0E, 0x0E, 
	0x05, 0x00, 0x05, 0x81, 0x0E, 0x0C, 0x05, 0x0C, 0x13, 0x15, 0x13, 0x13, 0x14, 0x15, 0x2F, 0x30, 
	0x47, 0x47, 0x15, 0x96, 0x00, 0xFF, 0x02, 0xE3, 0x02, 0x01, 0x06, 0x02, 0x95, 0x00, 0x06, 0x05, 
	0x13, 0x31, 0x47, 0x30, 0x30, 0x2F, 0x80, 0x14, 0x08, 0x1F, 0x13, 0x05, 0x05, 0x0C, 0x0C, 0x0E, 
	0x0E, 0x05, 0x00, 0x05, 0x81, 0x0E, 0x0D, 0x05, 0x0C, 0x0C, 0x15, 0x13, 0x13, 0x15, 0x2F, 0x31, 
	0x30, 0x47, 0x47, 0x30, 0x15, 0xA2, 0x00, 0xFF, 0x02, 0xCD, 0x02, 0xA0, 0x00, 0x01, 0x2E, 0x31, 
	0x80, 0x30, 0x09, 0x31, 0x2E, 0x15, 0x13, 0x14, 0x1F, 0x0E, 0x05, 0x0C, 0x05, 0x80, 0x0E, 0x00, 
	0x05, 0x00, 0x05, 0x80, 0x0E, 0x0A, 0x05, 0x0C, 0x0C, 0x05, 0x15, 0x13, 0x16, 0x1F, 0x2E, 0x30, 
	0x30, 0x80, 0x47, 0x05, 0x30, 0x15, 0x13, 0x17, 0x05, 0x06, 0xA7, 0x00, 0x02, 0x02, 0x02, 0x00, 
	0xFF, 0x02, 0xB4, 0x02, 0xA8, 0x00, 0x04, 0x06, 0x05, 0x13, 0x2E, 0x5F, 0x80, 0x47, 0x06, 0x30, 
	0x30, 0x31, 0x2E, 0x16, 0x13, 0x15, 0x80, 0x05, 0x81, 0x0E, 0x00, 0x05, 0x02, 0x05, 0x0E, 0x0E, 
	0x82, 0x05, 0x05, 0x24, 0x16, 0x1F, 0x2E, 0x31, 0x30, 0x80, 0x47, 0x04, 0x30, 0x31, 0x1F, 0x15, 
	0x15, 0x82, 0x16, 0x80, 0x14, 0x03, 0x13, 0x17, 0x05, 0x05, 0xAE, 0x00, 0xD8, 0x02, 0x00, 0x00, 
	0xB9, 0x02, 0x81, 0x00, 0x00, 0x02, 0xAB, 0x00, 0x08, 0x06, 0x05, 0x0C, 0x13, 0x13, 0x14, 0x14, 
	0x16, 0x16, 0x82, 0x15, 0x00, 0x29, 0x81, 0x47, 0x80, 0x30, 0x06, 0x31, 0x2F, 0x16, 0x1F, 0x0C, 
	0x05, 0x0C, 0x81, 0x0E, 0x00, 0x05, 0x03, 0x05, 0x0E, 0x0C, 0x0C, 0x81, 0x05, 0x0B, 0x1F, 0x2F, 
	0x2F, 0x31, 0x30, 0x30, 0x47, 0x47, 0x30, 0x31, 0x2F, 0x15, 0x82, 0x16, 0x00, 0x15, 0x80, 0x16, 
	0x81, 0x15, 0x04, 0x16, 0x15, 0x15, 0x14, 0x14, 0x80, 0x13, 0x02, 0x0C, 0x05, 0x05, 0xB9, 0x00, 
	0xCF, 0x02, 0x00, 0x00, 0x9A, 0x02, 0x81, 0x00, 0x00, 0x02, 0xB4, 0x00, 0x02, 0x06, 0x05, 0x05, 
	0x80, 0x13, 0x00, 0x14, 0x80, 0x16, 0x8A, 0x15, 0x04, 0x16, 0x15, 0x2F, 0x30, 0x47, 0x82, 0x30, 
	0x06, 0x31, 0x2E, 0x1F, 0x0C, 0x0C, 0x0E, 0x0C, 0x80, 0x0E, 0x00, 0x05, 0x00, 0x05, 0x80, 0x0E, 
	0x00, 0x0C, 0x80, 0x05, 0x04, 0x13, 0x2E, 0x2E, 0x30, 0x30, 0x80, 0x47, 0x02, 0x30, 0x2E, 0x14, 
	0x88, 0x16, 0x00, 0x14, 0x81, 0x16, 0x00, 0x14, 0x88, 0x16, 0x80, 0x14, 0x01, 0x13, 0x13, 0x80, 
	0x05, 0x00, 0x06, 0xC9, 0x00, 0x81, 0x02, 0x00, 0x00, 0x82, 0x02, 0x04, 0x00, 0x00, 0x02, 0x02, 
	0x00, 0x84, 0x02, 0x00, 0x06, 0x94, 0x02, 0x00, 0x00, 0x81, 0x02, 0x02, 0x06, 0x02, 0x02, 0x82, 
	0x00, 0x01, 0x06, 0x02, 0xC5, 0x00, 0x06, 0x06, 0x05, 0x05, 0x0E, 0x13, 0x13, 0x14, 0x80, 0x16, 
	0x00, 0x15, 0x81, 0x16, 0x01, 0x15, 0x15, 0x83, 0x16, 0x86, 0x15, 0x80, 0x16, 0x02, 0x15, 0x15, 
	0x2F, 0x82, 0x47, 0x04, 0x30, 0x31, 0x2E, 0x13, 0x0C, 0x83, 0x0E, 0x00, 0x05, 0x04, 0x05, 0x0E, 
	0x0E, 0x0C, 0x0E, 0x81, 0x0C, 0x02, 0x15, 0x30, 0x30, 0x80, 0x47, 0x03, 0x30, 0x31, 0x1F, 0x14, 
	0x82, 0x16, 0x80, 0x14, 0x00, 0x16, 0x80, 0x14, 0x00, 0x16, 0x84, 0x14, 0x00, 0x16, 0x82, 0x14, 
	0x88, 0x16, 0x82, 0x14, 0x02, 0x13, 0x13, 0x17, 0x81, 0x05, 0x00, 0x06, 0xFF, 0x00, 0xB2, 0x00, 
	0x00, 0x06, 0x81, 0x05, 0x04, 0x17, 0x13, 0x13, 0x14, 0x14, 0x81, 0x16, 0x01, 0x15, 0x15, 0x92, 
	0x16, 0x81, 0x15, 0x02, 0x16, 0x15, 0x15, 0x82, 0x16, 0x03, 0x15, 0x1F, 0x31, 0x30, 0x81, 0x47, 
	0x05, 0x30, 0x2F, 0x05, 0x05, 0x0C, 0x05, 0x81, 0x0E, 0x00, 0x05, 0x02, 0x05, 0x0E, 0x0C, 0x82, 
	0x05, 0x02, 0x0C, 0x13, 0x31, 0x81, 0x47, 0x07, 0x31, 0x2E, 0x14, 0x16, 0x14, 0x14, 0x16, 0x16, 
	0x85, 0x14, 0x00, 0x16, 0x80, 0x14, 0x81, 0x16, 0x03, 0x14, 0x14, 0x16, 0x14, 0x81, 0x16, 0x80, 
	0x14, 0x82, 0x16, 0x82, 0x14, 0x81, 0x16, 0x87, 0x14, 0x81, 0x13, 0x00, 0x17, 0x80, 0x05, 0x00, 
	0x06, 0xFF, 0x00, 0x96, 0x00, 0x05, 0x06, 0x06, 0x05, 0x05, 0x0C, 0x0E, 0x81, 0x13, 0x00, 0x14, 
	0x91, 0x16, 0x01, 0x15, 0x14, 0x8C, 0x16, 0x01, 0x14, 0x14, 0x80, 0x16, 0x07, 0x15, 0x15, 0x16, 
	0x15, 0x15, 0x16, 0x16, 0x15, 0x80, 0x16, 0x03, 0x14, 0x2E, 0x31, 0x30, 0x80, 0x47, 0x01, 0x31, 
	0x13, 0x83, 0x05, 0x02, 0x0E, 0x0E, 0x05, 0x02, 0x05, 0x0E, 0x0C, 0x80, 0x05, 0x01, 0x0C, 0x05, 
	0x80, 0x0C, 0x00, 0x2E, 0x81, 0x30, 0x04, 0x2F, 0x1F, 0x24, 0x1F, 0x29, 0x80, 0x1F, 0x04, 0x15, 
	0x15, 0x16, 0x15, 0x15, 0x89, 0x16, 0x00, 0x14, 0x8A, 0x16, 0x83, 0x14, 0x82, 0x16, 0x83, 0x14, 
	0x00, 0x16, 0x8D, 0x14, 0x82, 0x13, 0x01, 0x0E, 0x0E, 0x86, 0x05, 0x00, 0x03, 0xEB, 0x00, 0x88, 
	0x05, 0x83, 0x13, 0x8B, 0x14, 0xA3, 0x16, 0x01, 0x15, 0x16, 0x87, 0x15, 0x0D, 0x1F, 0x1F, 0x29, 
	0x29, 0x2F, 0x24, 0x2F, 0x30, 0x30, 0x47, 0x30, 0x31, 0x0C, 0x0C, 0x81, 0x05, 0x00, 0x0C, 0x80, 
	0x0E, 0x00, 0x05, 0x89, 0x05, 0x03, 0x14, 0x2F, 0x2E, 0x2E, 0x8C, 0x31, 0x01, 0x2E, 0x2F, 0x82, 
	0x15, 0x84, 0x16, 0x00, 0x14, 0x86, 0x16, 0x01, 0x14, 0x16, 0x8B, 0x14, 0x00, 0x16, 0x8F, 0x14, 
	0x82, 0x13, 0x01, 0x14, 0x13, 0x8B, 0x14, 0x83, 0x13, 0x80, 0x0E, 0x00, 0x0C, 0x8B, 0x05, 0x02, 
	0x06, 0x05, 0x05, 0xAA, 0x00, 0x00, 0x06, 0x8C, 0x05, 0x01, 0x0C, 0x0C, 0x80, 0x0E, 0x84, 0x13, 
	0x86, 0x14, 0x80, 0x13, 0x00, 0x14, 0x80, 0x13, 0x91, 0x14, 0x98, 0x16, 0x04, 0x15, 0x16, 0x16, 
	0x15, 0x16, 0x85, 0x15, 0x01, 0x2F, 0x2E, 0x84, 0x31, 0x81, 0x30, 0x82, 0x31, 0x06, 0x2E, 0x2F, 
	0x16, 0x05, 0x0C, 0x05, 0x05, 0x81, 0x0C, 0x81, 0x05, 0x01, 0x05, 0x0C, 0x83, 0x05, 0x02, 0x0C, 
	0x05, 0x0C, 0x86, 0x05, 0x01, 0x0E, 0x0E, 0x81, 0x13, 0x83, 0x1F, 0x06, 0x2F, 0x1F, 0x2E, 0x2E, 
	0x31, 0x2E, 0x2E, 0x84, 0x2F, 0x03, 0x1F, 0x1F, 0x15, 0x16, 0x80, 0x15, 0x80, 0x16, 0x89, 0x14, 
	0x81, 0x16, 0x92, 0x14, 0x03, 0x13, 0x13, 0x14, 0x14, 0x84, 0x13, 0x86, 0x14, 0x83, 0x13, 0x8C, 
	0x14, 0x00, 0x13, 0x83, 0x14, 0x02, 0x13, 0x13, 0x14, 0x97, 0x13, 0x80, 0x14, 0x01, 0x13, 0x13, 
	0x85, 0x14, 0x00, 0x13, 0x81, 0x14, 0x80, 0x13, 0x88, 0x14, 0x00, 0x13, 0x80, 0x14, 0x82, 0x13, 
	0x80, 0x14, 0x00, 0x13, 0x81, 0x14, 0x03, 0x13, 0x13, 0x14, 0x13, 0x92, 0x14, 0x02, 0x16, 0x16, 
	0x14, 0x80, 0x16, 0x07, 0x14, 0x16, 0x14, 0x14, 0x16, 0x14, 0x14, 0x16, 0x80, 0x14, 0x03, 0x16, 
	0x16, 0x15, 0x16, 0x84, 0x15, 0x00, 0x1F, 0x81, 0x2F, 0x80, 0x2E, 0x06, 0x2F, 0x2E, 0x2E, 0x31, 
	0x2E, 0x2E, 0x2F, 0x82, 0x1F, 0x01, 0x2F, 0x24, 0x82, 0x13, 0x01, 0x0E, 0x0C, 0x80, 0x05, 0x81, 
	0x17, 0x04, 0x05, 0x05, 0x0C, 0x0C, 0x05, 0x80, 0x0C, 0x03, 0x05, 0x0E, 0x0E, 0x05, 0x88, 0x05, 
	0x00, 0x0C, 0x90, 0x05, 0x09, 0x0E, 0x0C, 0x0E, 0x14, 0x16, 0x1F, 0x1F, 0x24, 0x1F, 0x24, 0x86, 
	0x2F, 0x00, 0x2E, 0x82, 0x31, 0x01, 0x2E, 0x2F, 0x87, 0x1F, 0x80, 0x15, 0x01, 0x16, 0x16, 0x8B, 
	0x14, 0x8E, 0x13, 0x05, 0x14, 0x13, 0x14, 0x13, 0x14, 0x14, 0x86, 0x13, 0x80, 0x14, 0x02, 0x13, 
	0x14, 0x14, 0x81, 0x13, 0x80, 0x14, 0x82, 0x13, 0x80, 0x14, 0x81, 0x13, 0x00, 0x14, 0x97, 0x13, 
	0x00, 0x14, 0x83, 0x13, 0x00, 0x14, 0x81, 0x13, 0x01, 0x14, 0x13, 0x80, 0x14, 0x85, 0x13, 0x83, 
	0x14, 0x93, 0x13, 0x8B, 0x14, 0x00, 0x16, 0x83, 0x14, 0x02, 0x16, 0x14, 0x16, 0x80, 0x15, 0x85, 
	0x1F, 0x00, 0x29, 0x81, 0x2F, 0x00, 0x2E, 0x82, 0x31, 0x80, 0x2E, 0x01, 0x2F, 0x2F, 0x81, 0x2E, 
	0x01, 0x2F, 0x2F, 0x80, 0x24, 0x03, 0x1F, 0x16, 0x13, 0x0C, 0x82, 0x05, 0x00, 0x0C, 0x89, 0x05, 
	0x01, 0x0C, 0x0C, 0x82, 0x05, 0x80, 0x0C, 0x81, 0x05, 0x86, 0x05, 0x01, 0x0C, 0x0C, 0x80, 0x05, 
	0x80, 0x0C, 0x80, 0x05, 0x00, 0x0C, 0x94, 0x05, 0x80, 0x0C, 0x81, 0x0E, 0x03, 0x14, 0x14, 0x16, 
	0x14, 0x80, 0x16, 0x06, 0x15, 0x15, 0x1F, 0x15, 0x1F, 0x2F, 0x2F, 0x88, 0x2E, 0x02, 0x31, 0x31, 
	0x2E, 0x84, 0x2F, 0x87, 0x1F, 0x02, 0x15, 0x15, 0x16, 0x84, 0x14, 0xC8, 0x13, 0x02, 0x14, 0x13, 
	0x14, 0x98, 0x13, 0x00, 0x14, 0x81, 0x13, 0x81, 0x14, 0x01, 0x16, 0x16, 0x80, 0x15, 0x85, 0x1F, 
	0x85, 0x2F, 0x01, 0x2E, 0x31, 0x8B, 0x2E, 0x00, 0x2F, 0x82, 0x1F, 0x06, 0x15, 0x16, 0x15, 0x16, 
	0x15, 0x14, 0x13, 0x81, 0x0E, 0x82, 0x0C, 0x01, 0x05, 0x0C, 0x80, 0x05, 0x81, 0x0C, 0x82, 0x05, 
	0x80, 0x0C, 0x01, 0x05, 0x0E, 0x82, 0x05, 0x82, 0x0C, 0x80, 0x05, 0x82, 0x0C, 0x81, 0x05, 0x01, 
	0x05, 0x0C, 0x84, 0x05, 0x81, 0x0C, 0x03, 0x05, 0x0C, 0x0C, 0x05, 0x85, 0x0C, 0x01, 0x0E, 0x0E, 
	0x81, 0x0C, 0x80, 0x05, 0x80, 0x0C, 0x02, 0x0E, 0x05, 0x0E, 0x80, 0x05, 0x81, 0x0C, 0x00, 0x05, 
	0x80, 0x0E, 0x03, 0x05, 0x05, 0x0E, 0x0C, 0x81, 0x0E, 0x04, 0x05, 0x0E, 0x0C, 0x05, 0x0C, 0x80, 
	0x05, 0x00, 0x0C, 0x81, 0x05, 0x02, 0x0C, 0x0E, 0x0E, 0x81, 0x13, 0x04, 0x14, 0x15, 0x1F, 0x1F, 
	0x24, 0x8B, 0x1F, 0x8C, 0x2F, 0x83, 0x2E, 0x85, 0x2F, 0x00, 0x29, 0x89, 0x1F, 0x00, 0x29, 0x8A, 
	0x1F, 0x00, 0x29, 0x80, 0x1F, 0x00, 0x29, 0x80, 0x1F, 0x82, 0x29, 0x80, 0x1F, 0x00, 0x29, 0x82, 
	0x1F, 0x08, 0x29, 0x29, 0x2F, 0x1F, 0x24, 0x24, 0x29, 0x2F, 0x29, 0x80, 0x1F, 0x05, 0x29, 0x29, 
	0x2F, 0x2F, 0x1F, 0x24, 0x86, 0x2F, 0x84, 0x2E, 0x8A, 0x2F, 0x00, 0x24, 0x88, 0x1F, 0x04, 0x2F, 
	0x2F, 0x29, 0x24, 0x15, 0x80, 0x14, 0x80, 0x13, 0x02, 0x0E, 0x0C, 0x0C, 0x81, 0x0E, 0x01, 0x0C, 
	0x0C, 0x88, 0x0E, 0x00, 0x0C, 0x83, 0x0E, 0x04, 0x0C, 0x05, 0x0C, 0x0E, 0x0C, 0x83, 0x0E, 0x80, 
	0x05, 0x01, 0x0C, 0x0C, 0x80, 0x0E, 0x03, 0x0C, 0x0C, 0x0E, 0x0C, 0x80, 0x0E, 0x00, 0x0C, 0x81, 
	0x05, 0x01, 0x0C, 0x0C, 0x81, 0x05, 0x04, 0x0C, 0x0C, 0x05, 0x0C, 0x0E, 0x80, 0x0C, 0x01, 0x05, 
	0x05, 0x01, 0x05, 0x0C, 0x85, 0x05, 0x07, 0x0C, 0x0C, 0x05, 0x05, 0x0C, 0x0C, 0x05, 0x05, 0x81, 
	0x0C, 0x80, 0x05, 0x82, 0x0C, 0x06, 0x05, 0x0E, 0x0C, 0x0C, 0x05, 0x0C, 0x0C, 0x84, 0x05, 0x82, 
	0x0C, 0x0D, 0x05, 0x05, 0x0C, 0x0C, 0x0E, 0x0E, 0x05, 0x0C, 0x0C, 0x05, 0x0E, 0x0C, 0x05, 0x0C, 
	0x92, 0x05, 0x00, 0x0C, 0x84, 0x05, 0x80, 0x0C, 0x02, 0x05, 0x05, 0x0E, 0x81, 0x0C, 0x84, 0x0E, 
	0x02, 0x13, 0x0E, 0x0E, 0x82, 0x13, 0x84, 0x14, 0x85, 0x15, 0x8E, 0x1F, 0x83, 0x2F, 0x89, 0x2E, 
	0x82, 0x2F, 0x01, 0x29, 0x29, 0x88, 0x1F, 0x00, 0x15, 0x85, 0x1F, 0x81, 0x15, 0x83, 0x14, 0x83, 
	0x13, 0x81, 0x0E, 0x03, 0x0C, 0x0E, 0x0E, 0x05, 0x80, 0x0C, 0x80, 0x0E, 0x01, 0x0C, 0x0C, 0x81, 
	0x05, 0x01, 0x0C, 0x0C, 0x83, 0x05, 0x01, 0x0C, 0x0C, 0x81, 0x05, 0x01, 0x0C, 0x0C, 0x82, 0x05, 
	0x00, 0x0C, 0x88, 0x05, 0x00, 0x0E, 0x80, 0x05, 0x0B, 0x0E, 0x0C, 0x05, 0x0C, 0x05, 0x05, 0x0E, 
	0x0C, 0x0E, 0x0C, 0x0E, 0x0E, 0x82, 0x0C, 0x05, 0x0E, 0x05, 0x05, 0x0C, 0x05, 0x05, 0x82, 0x0C, 
	0x82, 0x05, 0x86, 0x0C, 0x04, 0x05, 0x0C, 0x0C, 0x05, 0x05, 0x81, 0x0C, 0x01, 0x05, 0x05, 0x05, 
	0x05, 0x05, 0x0C, 0x05, 0x05, 0x0C, 0x80, 0x05, 0x80, 0x0C, 0x82, 0x05, 0x81, 0x0C, 0x81, 0x05, 
	0x82, 0x0C, 0x01, 0x0E, 0x0C, 0x80, 0x05, 0x81, 0x0C, 0x82, 0x05, 0x81, 0x0C, 0x0C, 0x05, 0x0C, 
	0x05, 0x05, 0x0C, 0x0E, 0x0C, 0x0E, 0x05, 0x05, 0x0E, 0x05, 0x0C, 0x80, 0x05, 0x0F, 0x0C, 0x05, 
	0x05, 0x0E, 0x0E, 0x0C, 0x0C, 0x05, 0x0C, 0x0E, 0x0C, 0x05, 0x0C, 0x0C, 0x05, 0x05, 0x82, 0x0C, 
	0x00, 0x0E, 0x81, 0x05, 0x02, 0x0E, 0x05, 0x0C, 0x80, 0x05, 0x03, 0x0C, 0x0E, 0x0C, 0x17, 0x80, 
	0x0E, 0x02, 0x05, 0x0C, 0x0C, 0x80, 0x0E, 0x80, 0x0C, 0x80, 0x0E, 0x04, 0x05, 0x05, 0x0C, 0x05, 
	0x0C, 0x80, 0x05, 0x07, 0x0C, 0x0C, 0x0E, 0x05, 0x0E, 0x05, 0x0C, 0x0C, 0x84, 0x05, 0x03, 0x0C, 
	0x05, 0x17, 0x17, 0x85, 0x05, 0x03, 0x0C, 0x05, 0x05, 0x0C, 0x80, 0x05, 0x04, 0x0C, 0x05, 0x0C, 
	0x05, 0x0C, 0x85, 0x05, 0x05, 0x0C, 0x17, 0x05, 0x0C, 0x05, 0x0C, 0x89, 0x05, 0x80, 0x0C, 0x80, 
	0x05, 0x00, 0x17, 0x83, 0x05, 0x00, 0x0C, 0x84, 0x05, 0x0D, 0x0E, 0x0E, 0x0C, 0x05, 0x05, 0x0C, 
	0x05, 0x0C, 0x05, 0x0E, 0x0E, 0x05, 0x0E, 0x0E, 0x83, 0x05, 0x0A, 0x0C, 0x17, 0x13, 0x05, 0x0C, 
	0x05, 0x0C, 0x0C, 0x05, 0x05, 0x0C, 0x86, 0x05, 0x80, 0x0E, 0x01, 0x05, 0x0C, 0x80, 0x05, 0x01, 
	0x0C, 0x0C, 0x83, 0x05, 0x00, 0x0E, 0x82, 0x05, 0x01, 0x0C, 0x0C, 0x81, 0x05, 0x05, 0x0C, 0x05, 
	0x05, 0x0E, 0x05, 0x0C, 0x83, 0x05, 0x04, 0x0C, 0x0E, 0x0C, 0x05, 0x0E, 0x81, 0x05, 0x01, 0x0C, 
	0x05, 0x82, 0x0C, 0x01, 0x05, 0x05, 0x82, 0x0C, 0x82, 0x05, 0x02, 0x0C, 0x05, 0x05, 0xFF, 0x05, 
	0xFF, 0x05, 0xB9, 0x05, 
};
